# Dicionario de Abreviaturas — IR 14-06, Art. 32 a 35
# Fonte: MD33-M-02, Manual de Abreviaturas, Siglas, Simbolos e Convencoes
#        Cartograficas das Forcas Armadas, 3a Edicao/2008, Capitulo IV.
# Gerado por scripts/governanca/extrair_abreviaturas_md33.py — nao editar a mao.
# inicial_conjunto: MD33-M-02, 3.1.9 — abreviavel por essa inicial quando em conjunto.
# A abreviatura NAO e chave unica: 3.1.17 preve duplicidade de simbologia.
abreviatura,termo,sinonimos,termo_completo,inicial_conjunto,somente_conjunto,origem
A Dispo,À Disposição,,À Disposição,,,MD33-M-02
APD,A partir de,,A partir de,,,MD33-M-02
AP,A postos,,A postos,,,MD33-M-02
ASD,A ser determinado,,A ser determinado,,,MD33-M-02
Abst,Abastecimento,Abastecer;Abastecedor,"Abastecimento, Abastecer, Abastecedor (A)",A,,MD33-M-02
Aba,Abater,Abate;Abatedor,"Abater, Abate, Abatedor",,,MD33-M-02
Abts,Abatis,,Abatis,,,MD33-M-02
Abo,Abono,Abonar;Abonador;Abonável,"Abono, Abonar, Abonador, Abonável",,,MD33-M-02
Abrd,Abordar,Abordagem;Abordável,"Abordar, Abordagem, Abordável",,,MD33-M-02
Abt,Abortar,Aborto,"Abortar, Aborto",,,MD33-M-02
Abtv,Abortiva,,Abortiva,,,MD33-M-02
Abrev,Abreviar,Abreviatura;Abreviador,"Abreviar, Abreviatura, Abreviador",,,MD33-M-02
Abg,Abrigo,Abrigar;Abrigador,"Abrigo, Abrigar, Abrigador",,,MD33-M-02
Ab,Abrir,Abertura;Abridor,"Abrir, Abertura, Abridor",,,MD33-M-02
Abs,Absoluto,,Absoluto,,,MD33-M-02
Acamp,Acampamento,Acampar,"Acampamento, Acampar",,,MD33-M-02
Acant,Acantonamento,Acantonar,"Acantonamento, Acantonar",,,MD33-M-02
Aces,Ação Aç Acessar,Acessibilidade;Acessível;Acesso,"Ação (A) Aç Acessar, Acessibilidade, Acessível, Acesso (A)",A,,MD33-M-02
TDMA,Acesso Múltiplo por Divisão do Tempo (Time Division Multiple Access),,Acesso Múltiplo por Divisão do Tempo (Time Division Multiple Access),,,MD33-M-02
Acs,Acessório,,Acessório,,,MD33-M-02
Acdt,Acidente,Acidental;Acidentar,"Acidente, Acidental, Acidentar",,,MD33-M-02
Acn,Acionar,Acionador;Acionamento;Acionável,"Acionar, Acionador, Acionamento, Acionável",,,MD33-M-02
Aclh,Acolher,Acolhimento;Acolhedor,"Acolher, Acolhimento, Acolhedor",,,MD33-M-02
Acomp,Acompanhar,Acompanhamento;Acompanhante,"Acompanhar, Acompanhamento, Acompanhante",,,MD33-M-02
Acd,Acordo,Acordar;Acorde,"Acordo, Acordar, Acorde",,,MD33-M-02
Acresc,Acrescentar,Acréscimo,"Acrescentar, Acréscimo",,,MD33-M-02
Acu,Acumulador,Acumular;Acúmulo;Acumulativo;Acumulável,"Acumulador, Acumular, Acúmulo, Acumulativo, Acumulável",,,MD33-M-02
Acs,Acusar,Acusação;Acusador;Acusável,"Acusar, Acusação, Acusador, Acusável",,,MD33-M-02
Adp,Adaptar,Adaptação;Adaptador;Adaptativo;Adaptável,"Adaptar, Adaptação, Adaptador, Adaptativo, Adaptável",,,MD33-M-02
Ado,Adendo,,Adendo,,,MD33-M-02
Adeqd,Adequação,Adequar;Adequável,"Adequação, Adequar, Adequável",,,MD33-M-02
Adst,Adestramento,Adestrar;Adestrador;Adestrável,"Adestramento, Adestrar, Adestrador, Adestrável",,,MD33-M-02
Adia,Adiamento,Adiar;Adiavel,"Adiamento, Adiar, Adiavel",,,MD33-M-02
Adnt,Adiantamento,Adiantar;Adiantável,"Adiantamento, Adiantar, Adiantável",,,MD33-M-02
Adc TS,Adicional de Tempo de Serviço,,Adicional de Tempo de Serviço,,,MD33-M-02
Adc,Adicional,Adicionar;Adicionável,"Adicional, Adicionar, Adicionável",,,MD33-M-02
Adi,Adido,,Adido,,,MD33-M-02
Adt,Aditamento,Aditar;Aditável,"Aditamento, Aditar, Aditável",,,MD33-M-02
Adj,Adjunto,,Adjunto,,,MD33-M-02
Adm,Administração,Administrativo;Administrável;Administrar,"Administração, Administrativo, Administrável, Administrar (A)",A,,MD33-M-02
Adms,Admissão,Admissível,"Admissão, Admissível",,,MD33-M-02
Admt,Admitir,,Admitir,,,MD33-M-02
Adq,Adquirir,,Adquirir,,,MD33-M-02
Adv,Adversário,Adverso,"Adversário, Adverso",,,MD33-M-02
AGU,Advocacia-Geral da União,,Advocacia-Geral da União,,,MD33-M-02
Ae,Aéreo,,Aéreo (A),A,,MD33-M-02
Aecl,Aeroclube,,Aeroclube,,,MD33-M-02
Adrm,Aeródromo,,Aeródromo (A),A,,MD33-M-02
Aepc,Aeroespacial,,Aeroespacial,,,MD33-M-02
Afg,Aerofotogrametria,Aerofotogramétrico,"Aerofotogrametria, Aerofotogramétrico",,,MD33-M-02
Aem,Aeromédica,,Aeromédica,,,MD33-M-02
Amv,Aeromóvel,,Aeromóvel,,,MD33-M-02
Aer,Aeronáutica,,Aeronáutica,,,MD33-M-02
Aernav,Aeronaval,,Aeronaval (A),A,,MD33-M-02
Anv,Aeronave,,Aeronave,,,MD33-M-02
AIFP,Aeronave Indisponível por Falta de Peças,,Aeronave Indisponível por Falta de Peças,,,MD33-M-02
ANCE,Aeronave Não Completamente Equipada,,Aeronave Não Completamente Equipada,,,MD33-M-02
ANT,Aeronave Não-Tripulada,,Aeronave Não-Tripulada,,,MD33-M-02
AOG,Aeronave no Solo (Aircraft on Ground),,Aeronave no Solo (Aircraft on Ground),,,MD33-M-02
Anvg,Aeronavegabilidade,Aeronavegante,"Aeronavegabilidade, Aeronavegante",,,MD33-M-02
Aprt,Aeroporto,,Aeroporto,,,MD33-M-02
Aetat,Aerotática,,Aerotática (A),A,,MD33-M-02
Aet,Aeroterrestre,,Aeroterrestre,,,MD33-M-02
Aetrnp,Aerotransportado,Aerotransporte;Aerotransportável,"Aerotransportado, Aerotransporte, Aerotransportável",,,MD33-M-02
Awy,Aerovia (Airway),,Aerovia (Airway),,,MD33-M-02
Afs,Afastamento,Afastar;Afastador,"Afastamento, Afastar, Afastador",,,MD33-M-02
Afr,Aferir,Aferição;Aferidor,"Aferir, Aferição, Aferidor",,,MD33-M-02
Aft,Afetar,Afetivo;Afetividade,"Afetar, Afetivo, Afetividade",,,MD33-M-02
Afi,Afirmar,Afirmativo;Afirmação;Afirmador,"Afirmar, Afirmativo, Afirmação, Afirmador",,,MD33-M-02
Age,Agência,Agenciador;Agenciar,"Agência (A), Agenciador, Agenciar",A,,MD33-M-02
ACP,Agência da Capitania dos Portos,,Agência da Capitania dos Portos,,,MD33-M-02
AI,Agência de Inteligência,,Agência de Inteligência,,,MD33-M-02
Agt,Agente,,Agente (A),A,,MD33-M-02
ACI,Agente de Controle Interno,,Agente de Controle Interno,,,MD33-M-02
ASV,Agente de Segurança de Vôo,,Agente de Segurança de Vôo,,,MD33-M-02
Agit,Agitação,Agitar;Agitador;Agitável,"Agitação, Agitar, Agitador, Agitável",,,MD33-M-02
Agrc,Agraciar,Agraciador,"Agraciar, Agraciador",,,MD33-M-02
Agrv,Agravamento,Agravar,"Agravamento, Agravar",,,MD33-M-02
Agg,Agregação,Agregar;Agregador,"Agregação, Agregar, Agregador",,,MD33-M-02
Agr,Agressor,Agressão;Agredir,"Agressor, Agressão, Agredir",,,MD33-M-02
Agpt,Agrupamento,,Agrupamento,,,MD33-M-02
Agp,Agrupar,,Agrupar,,,MD33-M-02
Agu,Água,,Água (A),A,,MD33-M-02
Agd,Aguardar,,Aguardar,,,MD33-M-02
Aj AA,Ajudante de Alocador de Armas,,Ajudante de Alocador de Armas,,,MD33-M-02
Aj CC,Ajudante de Chefe Controlador,,Ajudante de Chefe Controlador,,,MD33-M-02
Aj CCAO,Ajudante de Controlador de Circulação Aérea Operacional,,Ajudante de Controlador de Circulação Aérea Operacional,,,MD33-M-02
Aj CI,Ajudante de Controlador de Interceptação,,Ajudante de Controlador de Interceptação,,,MD33-M-02
Aj ODM,Ajudante de Operador de Disponibilidade de Meios,,Ajudante de Operador de Disponibilidade de Meios,,,MD33-M-02
Aj SDA,Ajudante de Supervisor de Defesa Aeroespacial,,Ajudante de Supervisor de Defesa Aeroespacial,,,MD33-M-02
Aj SDAP,Ajudante de Supervisor de Defesa Aeroespacial Passiva,,Ajudante de Supervisor de Defesa Aeroespacial Passiva,,,MD33-M-02
Aj SRDA,Ajudante de Supervisor de Região de Defesa Aeroespacial,,Ajudante de Supervisor de Região de Defesa Aeroespacial,,,MD33-M-02
Aj,Ajudante,Ajudar;Ajudância,"Ajudante, Ajudar, Ajudância",,,MD33-M-02
Ajust,Ajustar,Ajustagem;Ajuste;Ajustador;Ajustável,"Ajustar, Ajustagem, Ajuste, Ajustador, Ajustável",,,MD33-M-02
AEW,Alarme Aéreo Antecipado (Airborne Early Warning),,Alarme Aéreo Antecipado (Airborne Early Warning),,,MD33-M-02
Alm D Aepc,Alarme da Defesa Aeroespacial,,Alarme da Defesa Aeroespacial,,,MD33-M-02
Alm D Aepc Pas,Alarme de Defesa Aeroespacial Passiva,,Alarme de Defesa Aeroespacial Passiva,,,MD33-M-02
Alm,Alarme,Alarmar;Alarmante,"Alarme, Alarmar, Alarmante",,,MD33-M-02
A,Alça,,Alça,,sim,MD33-M-02
Alc,Alcançar,Alcance;Alcançável,"Alcançar, Alcance, Alcançável",,,MD33-M-02
RVR,Alcance Visual da Pista (Runway Visual Range),,Alcance Visual da Pista (Runway Visual Range),,,MD33-M-02
Alcl,Álcool,Alcoolizar,"Álcool, Alcoolizar",,,MD33-M-02
BVR,Além do Alcance Visual (Beyond Visual Range),,Além do Alcance Visual (Beyond Visual Range),,,MD33-M-02
Alr,Alerta,Alertar,"Alerta, Alertar",,,MD33-M-02
Ald,Aliado,,Aliado,,,MD33-M-02
Aln,Alienação,Alienar;Alienável;Alienador,"Alienação, Alienar, Alienável, Alienador",,,MD33-M-02
Alj,Alijamento,Alijar;Alijável,"Alijamento, Alijar, Alijável",,,MD33-M-02
Almt,Alimentar,Alimento;Alimentação;Alimentador;Alimentício,"Alimentar, Alimento, Alimentação, Alimentador, Alimentício",,,MD33-M-02
Alist,Alistar,Alistamento;Alistador;Alistável,"Alistar, Alistamento, Alistador, Alistável",,,MD33-M-02
Almq,Almanaque,,Almanaque,,,MD33-M-02
Almo,Almoço,Almoçar,"Almoço, Almoçar",,,MD33-M-02
Almx,Almoxarife,Almoxarifado,"Almoxarife, Almoxarifado",,,MD33-M-02
Aloc A,Alocador de Armas,,Alocador de Armas,,,MD33-M-02
Aloc,Alocar,Alocador,"Alocar, Alocador",,,MD33-M-02
Aljt,Alojamento,,Alojamento,,,MD33-M-02
AADA,Alta Autoridade de Defesa Aeroespacial,,Alta Autoridade de Defesa Aeroespacial,,,MD33-M-02
HF,Alta Freqüência (High Frequency),,Alta Freqüência (High Frequency),,,MD33-M-02
Al,Alta,Alto,"Alta, Alto (A)",A,,MD33-M-02
AP,Alteração de Proa,,Alteração de Proa,,,MD33-M-02
Alt,Alteração,Alterar;Alterador;Alterável,"Alteração, Alterar, Alterador, Alterável",,,MD33-M-02
Altn,Alternativa (o),Alternar;Alternador,"Alternativa (o), Alternar, Alternador",,,MD33-M-02
Altm,Altimetria,,Altimetria,,,MD33-M-02
Alti,Altitude,,Altitude,,,MD33-M-02
AMS,Altitude Mínima de Setor,,Altitude Mínima de Setor,,,MD33-M-02
AE,Alto Explosivo,,Alto Explosivo,,,MD33-M-02
A Gd,Alto Guardado,,Alto Guardado,,,MD33-M-02
ABBA,Alto-Baixo-Baixo-Alto,,Alto-Baixo-Baixo-Alto,,,MD33-M-02
AC,Alto-cúmulo,,Alto-cúmulo,,,MD33-M-02
AS,Alto-estrato (Alto-stratus),,Alto-estrato (Alto-stratus),,,MD33-M-02
Altu,Altura,,Altura,,,MD33-M-02
Altu L,Altura de Lançamento,,Altura de Lançamento,,,MD33-M-02
Alu,Aluno,,Aluno,,,MD33-M-02
A,Alvo,,Alvo,,sim,MD33-M-02
AA,Alvo Auxiliar,,Alvo Auxiliar,,,MD33-M-02
Am,Amarela,,Amarela,,,MD33-M-02
Amr,Amarrar,Amarração;Amarrador,"Amarrar, Amarração, Amarrador",,,MD33-M-02
Amz,Amazônia,,Amazônia,,,MD33-M-02
Ambi,Ambiente,Ambientar;Ambiental,"Ambiente, Ambientar, Ambiental",,,MD33-M-02
Amb,Ambulância,,Ambulância (A),A,,MD33-M-02
Ambt,Ambulatório,,Ambulatório,,,MD33-M-02
Amg,Ameaça,Ameaçar;Ameaçador Amç Amiga,"Ameaça, Ameaçar, Ameaçador Amç Amiga",,,MD33-M-02
Ampl,Ampliação,Amplitude;Ampliar;Ampliador;Ampliável,"Ampliação, Amplitude, Ampliar, Ampliador, Ampliável",,,MD33-M-02
AM,Amplitude Modulada,,Amplitude Modulada,,,MD33-M-02
Anl,Analisar,Analisável;Análise;Analista,"Analisar, Analisável, Análise, Analista (A)",A,,MD33-M-02
Anc,Ancoragem,Ancorar;Ancoradouro,"Ancoragem, Ancorar, Ancoradouro",,,MD33-M-02
And,Andamento,,Andamento,,,MD33-M-02
An,Anexar,Anexo,"Anexar, Anexo",,,MD33-M-02
Anf,Anfíbio,,Anfíbio (A),A,,MD33-M-02
Ang,Angular,Ângulo,"Angular, Ângulo (A)",A,,MD33-M-02
A At,Ângulo de Ataque,,Ângulo de Ataque,,,MD33-M-02
AV,Ângulo de Vigilância,,Ângulo de Vigilância,,,MD33-M-02
Ani,Animal,,Animal,,,MD33-M-02
Aniv,Aniversário,Aniversariar;Aniversariante,"Aniversário, Aniversariar, Aniversariante",,,MD33-M-02
Atgn,Antagonismo,Antagonizar;Antagonista,"Antagonismo, Antagonizar, Antagonista",,,MD33-M-02
Atcd,Antecedência,Anteceder;Antecedente,"Antecedência, Anteceder, Antecedente",,,MD33-M-02
Atcp,Antecipar,Antecipável,"Antecipar, Antecipável",,,MD33-M-02
Ant,Antena,,Antena,,,MD33-M-02
Antr,Anterior,Anteriormente;Anterioridade,"Anterior, Anteriormente, Anterioridade",,,MD33-M-02
A,Anti,,Anti,,sim,MD33-M-02
A Ae,Antiaéreo,,Antiaéreo,,,MD33-M-02
AC,Anticarro,,Anticarro,,,MD33-M-02
A Crp,Anticorpo,,Anticorpo,,,MD33-M-02
Antg,Antigo,Antiguidade,"Antigo, Antiguidade",,,MD33-M-02
A Mec,Antimecanizado,,Antimecanizado,,,MD33-M-02
Ap,Antipessoal,,Antipessoal,,,MD33-M-02
AS,Anti-submarino,,Anti-submarino,,,MD33-M-02
A Spf,Anti-superfície,,Anti-superfície,,,MD33-M-02
Anul,Anulação,Anular;Anulador;Anulável,"Anulação, Anular, Anulador, Anulável",,,MD33-M-02
Anc,Anúncio,Anunciador;Anunciar;Anunciável,"Anúncio, Anunciador, Anunciar, Anunciável",,,MD33-M-02
Apd,Apêndice,,Apêndice,,,MD33-M-02
Aperf,Aperfeiçoamento,Aperfeiçoar;Aperfeiçoador;Aperfeiçoável,"Aperfeiçoamento, Aperfeiçoar (A), Aperfeiçoador, Aperfeiçoável",A,,MD33-M-02
Apl,Aplicação,Aplicar;Aplicador;Aplicável,"Aplicação, Aplicar, Aplicador, Aplicável",,,MD33-M-02
ACPH,Apoio Cerrado Previsto a Horário,,Apoio Cerrado Previsto a Horário,,,MD33-M-02
AFN,Apoio de Fogo Naval,,Apoio de Fogo Naval,,,MD33-M-02
Ap M,Apoio Mútuo,,Apoio Mútuo,,,MD33-M-02
Ap P,Apoio Pesado,,Apoio Pesado,,,MD33-M-02
Ap T,Apoio por Tarefa,,Apoio por Tarefa,,,MD33-M-02
Ap,Apoio,Apoiar;Apoiado Apoiante;Apoiador,"Apoio, Apoiar, Apoiado (A) Apoiante, Apoiador",A,,MD33-M-02
Apt,Apontar,Apontável;Apontador,"Apontar, Apontável, Apontador",,,MD33-M-02
AIDP,Após iniciado o deslocamento a pé,,Após iniciado o deslocamento a pé,,,MD33-M-02
AIDM,Após iniciado o deslocamento motorizado,,Após iniciado o deslocamento motorizado,,,MD33-M-02
Apst,Aposentar,Aposentador;Aposentadoria,"Aposentar, Aposentador, Aposentadoria",,,MD33-M-02
Aps,Apossar-se,,Apossar-se,,,MD33-M-02
Aptl,Apostila,Apostilado;Apostilar,"Apostila, Apostilado, Apostilar",,,MD33-M-02
Aprec,Apreciação,Apreciar;Apreciador;Apreciável,"Apreciação, Apreciar, Apreciador, Apreciável",,,MD33-M-02
Apre,Apreender,Apreensão;Apreensível;Apreendedor,"Apreender, Apreensão, Apreensível, Apreendedor",,,MD33-M-02
AM,Aprendiz-Marinheiro,,Aprendiz-Marinheiro,,,MD33-M-02
Apres,Apresentação,Apresentar;Apresentável;Apresentador,"Apresentação, Apresentar, Apresentável, Apresentador",,,MD33-M-02
Apr,Aprestamento,Aprestar;Aprestável;Aprestador,"Aprestamento, Aprestar, Aprestável, Aprestador",,,MD33-M-02
Aprf,Aprofundamento,Aprofundar;Aprrofundável;Aprofundador,"Aprofundamento, Aprofundar, Aprrofundável, Aprofundador",,,MD33-M-02
Aprn,Apronto,Aprontar,"Apronto, Aprontar",,,MD33-M-02
Aprp,Apropriação,Apropriar;Apropriador,"Apropriação, Apropriar, Apropriador",,,MD33-M-02
Aprov,Aprovação,Aprovar;Aprovável;Aprovador,"Aprovação, Aprovar, Aprovável, Aprovador",,,MD33-M-02
Apvt,Aproveitamento,Aproveitar;Aprovetitável;Aproveitador,"Aproveitamento, Aproveitar, Aprovetitável, Aproveitador",,,MD33-M-02
Aprv,Aprovisionamento,Aprovisionador;Aprovisionar,"Aprovisionamento, Aprovisionador, Aprovisionar",,,MD33-M-02
GCA,Aproximação Controlada do Solo ou de Terra (Ground Control Approach),,Aproximação Controlada do Solo ou de Terra (Ground Control Approach),,,MD33-M-02
Aprx,Aproximar,Aproximação,"Aproximar, Aproximação (A)",A,,MD33-M-02
Aptd,Aptidão,,Aptidão,,,MD33-M-02
Apur,Apurar,Apuração;Apurador,"Apurar, Apuração, Apurador",,,MD33-M-02
Aq,Aquático,,Aquático,,,MD33-M-02
Aqs,Aquisição,,Aquisição,,,MD33-M-02
A/A,Ar/Ar,,Ar/Ar,,,MD33-M-02
A/S,Ar/Superfície,,Ar/Superfície,,,MD33-M-02
Arb,Arbitrar,Arbitragem;Árbitro;Arbitral,"Arbitrar, Arbitragem, Árbitro, Arbitral",,,MD33-M-02
A,Área,,Área,,sim,MD33-M-02
AaP,Área a proteger,,Área a proteger,,,MD33-M-02
A Ap F,Área de Apoio de Fogo,,Área de Apoio de Fogo,,,MD33-M-02
A Ap P,Área de Apoio de Praia,,Área de Apoio de Praia,,,MD33-M-02
A Ap Sv Cmb,Área de Apoio de Serviços ao Combate,,Área de Apoio de Serviços ao Combate,,,MD33-M-02
A Ap Z Dbq,Área de Apoio de Zona de Desembarque,,Área de Apoio de Zona de Desembarque,,,MD33-M-02
A Cmb,Área de Combate,,Área de Combate,,,MD33-M-02
A Ct ou CTA,Área de Controle (Control Area),,Área de Controle (Control Area),,,MD33-M-02
AC Ca,Área de Controle de Caça,,Área de Controle de Caça,,,MD33-M-02
TMA,Área de Controle Terminal (Terminal Area),,Área de Controle Terminal (Terminal Area),,,MD33-M-02
ACF,Área de Coordenação de Fogos,,Área de Coordenação de Fogos,,,MD33-M-02
ADI,Área de Defesa Interna,,Área de Defesa Interna,,,MD33-M-02
ADT,Área de Defesa Territorial,,Área de Defesa Territorial,,,MD33-M-02
A Dbq,Área de Desembarque,,Área de Desembarque,,,MD33-M-02
A Dbq Rib,Área de Desembarque Ribeirinho,,Área de Desembarque Ribeirinho,,,MD33-M-02
AFL,Área de Fogo Livre,,Área de Fogo Livre,,,MD33-M-02
AFP,Área de Fogo Proibido,,Área de Fogo Proibido,,,MD33-M-02
AMD,Área de Minagem Defensiva,,Área de Minagem Defensiva,,,MD33-M-02
A Op,Área de Operações,,Área de Operações,,,MD33-M-02
A Op C,Área de Operações Combinadas,,Área de Operações Combinadas,,,MD33-M-02
AOGI,Área de Operações de Guerra Irregular,,Área de Operações de Guerra Irregular,,,MD33-M-02
APT,Área de Perigo Torpédico,,Área de Perigo Torpédico,,,MD33-M-02
A Rst,Área de Resistência,,Área de Resistência,,,MD33-M-02
ARP,Área de Responsabilidade,,Área de Responsabilidade,,,MD33-M-02
ARE,Área de Reunião de Evacuados,,Área de Reunião de Evacuados,,,MD33-M-02
ARTM,Área de Risco ao Tráfego Marítimo,,Área de Risco ao Tráfego Marítimo,,,MD33-M-02
ASP,Área de Segurança do Porto,,Área de Segurança do Porto,,,MD33-M-02
ASN,Área de Segurança Nacional,,Área de Segurança Nacional,,,MD33-M-02
AT,Área de Trens,,Área de Trens,,,MD33-M-02
ATU,Área de Trens de Unidade,,Área de Trens de Unidade,,,MD33-M-02
AOA,Área do Objetivo Anfíbio,,Área do Objetivo Anfíbio,,,MD33-M-02
AG Dbq,Área Geral de Desembarque,,Área Geral de Desembarque,,,MD33-M-02
A Lib,Área Liberada,,Área Liberada,,,MD33-M-02
AM Bra,Área Marítima Brasileira,,Área Marítima Brasileira,,,MD33-M-02
AM Op,Área Marítima de Operações,,Área Marítima de Operações,,,MD33-M-02
AMAS,Área Marítima do Atlântico Sul,,Área Marítima do Atlântico Sul,,,MD33-M-02
AOC,Área Operacional Continental (ou do continente),,Área Operacional Continental (ou do continente),,,MD33-M-02
AOGI,Área Operacional de Guerra Irregular,,Área Operacional de Guerra Irregular,,,MD33-M-02
AOEC,Área Operacional Extracontinental,,Área Operacional Extracontinental,,,MD33-M-02
A Rib,Área Ribeirinha,,Área Ribeirinha,,,MD33-M-02
ATDP,Área Terrestre de Defesa do Porto,,Área Terrestre de Defesa do Porto,,,MD33-M-02
Avi,Área Vital,,Área Vital,,,MD33-M-02
AVP,Área Vital de Porto,,Área Vital de Porto,,,MD33-M-02
AOFESP,Áreas Operacionais de Forças Especiais,,Áreas Operacionais de Forças Especiais,,,MD33-M-02
A,Arma,,Arma,,sim,MD33-M-02
A Au,Arma Automática,,Arma Automática,,,MD33-M-02
Ar P,Arma de Proa,,Arma de Proa,,,MD33-M-02
AN,Arma Nuclear,,Arma Nuclear,,,MD33-M-02
Armd,Armadilha,Armado,"Armadilha, Armado",,,MD33-M-02
Armt,Armamento,,Armamento,,,MD33-M-02
Armz,Armazém,Armazenamento;Armazenar;Armazenador,"Armazém, Armazenamento, Armazenar, Armazenador",,,MD33-M-02
Arqt,Arquiteto,Arquitetura;Arquitetar,"Arquiteto, Arquitetura, Arquitetar",,,MD33-M-02
Arq,Arquivar,Arquivo;Arquivista,"Arquivar, Arquivo, Arquivista",,,MD33-M-02
Arch,Arranchar,Arranchamento,"Arranchar, Arranchamento",,,MD33-M-02
Arbt,Arrebentamento,Arrebentar,"Arrebentamento, Arrebentar",,,MD33-M-02
Arrg,Arregimentar,Arregimentação;Arregimentável,"Arregimentar, Arregimentação, Arregimentável",,,MD33-M-02
Ar,Arroio,,Arroio,,,MD33-M-02
Ars,Arsenal,,Arsenal,,,MD33-M-02
Artf,Artificial,Artifício;Artífice,"Artificial, Artifício, Artífice",,,MD33-M-02
Art,Artigo,,Artigo (A),A,,MD33-M-02
AAAe,Artilharia Antiaérea,,Artilharia Antiaérea,,,MD33-M-02
AD,Artilharia Divisionária,,Artilharia Divisionária,,,MD33-M-02
Art P,Artilharia Pesada,,Artilharia Pesada,,,MD33-M-02
Art,Artilharia,Artilhar;Artilheiro,"Artilharia, Artilhar, Artilheiro (A)",A,,MD33-M-02
Asf,Asfalto,Asfaltar,"Asfalto, Asfaltar",,,MD33-M-02
Asp,Aspirante,Aspirar;Aspirador,"Aspirante, Aspirar, Aspirador",,,MD33-M-02
Ass,Assalto,Assaltante;Assaltar,"Assalto, Assaltante (A), Assaltar",A,,MD33-M-02
Asml,Assemelhar,Assemelhado,"Assemelhar, Assemelhado",,,MD33-M-02
Asnt,Assentamentos,Assentar,"Assentamentos, Assentar",,,MD33-M-02
Asse,Assessor,Assessorar;Assessoria;Assessoramento,"Assessor, Assessorar, Assessoria, Assessoramento",,,MD33-M-02
ACSD,Assessoria de Comunicação Social Desdobrada,,Assessoria de Comunicação Social Desdobrada,,,MD33-M-02
AID,Assessoria de Inteligência Desdobrada,,Assessoria de Inteligência Desdobrada,,,MD33-M-02
Asnl,Assinalar,Assinalado;Assinalável;Assinalador,"Assinalar, Assinalado, Assinalável, Assinalador",,,MD33-M-02
Assn,Assinante,Assinar;Assinatura,"Assinante, Assinar, Assinatura",,,MD33-M-02
AMH,Assistência Médico-Hospitalar,,Assistência Médico-Hospitalar,,,MD33-M-02
Asst,Assistente,Assistência;Assistir,"Assistente, Assistência, Assistir (A)",A,,MD33-M-02
ABNT,Associação Brasileira de Normas Técnicas,,Associação Brasileira de Normas Técnicas,,,MD33-M-02
Asc,Associar,Associação;Associável;Associativo,"Associar, Associação, Associável, Associativo",,,MD33-M-02
As,Assunto,,Assunto,,,MD33-M-02
Atc,Atacar,Atacante,"Atacar, Atacante",,,MD33-M-02
Atq,Ataque,,Ataque,,,MD33-M-02
At,Atenção,Atentar,"Atenção, Atentar",,,MD33-M-02
Atd,Atendente,Atender;Atendimento,"Atendente, Atender, Atendimento",,,MD33-M-02
AP,Atendimento Personalizado,,Atendimento Personalizado,,,MD33-M-02
Ater,Aterragem,Aterrar,"Aterragem, Aterrar",,,MD33-M-02
AO,Atestado de Origem,,Atestado de Origem,,,MD33-M-02
APAA,Atestado de Produto Aeronáutico Aprovado,,Atestado de Produto Aeronáutico Aprovado,,,MD33-M-02
Atdr,Atirador,,Atirador,,,MD33-M-02
Att,Atitude,,Atitude,,,MD33-M-02
Atv,Ativação,Atividade;Ativar;Ativo,"Ativação, Atividade, Ativar, Ativo (A)",A,,MD33-M-02
Atlt,Atletismo,Atleta,"Atletismo, Atleta",,,MD33-M-02
Atm,Atmosférica,Atmosfera,"Atmosférica, Atmosfera",,,MD33-M-02
Atom,Atômico,Atomizar,"Atômico, Atomizar",,,MD33-M-02
Ats,Atrasar,Atraso,"Atrasar, Atraso",,,MD33-M-02
Atrb,Atribuição,Atribuído;Atribuir;Atributo,"Atribuição, Atribuído, Atribuir, Atributo",,,MD33-M-02
Atr,Atrito,Atritar,"Atrito, Atritar",,,MD33-M-02
Atu,Atuação,Atuar;Atuador;Atuante,"Atuação, Atuar, Atuador, Atuante",,,MD33-M-02
Atlz,Atualizar,Atualização,"Atualizar, Atualização",,,MD33-M-02
Aud,Auditor,Auditoria;Auditório;Auditar,"Auditor, Auditoria, Auditório, Auditar",,,MD33-M-02
A,Aula,,Aula,,sim,MD33-M-02
Aus,Ausentar,Ausência;Ausente,"Ausentar, Ausência, Ausente",,,MD33-M-02
Attc,Autenticar,Autenticação;Autêntico;Autenticador,"Autenticar, Autenticação, Autêntico, Autenticador",,,MD33-M-02
AI,Auto de Infração,,Auto de Infração,,,MD33-M-02
APF,Auto de Prisão em Flagrante,,Auto de Prisão em Flagrante,,,MD33-M-02
Auto,Auto,Automóvel,"Auto, Automóvel (A)",A,,MD33-M-02
A Def,Autodefesa,,Autodefesa,,,MD33-M-02
Au,Automática,,Automática,,,MD33-M-02
Aut,Autonomia,Autônomo,"Autonomia, Autônomo",,,MD33-M-02
AP,Autopropulsado,,Autopropulsado,,,MD33-M-02
AR,Auto-rebocado,,Auto-rebocado,,,MD33-M-02
Atdd,Autoridade,,Autoridade (A),A,,MD33-M-02
ADA,Autoridade da Defesa Aeroespacial,,Autoridade da Defesa Aeroespacial,,,MD33-M-02
ACO,Autoridade de Controle Operacional,,Autoridade de Controle Operacional,,,MD33-M-02
AC Op,Autoridade de Controle Operativo,,Autoridade de Controle Operativo,,,MD33-M-02
AC Op TOM,Autoridade de Controle Operativo do Teatro de Operações Marítimo,,Autoridade de Controle Operativo do Teatro de Operações Marítimo,,,MD33-M-02
AEA,Autoridade do Espaço Aéreo,,Autoridade do Espaço Aéreo,,,MD33-M-02
AEDA,Autoridade Executiva de Defesa Aeroespacial,,Autoridade Executiva de Defesa Aeroespacial,,,MD33-M-02
AGDA,Autoridade Governamental de Defesa Aérea,,Autoridade Governamental de Defesa Aérea,,,MD33-M-02
AODA,Autoridade Operacional de Defesa Aeroespacial,,Autoridade Operacional de Defesa Aeroespacial,,,MD33-M-02
AIT,Autorização para Inspeção de Tipo,,Autorização para Inspeção de Tipo,,,MD33-M-02
Autz,Autorizar,Autorização,"Autorizar, Autorização (A)",A,,MD33-M-02
Aux,Auxiliar,Auxílio;Auxiliador,"Auxiliar, Auxílio, Auxiliador",,,MD33-M-02
AVA,Avaliação da Ameaça Aeroespacial,,Avaliação da Ameaça Aeroespacial,,,MD33-M-02
Avl I,Avaliação da Instrução,,Avaliação da Instrução,,,MD33-M-02
Avl C,Avaliação do Currículo,,Avaliação do Currículo,,,MD33-M-02
BDA,Avaliação do Dano de Batalha (Battle Damage Assessment),,Avaliação do Dano de Batalha (Battle Damage Assessment),,,MD33-M-02
Avl,Avaliação,Avaliado;Avaliar;Avaliável;Avaliador,"Avaliação, Avaliado, Avaliar (A), Avaliável, Avaliador",A,,MD33-M-02
AEVP,Avançamento e Exploração de Vias Permanentes,,Avançamento e Exploração de Vias Permanentes,,,MD33-M-02
Avr,Avançar,Avanço;Avançada Avç Avaria;Avariar,"Avançar, Avanço, Avançada (A) Avç Avaria, Avariar",A,,MD33-M-02
Avb,Averbação,Averbar,"Averbação, Averbar",,,MD33-M-02
Avrg,Averiguar,Averiguação;Averiguado;Averiguador,"Averiguar, Averiguação, Averiguado, Averiguador",,,MD33-M-02
AAR,Aviação de Asas Rotativas,,Aviação de Asas Rotativas,,,MD33-M-02
Av,Aviação,Avião;Aviador,"Aviação, Avião, Aviador",,,MD33-M-02
Avn,Aviônico,,Aviônico,,,MD33-M-02
Avs,"Aviso (embarcação, documento)",Avisar,"Aviso (embarcação, documento), Avisar",,,MD33-M-02
ALA,Aviso de Limitação de Aeronavegabilidade,,Aviso de Limitação de Aeronavegabilidade,,,MD33-M-02
Az,Azimute,,Azimute,,,MD33-M-02
Azu,Azul,,Azul,,,MD33-M-02
Bag,Bagagem,Bagageiro,"Bagagem, Bagageiro",,,MD33-M-02
Bx F Cmb,Baixa Fora de Combate,,Baixa Fora de Combate,,,MD33-M-02
BV,Baixa Visibilidade,,Baixa Visibilidade,,,MD33-M-02
Bx,Baixa,Baixar,"Baixa, Baixar",,,MD33-M-02
Blc,Balanço,Balancete;Balançar;Balanço;Balancear,"Balanço, Balancete, Balançar, Balanço, Balancear",,,MD33-M-02
Bal,Balão,Balonismo;Balonista,"Balão, Balonismo, Balonista",,,MD33-M-02
Bltc,Balístico,,Balístico,,,MD33-M-02
Blz,Balizamento,Baliza;Balizar;Balizador,"Balizamento, Baliza, Balizar, Balizador",,,MD33-M-02
Bls,Balsa,Balseiro,"Balsa, Balseiro",,,MD33-M-02
DB,Banco de Dados (Data Base),,Banco de Dados (Data Base),,,MD33-M-02
Band,Bandeira,Bandeirola,"Bandeira, Bandeirola",,,MD33-M-02
Ban,Banho,Banheiro;Banhar,"Banho, Banheiro, Banhar",,,MD33-M-02
Barb,Barbeiro,Barbear;Barbeador,"Barbeiro, Barbear, Barbeador",,,MD33-M-02
Brc,Barca ou Barcaça,,Barca ou Barcaça (B),B,,MD33-M-02
BD,Barcaça de Desembarque,,Barcaça de Desembarque,,,MD33-M-02
Bofi,Barca-Oficina,,Barca-Oficina,,,MD33-M-02
Brm,Barema,,Barema,,,MD33-M-02
Br,Barragem,,Barragem (B),B,,MD33-M-02
BE,Barragem Eventual,,Barragem Eventual,,,MD33-M-02
BN,Barragem Normal,,Barragem Normal,,,MD33-M-02
Bar,Barreira,Barrar,"Barreira, Barrar",,,MD33-M-02
Basc,Basculante,Bascular,"Basculante, Bascular",,,MD33-M-02
Ba,Base,,Base (B),B,,MD33-M-02
B Adm,Base Administrativa,,Base Administrativa,,,MD33-M-02
B Ae,Base Aérea,,Base Aérea,,,MD33-M-02
BAP,Base Aérea Projetável,,Base Aérea Projetável,,,MD33-M-02
B Cont,Base Avançada B Avç Base Continental,,Base Avançada B Avç Base Continental,,,MD33-M-02
B Ap,Base de Apoio,,Base de Apoio,,,MD33-M-02
BAI,Base de Apoio Interno,,Base de Apoio Interno,,,MD33-M-02
BCR,Base de Combate Ribeirinho,,Base de Combate Ribeirinho,,,MD33-M-02
BCA,Base de Coordenação Avançada,,Base de Coordenação Avançada,,,MD33-M-02
BFN,Base de Fuzileiros Navais,,Base de Fuzileiros Navais,,,MD33-M-02
B Op,Base de Operações,,Base de Operações,,,MD33-M-02
BOA,Base de Operações Aéreas,,Base de Operações Aéreas,,,MD33-M-02
BOFE,Base de Operações de Forças Especiais,,Base de Operações de Forças Especiais,,,MD33-M-02
BOBAC,Base de Operações do Batalhão Ações de Comandos,,Base de Operações do Batalhão Ações de Comandos,,,MD33-M-02
BOBF Esp,Base de Operações do Batalhão de Forças Especiais,,Base de Operações do Batalhão de Forças Especiais,,,MD33-M-02
BI Ap,Base Intermediária de Apoio,,Base Intermediária de Apoio,,,MD33-M-02
Ba Log,Base Logísitica,,Base Logísitica,,,MD33-M-02
B Ult,Base Ultramarina,,Base Ultramarina,,,MD33-M-02
Bas,Básico,,Básico,,,MD33-M-02
Bat,Batalha,,Batalha (B),B,,MD33-M-02
Btl,Batalhão,,Batalhão (B),B,,MD33-M-02
BGP,Batalhão da Guarda Presidencial,,Batalhão da Guarda Presidencial,,,MD33-M-02
BAC,Batalhão de Ações de Comandos,,Batalhão de Ações de Comandos,,,MD33-M-02
B Ap Op Esp,Batalhão de Apoio às Operações Especiais,,Batalhão de Apoio às Operações Especiais,,,MD33-M-02
BAM,Batalhão de Armamento e Munição,,Batalhão de Armamento e Munição,,,MD33-M-02
Btl Art Fuz Nav,Batalhão de Artilharia de Fuzileiros Navais,,Batalhão de Artilharia de Fuzileiros Navais,,,MD33-M-02
Btl Bld Fuz Nav,Batalhão de Blindados de Fuzileiros Navais,,Batalhão de Blindados de Fuzileiros Navais,,,MD33-M-02
BC,Batalhão de Caçadores,,Batalhão de Caçadores,,,MD33-M-02
Btl Cmdo Ct,Batalhão de Comando e Controle,,Batalhão de Comando e Controle,,,MD33-M-02
B Com,Batalhão de Comunicação,,Batalhão de Comunicação,,,MD33-M-02
Ct Aetat Def AAe,Batalhão de Controle Aerotático e Defesa Antiaérea Btl,,Batalhão de Controle Aerotático e Defesa Antiaérea Btl,,,MD33-M-02
BE Cmb,Batalhão de Engenharia de Combate,,Batalhão de Engenharia de Combate,,,MD33-M-02
BEC,Batalhão de Engenharia de Construção,,Batalhão de Engenharia de Construção,,,MD33-M-02
Btl Eng Fuz Nav,Batalhão de Engenharia de Fuzileiros Navais,,Batalhão de Engenharia de Fuzileiros Navais,,,MD33-M-02
BE Topo,Batalhão de Engenharia Topográfico,,Batalhão de Engenharia Topográfico,,,MD33-M-02
B F Esp,Batalhão de Forças Especiais,,Batalhão de Forças Especiais,,,MD33-M-02
B Fron,Batalhão de Fronteira,,Batalhão de Fronteira,,,MD33-M-02
BG,Batalhão de Guardas,,Batalhão de Guardas,,,MD33-M-02
B He,Batalhão de Helicópteros,,Batalhão de Helicópteros,,,MD33-M-02
BI,Batalhão de Infantaria,,Batalhão de Infantaria,,,MD33-M-02
BIB,Batalhão de Infantaria Blindado,,Batalhão de Infantaria Blindado,,,MD33-M-02
Btl Inf Fuz Nav,Batalhão de Infantaria de Fuzileiros Navais,,Batalhão de Infantaria de Fuzileiros Navais,,,MD33-M-02
BI Mth,Batalhão de Infantaria de Montanha,,Batalhão de Infantaria de Montanha,,,MD33-M-02
BIS,Batalhão de Infantaria de Selva,,Batalhão de Infantaria de Selva,,,MD33-M-02
BIL,Batalhão de Infantaria Leve,,Batalhão de Infantaria Leve,,,MD33-M-02
BI Mtz,Batalhão de Infantaria Motorizado,,Batalhão de Infantaria Motorizado,,,MD33-M-02
BI Pqdt,Batalhão de Infantaria Pára-quedista,,Batalhão de Infantaria Pára-quedista,,,MD33-M-02
Btl Log Fuz Nav,Batalhão de Logística de Fuzileiros Navais,,Batalhão de Logística de Fuzileiros Navais,,,MD33-M-02
BMA,Batalhão de Manutenção de Armamento,,Batalhão de Manutenção de Armamento,,,MD33-M-02
BMM,Batalhão de Motomecanização,,Batalhão de Motomecanização,,,MD33-M-02
B Op Psc,Batalhão de Operações Psicológicas,,Batalhão de Operações Psicológicas,,,MD33-M-02
Btl Op Rib,Batalhão de Operações Ribeirinhas,,Batalhão de Operações Ribeirinhas,,,MD33-M-02
BPE,Batalhão de Polícia do Exército,,Batalhão de Polícia do Exército,,,MD33-M-02
B Rcp,Batalhão de Recompletamento,,Batalhão de Recompletamento,,,MD33-M-02
B,Batalhão de Saúde,,Batalhão de Saúde,C,,MD33-M-02
B Sv,Batalhão de Serviços,,Batalhão de Serviços,,,MD33-M-02
B Sup,Batalhão de Suprimento,,Batalhão de Suprimento,,,MD33-M-02
B Trnp,Batalhão de Transportes,,Batalhão de Transportes,,,MD33-M-02
Btl Vtr Anf,Batalhão de Viaturas Anfíbias,,Batalhão de Viaturas Anfíbias,,,MD33-M-02
B Dep,Batalhão Depósito,,Batalhão Depósito,,,MD33-M-02
BD Mun,Batalhão Depósito de Munição,,Batalhão Depósito de Munição,,,MD33-M-02
B Log,Batalhão Logístico,,Batalhão Logístico,,,MD33-M-02
Btl Nav,Batalhão Naval,,Batalhão Naval,,,MD33-M-02
BP Mnt,Batalhão Pesado de Manutenção,,Batalhão Pesado de Manutenção,,,MD33-M-02
Bt,Batelão (tipo de embarcação),,Batelão (tipo de embarcação),,,MD33-M-02
Bia,Bateria,,Bateria (B),B,,MD33-M-02
Btr,Bateria (elétrica) automóvel,,Bateria (elétrica) automóvel,,,MD33-M-02
Bia BA,Bateria de Busca de Alvos,,Bateria de Busca de Alvos,,,MD33-M-02
Bia C,Bateria de Comando,,Bateria de Comando,,,MD33-M-02
Bia C Sv,Bateria de Comando e Serviços,,Bateria de Comando e Serviços,,,MD33-M-02
Bia LMF,Bateria de Lançadores Múltiplos de Foguetes,,Bateria de Lançadores Múltiplos de Foguetes,,,MD33-M-02
Bia O,Bateria de Obuses,,Bateria de Obuses,,,MD33-M-02
Bia Tir LF,Bateria de Tiro de Linha de Fogo,,Bateria de Tiro de Linha de Fogo,,,MD33-M-02
Biblg,Bibliografia,,Bibliografia,,,MD33-M-02
Bibl,Biblioteca,Bibliotecário,"Biblioteca, Bibliotecário",,,MD33-M-02
Bif,Bifurcação,Bifurcar,"Bifurcação, Bifurcar",,,MD33-M-02
2M,Bimotor,,Bimotor,,,MD33-M-02
Bio,Biológica,Biológico;Biologia;Biólogo,"Biológica, Biológico (B), Biologia, Biólogo",B,,MD33-M-02
Bir,Biruta,,Biruta,,,MD33-M-02
Bit,Bitola,,Bitola,,,MD33-M-02
Biv,Bivaque,Bivacar,"Bivaque, Bivacar",,,MD33-M-02
Bld,Blindada,Blindagem;Blindar,"Blindada, Blindagem, Blindar (B)",B,,MD33-M-02
BEI,Bloco de Ensino Individualizado,,Bloco de Ensino Individualizado,,,MD33-M-02
Blq,Bloqueio,Bloquear;Bloqueador,"Bloqueio, Bloquear, Bloqueador",,,MD33-M-02
B Dir,Boa Direção,,Boa Direção,,,MD33-M-02
Bob,Bobina,,Bobina,,,MD33-M-02
Bc,Bocal,Boca;Bucal,"Bocal, Boca, Bucal",,,MD33-M-02
BR,Bóia Radiosônica,,Bóia Radiosônica,,,MD33-M-02
Bol,Boletim,,Boletim (B),B,,MD33-M-02
BE,Boletim do Exército,,Boletim do Exército,,,MD33-M-02
BI,Boletim Interno,,Boletim Interno,,,MD33-M-02
Bol Res,Boletim Reservado,,Boletim Reservado,,,MD33-M-02
BRE,Boletim Reservado do Exército,,Boletim Reservado do Exército,,,MD33-M-02
B Tec,Boletim Técnico,,Boletim Técnico,,,MD33-M-02
Bb,Bomba,,Bomba (B),B,,MD33-M-02
BAP,Bomba Antipista,,Bomba Antipista,,,MD33-M-02
BAFG,Bomba de Baixo Arrasto de Fins Gerais,,Bomba de Baixo Arrasto de Fins Gerais,,,MD33-M-02
Bb CL,Bomba de Casco Leve,,Bomba de Casco Leve,,,MD33-M-02
Bb EG,Bomba de Emprego Geral,,Bomba de Emprego Geral,,,MD33-M-02
BFA,Bomba de Freio Aerodinâmico,,Bomba de Freio Aerodinâmico,,,MD33-M-02
BP,Bomba de Profundidade,,Bomba de Profundidade,,,MD33-M-02
B Incd,Bomba Incendiária,,Bomba Incendiária,,,MD33-M-02
BLG,Bomba Lança-Granada,,Bomba Lança-Granada,,,MD33-M-02
Bb Q,Bomba Química,,Bomba Química,,,MD33-M-02
BONACOTE,Bombardeio Naval Contra Objetivos Terrestres,,Bombardeio Naval Contra Objetivos Terrestres,,,MD33-M-02
BN,Bombardeio Nivelado,,Bombardeio Nivelado,,,MD33-M-02
BP,Bombardeio Picado,,Bombardeio Picado,,,MD33-M-02
BR,Bombardeio Rasante,,Bombardeio Rasante,,,MD33-M-02
BRAA,Bombardeio Rasante de Alto Arrasto,,Bombardeio Rasante de Alto Arrasto,,,MD33-M-02
BRBA,Bombardeio Rasante de Baixo Arrasto,,Bombardeio Rasante de Baixo Arrasto,,,MD33-M-02
Bomb,Bombardeio,Bombardeiro;Bombardear,"Bombardeio, Bombardeiro, Bombardear (B)",B,,MD33-M-02
Bom,Bombeiro,,Bombeiro,,,MD33-M-02
Bb,Bombordo,,Bombordo,,,MD33-M-02
Be,Boreste,,Boreste,,,MD33-M-02
Bos,Bosque,,Bosque,,,MD33-M-02
Bt,Bote,,Bote,,,MD33-M-02
Brnc,Branco,,Branco (B),B,,MD33-M-02
Bra,Brasileira,,Brasileira (B),B,,MD33-M-02
Bre,Brecha,,Brecha,,,MD33-M-02
Bda,Brigada,,Brigada,,,MD33-M-02
Bda Anf,Brigada Anfíbia,,Brigada Anfíbia,,,MD33-M-02
Bda AAAe,Brigada de Artilharia Antiaérea,,Brigada de Artilharia Antiaérea,,,MD33-M-02
Bda Av Ex,Brigada de Aviação do Exército,,Brigada de Aviação do Exército,,,MD33-M-02
Bda C Bld,Brigada de Cavalaria Blindada,,Brigada de Cavalaria Blindada,,,MD33-M-02
Bda C Mec,Brigada de Cavalaria Mecanizada,,Brigada de Cavalaria Mecanizada,,,MD33-M-02
Bda Inf Bld,Brigada de Infantaria Blindada,,Brigada de Infantaria Blindada,,,MD33-M-02
Bda Inf Sl,Brigada de Infantaria de Selva,,Brigada de Infantaria de Selva,,,MD33-M-02
Bda Inf L,Brigada de Infantaria Leve,,Brigada de Infantaria Leve,,,MD33-M-02
Bda Inf Mtz,Brigada de Infantaria Motorizada,,Brigada de Infantaria Motorizada,,,MD33-M-02
Bda Inf Pqdt,Brigada de Infantaria Pára-quedista,,Brigada de Infantaria Pára-quedista,,,MD33-M-02
Bda Op Esp,Brigada de Operações Especiais,,Brigada de Operações Especiais,,,MD33-M-02
Bsc,Busca,Buscar;Buscador,"Busca (B), Buscar, Buscador",B,,MD33-M-02
B Infe,Busca de Informes,,Busca de Informes,,,MD33-M-02
CSAR,Busca e Resgate em Combate (Combat Search and Rescue),,Busca e Resgate em Combate (Combat Search and Rescue),,,MD33-M-02
SAR,Busca e Salvamento (Search and Rescue),,Busca e Salvamento (Search and Rescue),,,MD33-M-02
Bus,Bússola,,Bússola (B),B,,MD33-M-02
C Pnt,Cabeça-de-Ponte,,Cabeça-de-Ponte,,,MD33-M-02
C Pso,Cabeça-de-Pouso,,Cabeça-de-Pouso,,,MD33-M-02
CP ou C Pra,Cabeça-de-Praia,,Cabeça-de-Praia,,,MD33-M-02
Cabc,Cabeceira,,Cabeceira,,,MD33-M-02
Cab,Cabine,,Cabine,,,MD33-M-02
Ca,Caça,,Caça (C),C,,MD33-M-02
Cdtr,Caçadores Cçd Cadastrar,Cadastro;Cadastrado;Cadastramento;Cadastral,"Caçadores (C) Cçd Cadastrar, Cadastro, Cadastrado, Cadastramento, Cadastral",C,,MD33-M-02
Cd,Cadeia,,Cadeia,,,MD33-M-02
Cadr,Caderno,Caderneta,"Caderno, Caderneta",,,MD33-M-02
Caf,Cafezal,,Cafezal,,,MD33-M-02
Cx,Caixa,Caixote;Caixão,"Caixa, Caixote, Caixão",,,MD33-M-02
Clmd,Calamidade,,Calamidade,,,MD33-M-02
Clc,Calco,,Calco,,,MD33-M-02
Calc,Calculadora,Cálculo;Calcular,"Calculadora, Cálculo, Calcular",,,MD33-M-02
Cald,Caldeiras,,Caldeiras,,,MD33-M-02
Cal,Calibre,Calibrador;Calibrar,"Calibre, Calibrador, Calibrar",,,MD33-M-02
Camb,Camburão,,Camburão,,,MD33-M-02
Cam,Caminhão,,Caminhão,,,MD33-M-02
Cmp,Campanha,Campo,"Campanha, Campo (C)",C,,MD33-M-02
C Con,Campo de Concentração,,Campo de Concentração,,,MD33-M-02
C Ev PG,Campo de Evacuação de Prisioneiros de Guerra,,Campo de Evacuação de Prisioneiros de Guerra,,,MD33-M-02
C Pso,Campo de Pouso,,Campo de Pouso,,,MD33-M-02
CPG,Campo de Prisioneiros de Guerra,,Campo de Prisioneiros de Guerra,,,MD33-M-02
CRPG,Campo de Recepção de Prisioneiros de Guerra,,Campo de Recepção de Prisioneiros de Guerra,,,MD33-M-02
C Rpo,Campo de Repouso,,Campo de Repouso,,,MD33-M-02
C Reu PG,Campo de Reunião de Prisioneiros de Guerra,,Campo de Reunião de Prisioneiros de Guerra,,,MD33-M-02
CSDPG,Campo de Seleção e Distribuição de Prisioneiros de Guerra,,Campo de Seleção e Distribuição de Prisioneiros de Guerra,,,MD33-M-02
FOV,Campo de Visada (Field Of View),,Campo de Visada (Field Of View),,,MD33-M-02
C Mil,Campo Militar,,Campo Militar,,,MD33-M-02
C Min,Campo Minado,,Campo Minado,,,MD33-M-02
Cmp TE,Campo Técnico Especializado,,Campo Técnico Especializado,,,MD33-M-02
Cmf,Camuflagem,Camuflar,"Camuflagem, Camuflar",,,MD33-M-02
C Mult,Canais Múltiplos,,Canais Múltiplos,,,MD33-M-02
C Var,Canal Varrido,,Canal Varrido,,,MD33-M-02
Cn,Canal,Canalizar;Canalização Canalizável;Canalizador,"Canal, Canalizar, Canalização (C) Canalizável, Canalizador",C,,MD33-M-02
Cancl,Cancelamento,Cancelar;Cancelável,"Cancelamento, Cancelar, Cancelável",,,MD33-M-02
Candt,Candidato,Candidatar;Candidatura,"Candidato, Candidatar, Candidatura",,,MD33-M-02
CSR,Canhão Sem Recuo,,Canhão Sem Recuo,,,MD33-M-02
Can,Canhão,Canhoneira,"Canhão, Canhoneira",,,MD33-M-02
Ctr,Canteiro,,Canteiro,,,MD33-M-02
Cant,Cantina,Cantineiro,"Cantina, Cantineiro",,,MD33-M-02
CG,Cão de Guerra,,Cão de Guerra,,,MD33-M-02
Cpcd,Capacidade,,Capacidade,,,MD33-M-02
Cpc,Capacitar,Capacitação,"Capacitar, Capacitação",,,MD33-M-02
Cpz,Capatazia,Capataz,"Capatazia, Capataz",,,MD33-M-02
Capl,Capelão,Capelania;Capela,"Capelão, Capelania, Capela",,,MD33-M-02
Cptl,Capital,Capitalizar;Capitalizável,"Capital, Capitalizar, Capitalizável",,,MD33-M-02
CP,Capitania dos Portos,,Capitania dos Portos,,,MD33-M-02
Cap,Capítulo,Capitular,"Capítulo, Capitular",,,MD33-M-02
Cpt,Captura,Capturar,"Captura, Capturar (C)",C,,MD33-M-02
Cpt EA,Capturado em Ação,,Capturado em Ação,,,MD33-M-02
Crtr,Característica,Caracterizar,"Característica, Caracterizar",,,MD33-M-02
Car,Caráter,,Caráter,,,MD33-M-02
CHR,Carga Horária Real,,Carga Horária Real,,,MD33-M-02
Cg HT,Carga Horária Total,,Carga Horária Total,,,MD33-M-02
CPU,Carga Prescrita da Unidade,,Carga Prescrita da Unidade,,,MD33-M-02
CPI,Carga Prescrita Individual,,Carga Prescrita Individual,,,MD33-M-02
Cg,Carga,Carregar;Carregamento;Carregador,"Carga, Carregar, Carregamento, Carregador (C)",C,,MD33-M-02
Cgo,Cargo,,Cargo,,,MD33-M-02
Crg,Cargueiro,,Cargueiro,,,MD33-M-02
C,Carro,,Carro,,sim,MD33-M-02
CCI,Carro Contra-Incêndio,,Carro Contra-Incêndio,,,MD33-M-02
CBA,Carro de Baterias Auxiliar,,Carro de Baterias Auxiliar,,,MD33-M-02
CC,Carro de Combate,,Carro de Combate,,,MD33-M-02
CC Anf,Carro de Combate Anfíbio,,Carro de Combate Anfíbio,,,MD33-M-02
CCL,Carro de Combate Leve,,Carro de Combate Leve,,,MD33-M-02
CCM,Carro de Combate Médio,,Carro de Combate Médio,,,MD33-M-02
CCP,Carro de Combate Pesado,,Carro de Combate Pesado,,,MD33-M-02
CL Anf,Carro-Lagarta Anfíbio,,Carro-Lagarta Anfíbio,,,MD33-M-02
CL Anf C,Carro-Lagarta Anfíbio de Comando,,Carro-Lagarta Anfíbio de Comando,,,MD33-M-02
CL Anf Eng,Carro-Lagarta Anfíbio de Engenharia,,Carro-Lagarta Anfíbio de Engenharia,,,MD33-M-02
Crt,Carta,,Carta (C),C,,MD33-M-02
CAI,Carta de Aproximação por Instrumentos,,Carta de Aproximação por Instrumentos,,,MD33-M-02
LOA,Carta de Assistência (Letter of Assistance),,Carta de Assistência (Letter of Assistance),,,MD33-M-02
Crt SMC,Carta de Sistema Multicanal,,Carta de Sistema Multicanal,,,MD33-M-02
CHAMH,Cartão de Habilitação para Assistência Médico-Hospitalar,,Cartão de Habilitação para Assistência Médico-Hospitalar,,,MD33-M-02
Crtf,Cartografia,Cartográfico;Cartógrafo,"Cartografia, Cartográfico, Cartógrafo",,,MD33-M-02
Cart,Cartucho,,Cartucho,,,MD33-M-02
Ctl,Catalogar,Catálogo;Catalogação;Catalogável,"Catalogar, Catálogo, Catalogação, Catalogável",,,MD33-M-02
Catg,Categoria,Categorizar,"Categoria, Categorizar",,,MD33-M-02
Cla,Cautela,Cautelar,"Cautela, Cautelar",,,MD33-M-02
Cav,Cavalaria,Cavalo,"Cavalaria, Cavalo (C)",C,,MD33-M-02
Cvt,Cavalete,,Cavalete,,,MD33-M-02
Ceg,Cavalo de Mão C Mão Cegamento,Cegar,"Cavalo de Mão C Mão Cegamento, Cegar",,,MD33-M-02
Celbr,Celebrar,Celebração;Celebrante;Celebrável;Célebre,"Celebrar, Celebração, Celebrante, Celebrável, Célebre",,,MD33-M-02
C,Célula,,Célula,,sim,MD33-M-02
CCS,Célula de Comunicação Social,,Célula de Comunicação Social,,,MD33-M-02
CCEA,Célula de Controle do Espaço Aéreo,,Célula de Controle do Espaço Aéreo,,,MD33-M-02
CCOA,Célula de Coordenação de Operações Aéreas,,Célula de Coordenação de Operações Aéreas,,,MD33-M-02
CIC,Célula de Inteligência de Combate,,Célula de Inteligência de Combate,,,MD33-M-02
COC,Célula de Operações Correntes (Current Operations Cell),,Célula de Operações Correntes (Current Operations Cell),,,MD33-M-02
C Prg,Célula de Programação,,Célula de Programação,,,MD33-M-02
Celu,Celular,,Celular,,,MD33-M-02
Cem,Cemitério,,Cemitério,,,MD33-M-02
Cens,Censura,Censurar;Censor;Censurável,"Censura, Censurar, Censor, Censurável",,,MD33-M-02
CCB,Central de Controle de Bateria,,Central de Controle de Bateria,,,MD33-M-02
CPJ,Central de Processos Judiciários,,Central de Processos Judiciários,,,MD33-M-02
C Tel,Central Telefônica,Centro Telefônico,"Central Telefônica, Centro Telefônico",,,MD33-M-02
Cent,Central,Centro,"Central, Centro (C)",C,,MD33-M-02
Cntz,Centralizar,Centralização;Centralizado;Centralizador,"Centralizar, Centralização, Centralizado, Centralizador",,,MD33-M-02
CCIS,Centro Controlador de Inteligência de Sinais,,Centro Controlador de Inteligência de Sinais,,,MD33-M-02
CAI,Centro de Análise de Inteligência,,Centro de Análise de Inteligência,,,MD33-M-02
CAL,Centro de Apoio Logístico,,Centro de Apoio Logístico,,,MD33-M-02
CALH,Centro de Apoio Logístico por Helicópteros,,Centro de Apoio Logístico por Helicópteros,,,MD33-M-02
CB,Centro de Bateria,,Centro de Bateria,,,MD33-M-02
CECAFA,Centro de Catalogação das Forças Armadas,,Centro de Catalogação das Forças Armadas,,,MD33-M-02
CCTOM,Centro de Comando do Teatro de Operações Marítimo,,Centro de Comando do Teatro de Operações Marítimo,,,MD33-M-02
CC2,Centro de Comando e Controle,,Centro de Comando e Controle,,,MD33-M-02
CC2 F Ter,Centro de Comando e Controle da Força Terrestre,,Centro de Comando e Controle da Força Terrestre,,,MD33-M-02
CC2 C Cbn,Centro de Comando e Controle de Comando Combinado,,Centro de Comando e Controle de Comando Combinado,,,MD33-M-02
CCCOA,Centro de Comando e Controle de Operações Aéreas,,Centro de Comando e Controle de Operações Aéreas,,,MD33-M-02
CC2 TO,Centro de Comando e Controle de Teatro de Operações,,Centro de Comando e Controle de Teatro de Operações,,,MD33-M-02
CC2 CS,Centro de Comando e Controle do Comando Supremo,,Centro de Comando e Controle do Comando Supremo,,,MD33-M-02
CCAM,Centro de Comutação Automática de Mensagens,,Centro de Comutação Automática de Mensagens,,,MD33-M-02
CC Aernav,Centro de Controle Aeronaval,,Centro de Controle Aeronaval,,,MD33-M-02
CCAT,Centro de Controle Aerotático Transportável,,Centro de Controle Aerotático Transportável,,,MD33-M-02
MCC,Centro de Controle da Missão (Mission Control Center),,Centro de Controle da Missão (Mission Control Center),,,MD33-M-02
CCZD,Centro de Controle da Zona de Desembarque,,Centro de Controle da Zona de Desembarque,,,MD33-M-02
RSCC,Centro de Controle das Estações Remotas (Remote Station Control Center),,Centro de Controle das Estações Remotas (Remote Station Control Center),,,MD33-M-02
APP,Centro de Controle de Aproximação (Approach Control Center),,Centro de Controle de Aproximação (Approach Control Center),,,MD33-M-02
ACC,Centro de Controle de Área (Area Control Center),,Centro de Controle de Área (Area Control Center),,,MD33-M-02
CC Estq,Centro de Controle de Estoque,,Centro de Controle de Estoque,,,MD33-M-02
CCE,Centro de Controle de Evacuação,,Centro de Controle de Evacuação,,,MD33-M-02
CC Ev Aem,Centro de Controle de Evacuação Aeromédica,,Centro de Controle de Evacuação Aeromédica,,,MD33-M-02
CCE,Centro de Controle de Evacuados,,Centro de Controle de Evacuados,,,MD33-M-02
CCFN,Centro de Controle de Fogo Naval,,Centro de Controle de Fogo Naval,,,MD33-M-02
C Cnv,Centro de Convalescentes,,Centro de Convalescentes,,,MD33-M-02
CCA,Centro de Coordenação da Aeronáutica,,Centro de Coordenação da Aeronáutica,,,MD33-M-02
CCAA,Centro de Coordenação das Armas de Apoio,,Centro de Coordenação das Armas de Apoio,,,MD33-M-02
CCAF,Centro de Coordenação de Apoio de Fogo,,Centro de Coordenação de Apoio de Fogo,,,MD33-M-02
CCH,Centro de Coordenação de Helicópteros,,Centro de Coordenação de Helicópteros,,,MD33-M-02
RCC,Centro de Coordenação de Salvamento (Rescue Coordination Center),,Centro de Coordenação de Salvamento (Rescue Coordination Center),,,MD33-M-02
MRCC,Centro de Coordenação de Salvamento Marítimo (Maritime Rescue Cordination Center),,Centro de Coordenação de Salvamento Marítimo (Maritime Rescue Cordination Center),,,MD33-M-02
CCG,Centro de Coordenação Geral,,Centro de Coordenação Geral,,,MD33-M-02
CC Log,Centro de Coordenação Logística,,Centro de Coordenação Logística,,,MD33-M-02
CDH,Centro de Direção de Helicópteros,,Centro de Direção de Helicópteros,,,MD33-M-02
CDT,Centro de Direção de Tiro,,Centro de Direção de Tiro,,,MD33-M-02
CGO,Centro de Gerenciamento Operacional,,Centro de Gerenciamento Operacional,,,MD33-M-02
CG,Centro de Gravidade,,Centro de Gravidade,,,MD33-M-02
CHE,Centro de Homologação de Empresa,,Centro de Homologação de Empresa,,,MD33-M-02
FIC,Centro de Informações de Vôo (Flight Information Center),,Centro de Informações de Vôo (Flight Information Center),,,MD33-M-02
CIT,Centro de Informações Topográficas,,Centro de Informações Topográficas,,,MD33-M-02
C Infor,Centro de Informática,,Centro de Informática,,,MD33-M-02
CI,Centro de Instrução,,Centro de Instrução,,,MD33-M-02
C Intlg,Centro de Inteligência,,Centro de Inteligência,,,MD33-M-02
CIAER,Centro de Inteligência da Aeronáutica,,Centro de Inteligência da Aeronáutica,,,MD33-M-02
CIC,Centro de Inteligência de Combate,,Centro de Inteligência de Combate,,,MD33-M-02
COA,Centro de Operações Aéreas,,Centro de Operações Aéreas,,,MD33-M-02
COAT,Centro de Operações Aéreas do Teatro,,Centro de Operações Aéreas do Teatro,,,MD33-M-02
COAAe,Centro de Operações Antiaéreas,,Centro de Operações Antiaéreas,,,MD33-M-02
COAL,Centro de Operações de Apoio Logístico,,Centro de Operações de Apoio Logístico,,,MD33-M-02
COAAAe,Centro de Operações de Artilharia Antiaérea,,Centro de Operações de Artilharia Antiaérea,,,MD33-M-02
COBR,Centro de Operações de Busca e Resgate,,Centro de Operações de Busca e Resgate,,,MD33-M-02
COC,Centro de Operações de Combate,,Centro de Operações de Combate,,,MD33-M-02
CODA,Centro de Operações de Defesa Aeroespacial,,Centro de Operações de Defesa Aeroespacial,,,MD33-M-02
CODP,Centro de Operações de Defesa de Porto,,Centro de Operações de Defesa de Porto,,,MD33-M-02
COGE,Centro de Operações de Guerra Eletrônica,,Centro de Operações de Guerra Eletrônica,,,MD33-M-02
CO Log,Centro de Operações de Logística,,Centro de Operações de Logística,,,MD33-M-02
COSI,Centro de Operações de Segurança Integrada,,Centro de Operações de Segurança Integrada,,,MD33-M-02
COCS,Centro de Operações do Comando Supremo,,Centro de Operações do Comando Supremo,,,MD33-M-02
COO,Centro de Operações e Orientação,,Centro de Operações e Orientação,,,MD33-M-02
COL,Centro de Operações Logísticas,,Centro de Operações Logísticas,,,MD33-M-02
C Op M,Centro de Operações Militares,,Centro de Operações Militares,,,MD33-M-02
COT,Centro de Operações Táticas,,Centro de Operações Táticas,,,MD33-M-02
CPD,Centro de Processamento de Dados,,Centro de Processamento de Dados,,,MD33-M-02
CVA,Centro de Vigilância Aérea,,Centro de Vigilância Aérea,,,MD33-M-02
CZA,Centro de Zona de Ação,,Centro de Zona de Ação,,,MD33-M-02
CDAT,Centro Diretor Aerotático,,Centro Diretor Aerotático,,,MD33-M-02
CDDA,Centro Diretor de Defesa Aérea,,Centro Diretor de Defesa Aérea,,,MD33-M-02
CCAN,Centro do Correio Aéreo Nacional,,Centro do Correio Aéreo Nacional,,,MD33-M-02
C Med,Centro Médico,,Centro Médico,,,MD33-M-02
CM Adrm,Centro Meteorológico de Aeródromo,,Centro Meteorológico de Aeródromo,,,MD33-M-02
CMV,Centro Meteorológico de Vigilância,,Centro Meteorológico de Vigilância,,,MD33-M-02
CM Mil,Centro Meteorológico Militar,,Centro Meteorológico Militar,,,MD33-M-02
CMOA,Centro Móvel de Operações Aéreas,,Centro Móvel de Operações Aéreas,,,MD33-M-02
CN,Centro Nodal,,Centro Nodal,,,MD33-M-02
CRV,Centro Regional de Vigilância,,Centro Regional de Vigilância,,,MD33-M-02
Crc,Cerco,Cercar,"Cerco, Cercar",,,MD33-M-02
Crm,Cerimônia,Cerimonial,"Cerimônia, Cerimonial",,,MD33-M-02
Cer,Cerração,Cerrar,"Cerração, Cerrar",,,MD33-M-02
Ctd,Certidão,,Certidão,,,MD33-M-02
Ctf,Certificação,Certificado;Certificar;Certificador,"Certificação, Certificado, Certificar, Certificador",,,MD33-M-02
CAM,Certificado de Alistamento Militar,,Certificado de Alistamento Militar,,,MD33-M-02
CAV,Certificado de Autorização de Vôo,,Certificado de Autorização de Vôo,,,MD33-M-02
CDI,Certificado de Dispensa de Incorporação,,Certificado de Dispensa de Incorporação,,,MD33-M-02
CHT,Certificado de Homologação de Tipo,,Certificado de Homologação de Tipo,,,MD33-M-02
CHST,Certificado de Homologação Suplementar de Tipo,,Certificado de Homologação Suplementar de Tipo,,,MD33-M-02
CI,Certificado de Isenção,,Certificado de Isenção,,,MD33-M-02
Ctf ME,Certificado de Marca Experimental,,Certificado de Marca Experimental,,,MD33-M-02
CR,Certificado de Reservista,,Certificado de Reservista,,,MD33-M-02
CVI,Certificado de Vôo por Instrumento,,Certificado de Vôo por Instrumento,,,MD33-M-02
Ces,Cessar,Cessação;Cessão;Cessante,"Cessar, Cessação, Cessão, Cessante",,,MD33-M-02
Chm,Chama,Chamar;Chamativo,"Chama, Chamar, Chamativo",,,MD33-M-02
DSC,Chamada Seletiva Digital (Digital Selective Calling),,Chamada Seletiva Digital (Digital Selective Calling),,,MD33-M-02
Ch C,Chefe Controlador,,Chefe Controlador,,,MD33-M-02
CCR,Chefe Controlador Regional,,Chefe Controlador Regional,,,MD33-M-02
Ch EM,Chefe do Estado-Maior,,Chefe do Estado-Maior,,,MD33-M-02
Ch EMC,Chefe do Estado-Maior Combinado,,Chefe do Estado-Maior Combinado,,,MD33-M-02
CEMD,Chefe do Estado-Maior de Defesa,,Chefe do Estado-Maior de Defesa,,,MD33-M-02
Ch,Chefe,Chefia,"Chefe, Chefia (C)",C,,MD33-M-02
ARR,Chegada (Arrival),,Chegada (Arrival),,,MD33-M-02
Che,Cheque,Checar,"Cheque, Checar",,,MD33-M-02
Chq,Choque,Chocar,"Choque, Chocar",,,MD33-M-02
Ci,Ciclo,,Ciclo,,,MD33-M-02
CE,Ciclo de Ração Ci Rç Ciclo Escolar,,Ciclo de Ração Ci Rç Ciclo Escolar,,,MD33-M-02
Cid,Cidadão,Cidadania,"Cidadão, Cidadania",,,MD33-M-02
C&T,Ciência e Tecnologia,,Ciência e Tecnologia,,,MD33-M-02
CT&I,"Ciência, Tecnologia e Inovação",,"Ciência, Tecnologia e Inovação",,,MD33-M-02
Ctfc,Científico,Cientificar,"Científico, Cientificar",,,MD33-M-02
Cfr,Cifra,Cifrar,"Cifra, Cifrar",,,MD33-M-02
Cinf,Cinófilo,,Cinófilo,,,MD33-M-02
Cirt,Circuito,,Circuito,,,MD33-M-02
CAG,Circulação Aérea Geral,,Circulação Aérea Geral,,,MD33-M-02
COM,Circulação Operacional Militar,,Circulação Operacional Militar,,,MD33-M-02
Circ,Circulação,Circular;Círculo,"Circulação, Circular, Círculo",,,MD33-M-02
AIC,Circular de Informação Aeronáutica (Aeronautical Information Circular),,Circular de Informação Aeronáutica (Aeronautical Information Circular),,,MD33-M-02
CPE,Círculo de Posição Estimada,,Círculo de Posição Estimada,,,MD33-M-02
CSM,Circunscrição do Serviço Militar,,Circunscrição do Serviço Militar,,,MD33-M-02
Ci,Cirro,,Cirro,,,MD33-M-02
Ccu,Cirro-Cúmulo (Cirrus-Cumulus),,Cirro-Cúmulo (Cirrus-Cumulus),,,MD33-M-02
CS,Cirro-Estrato (Cirrus-Stratus),,Cirro-Estrato (Cirrus-Stratus),,,MD33-M-02
Cir,Cirúrgico,Cirurgia;Cirurgião,"Cirúrgico, Cirurgia, Cirurgião",,,MD33-M-02
Cist,Cisterna,,Cisterna,,,MD33-M-02
Cit,Citação,Citar,"Citação, Citar",,,MD33-M-02
Civ,Civil,Cívica;Civilizar;Civilização,"Civil, Cívica, Civilizar, Civilização",,,MD33-M-02
Clr,Clarão,Clareira;Claro;Clarear;Clareador,"Clarão, Clareira, Claro, Clarear, Clareador",,,MD33-M-02
Cl,Classe,,Classe,,,MD33-M-02
Clas,Classificação,Classificar;Classificável;Classificador,"Classificação, Classificar (C), Classificável, Classificador",C,,MD33-M-02
Clin,Clínica,Clinicar,"Clínica (C), Clinicar",C,,MD33-M-02
CD,Clínicas Dentárias,,Clínicas Dentárias,,,MD33-M-02
CM,Clínicas Médicas,,Clínicas Médicas,,,MD33-M-02
Cob Ae,Cobertura Aérea,,Cobertura Aérea,,,MD33-M-02
Cob Ae Cln,Cobertura Aérea de Coluna,,Cobertura Aérea de Coluna,,,MD33-M-02
Cob A Ae,Cobertura Antiaérea,,Cobertura Antiaérea,,,MD33-M-02
Cob,Cobertura,Coberta;Cobrir,"Cobertura, Coberta, Cobrir",,,MD33-M-02
Cbr,Cobrança,Cobrar;Cobrador,"Cobrança, Cobrar, Cobrador",,,MD33-M-02
CBAer,Código Brasileiro de Aeronáutica,,Código Brasileiro de Aeronáutica,,,MD33-M-02
CEP,Código de Endereçamento Postal,,Código de Endereçamento Postal,,,MD33-M-02
MMSIC,Código de Identificação Seletiva Móvel Marítimo (Maritime Móbile Sective Identify Code),,Código de Identificação Seletiva Móvel Marítimo (Maritime Móbile Sective Identify Code),,,MD33-M-02
CODOM,Código de Organização Militar,,Código de Organização Militar,,,MD33-M-02
CPPM,Código de Processo Penal Militar,,Código de Processo Penal Militar,,,MD33-M-02
CFF,Código Federal de Fabricante,,Código Federal de Fabricante,,,MD33-M-02
CID,Código Internacional de Doenças,,Código Internacional de Doenças,,,MD33-M-02
CPM,Código Penal Militar,,Código Penal Militar,,,MD33-M-02
Cod,Código,Codificação;Codificar;Codificador;Codificável,"Código, Codificação, Codificar(C), Codificador, Codificável",C,,MD33-M-02
Coef,Coeficiente,,Coeficiente,,,MD33-M-02
Cog,Cogitar,Cogitação;Cogitado,"Cogitar, Cogitação, Cogitado",,,MD33-M-02
Colb,Colaboração,Colaborar;Colaborador,"Colaboração, Colaborar, Colaborador",,,MD33-M-02
Col,Coleta,Coletar;Coletor,"Coleta, Coletar, Coletor",,,MD33-M-02
Coltn,Coletânea,,Coletânea,,,MD33-M-02
Ctv,Coletiva,Coletividade;Coletivizar,"Coletiva, Coletividade, Coletivizar",,,MD33-M-02
Cln,Coluna,,Coluna,,,MD33-M-02
Cln M,Coluna de Marcha,,Coluna de Marcha,,,MD33-M-02
Cln T,Coluna Tática,,Coluna Tática,,,MD33-M-02
CDD,Com Direito a Diárias,,Com Direito a Diárias,,,MD33-M-02
Cmt,Comandante,,Comandante (C),C,,MD33-M-02
CAC,Comandante da Área de Contato,,Comandante da Área de Contato,,,MD33-M-02
CAM,Comandante da Área Marítima,,Comandante da Área Marítima,,,MD33-M-02
CFAC,Comandante da Força Aérea Componente,,Comandante da Força Aérea Componente,,,MD33-M-02
Cmt F Dbq,Comandante da Força de Desembarque,,Comandante da Força de Desembarque,,,MD33-M-02
CFE,Comandante da Força de Escolta,,Comandante da Força de Escolta,,,MD33-M-02
Cmt F Tar Anf,Comandante da Força-Tarefa Anfíbia,,Comandante da Força-Tarefa Anfíbia,,,MD33-M-02
CLF,Comandante da Linha de Fogo,,Comandante da Linha de Fogo,,,MD33-M-02
CM,Comandante da Marinha ou Comando da Marinha,,Comandante da Marinha ou Comando da Marinha,,,MD33-M-02
CET,Comandante de Elemento-Tarefa,,Comandante de Elemento-Tarefa,,,MD33-M-02
CFT,Comandante de Força-Tarefa,,Comandante de Força-Tarefa,,,MD33-M-02
CGT,Comandante de Grupo-Tarefa,,Comandante de Grupo-Tarefa,,,MD33-M-02
CP,Comandante de Peça ou Chefe de Peça,,Comandante de Peça ou Chefe de Peça,,,MD33-M-02
CUT,Comandante de Unidade-Tarefa,,Comandante de Unidade-Tarefa,,,MD33-M-02
Cmt C Cbn,Comandante do Comando Combinado,,Comandante do Comando Combinado,,,MD33-M-02
Cmt Ch,Comandante-em-Chefe,,Comandante-em-Chefe,,,MD33-M-02
Cmd,Comandar,Comandado,"Comandar, Comandado",,,MD33-M-02
Cmdo,Comando,,Comando (C),C,,MD33-M-02
COMAR,Comando Aéreo Regional,,Comando Aéreo Regional,,,MD33-M-02
C Cbn,Comando Combinado,,Comando Combinado,,,MD33-M-02
COMAER,Comando da Aeronáutica,,Comando da Aeronáutica,,,MD33-M-02
CAMAS,Comando da Área Marítima do Atlântico Sul,,Comando da Área Marítima do Atlântico Sul,,,MD33-M-02
COMDABRA,Comando de Defesa Aeroespacial Brasileiro,,Comando de Defesa Aeroespacial Brasileiro,,,MD33-M-02
CON,Comando de Operações Navais,,Comando de Operações Navais,,,MD33-M-02
CO Ter,Comando de Operações Terrestres,,Comando de Operações Terrestres,,,MD33-M-02
C Trm,Comando de Terminais,,Comando de Terminais,,,MD33-M-02
C Trnp,Comando de Transporte,,Comando de Transporte,,,MD33-M-02
Cmdo ZD,Comando de Zona de Defesa,,Comando de Zona de Defesa,,,MD33-M-02
C2,Comando e Controle,,Comando e Controle,,,MD33-M-02
CLCO,Comando Local de Controle Operativo,,Comando Local de Controle Operativo,,,MD33-M-02
C Log,Comando Logístico,,Comando Logístico,,,MD33-M-02
CLDE,Comando Logístico de Divisão de Exército,,Comando Logístico de Divisão de Exército,,,MD33-M-02
CLFTTO,Comando Logístico de Força Terrestre de Teatro de Operações,,Comando Logístico de Força Terrestre de Teatro de Operações,,,MD33-M-02
CLMRM,Comando Logístico e de Mobilização de Região Militar,,Comando Logístico e de Mobilização de Região Militar,,,MD33-M-02
C Mil A,Comando Militar de Área,,Comando Militar de Área,,,MD33-M-02
CT Op,Comando(ante) do Teatro de Operações,,Comando(ante) do Teatro de Operações,,,MD33-M-02
CTOM,Comando(ante) do Teatro de Operações Marítimo,,Comando(ante) do Teatro de Operações Marítimo,,,MD33-M-02
CTOT,Comando(ante) do Teatro de Operações Terrestre,,Comando(ante) do Teatro de Operações Terrestre,,,MD33-M-02
C3I,"Comando, Controle, Comunicações e Inteligência",,"Comando, Controle, Comunicações e Inteligência",,,MD33-M-02
CGCFN,Comando-Geral do Corpo de Fuzileiros Navais,,Comando-Geral do Corpo de Fuzileiros Navais,,,MD33-M-02
Cmdos,Comandos (tropa de operações especiais),,Comandos (tropa de operações especiais),,,MD33-M-02
Cmb Rst,Combate de Resistência,,Combate de Resistência,,,MD33-M-02
CE,Combate Eletrônico,,Combate Eletrônico,,,MD33-M-02
Cmb,Combate,Combatente;Combater,"Combate, Combatente (C), Combater",C,,MD33-M-02
Cbn,Combinar,Combinada;Combinação,"Combinar, Combinada, Combinação",,,MD33-M-02
Cbo,Comboio,,Comboio,,,MD33-M-02
Comb,Combustível,,Combustível,,,MD33-M-02
CLG,"Combustível, Lubrificantes e Graxas",,"Combustível, Lubrificantes e Graxas",,,MD33-M-02
Comem,Comemoração,Comemorar;Comemorativo;Comemorável,"Comemoração, Comemorar, Comemorativo, Comemorável",,,MD33-M-02
Cmcl,Comercial,Comercializar;Comercializável,"Comercial, Comercializar, Comercializável",,,MD33-M-02
Cmc,Comerciante,Comércio;Comerciar,"Comerciante, Comércio, Comerciar",,,MD33-M-02
Coms,Comissão,Comissário;Comissionar,"Comissão , Comissário, Comissionar",,,MD33-M-02
C Asse,Comissão Assessora,,Comissão Assessora,,,MD33-M-02
CERNAI,Comissão de Estudos Relativos à Navegação Aérea Internacional,,Comissão de Estudos Relativos à Navegação Aérea Internacional,,,MD33-M-02
CGAL,Comissão de Gerência de Apoio Logístico,,Comissão de Gerência de Apoio Logístico,,,MD33-M-02
CIAA,Comissão de Investigação de Acidente Aeronáutico,,Comissão de Investigação de Acidente Aeronáutico,,,MD33-M-02
CPAA,Comissão de Prevenção de Acidentes Aeronáuticos,,Comissão de Prevenção de Acidentes Aeronáuticos,,,MD33-M-02
CPO,Comissão de Promoções de Oficiais,,Comissão de Promoções de Oficiais,,,MD33-M-02
CPP,Comissão de Promoções de Praças,,Comissão de Promoções de Praças,,,MD33-M-02
CPR,Comissão de Promoções Regionais,,Comissão de Promoções Regionais,,,MD33-M-02
CS,Comissão de Seleção,,Comissão de Seleção,,,MD33-M-02
CSFA,Comissão de Seleção das Forças Armadas,,Comissão de Seleção das Forças Armadas,,,MD33-M-02
CSE,Comissão de Seleção Especial,,Comissão de Seleção Especial,,,MD33-M-02
CSF,Comissão de Seleção Fixa,,Comissão de Seleção Fixa,,,MD33-M-02
CSI,Comissão de Seleção Interna,,Comissão de Seleção Interna,,,MD33-M-02
CSV,Comissão de Seleção Volante,,Comissão de Seleção Volante,,,MD33-M-02
CNBW,Comissão Naval Brasileira em Washington,,Comissão Naval Brasileira em Washington,,,MD33-M-02
CNBE,Comissão Naval Brasileira na Europa,,Comissão Naval Brasileira na Europa,,,MD33-M-02
CPAD,Comissão Permanente de Avaliação de Documentos da Aeronáutica,,Comissão Permanente de Avaliação de Documentos da Aeronáutica,C,,MD33-M-02
Comt,Comitê,,Comitê,,,MD33-M-02
CBATA,Comitê Brasileiro de Aeronáutica e Transporte Aéreo,,Comitê Brasileiro de Aeronáutica e Transporte Aéreo,,,MD33-M-02
Cmtv,Comitiva,,Comitiva,,,MD33-M-02
Cmpc,Compactar,Compactador;Compacto,"Compactar, Compactador, Compacto",,,MD33-M-02
Cia,Companhia,,Companhia,,,MD33-M-02
Cia AC,Companhia Anticarro,,Companhia Anticarro,,,MD33-M-02
Cia Abast,Companhia de Abastecimento,,Companhia de Abastecimento,,,MD33-M-02
Cia Ap Cmb,Companhia de Apoio ao Combate,,Companhia de Apoio ao Combate,,,MD33-M-02
Cia Ap Dbq,Companhia de Apoio ao Desembarque,,Companhia de Apoio ao Desembarque,,,MD33-M-02
Cia Ap Eng,Companhia de Apoio de Engenharia,,Companhia de Apoio de Engenharia,,,MD33-M-02
Cia Ap F,Companhia de Apoio de Fogo,,Companhia de Apoio de Fogo,,,MD33-M-02
Cia AEVP,Companhia de Avançamento e Exploração de Via Permanente,,Companhia de Avançamento e Exploração de Via Permanente,,,MD33-M-02
Cia Can AC,Companhia de Canhões Anticarro,,Companhia de Canhões Anticarro,,,MD33-M-02
Cia CC,Companhia de Carros de Combate,,Companhia de Carros de Combate,,,MD33-M-02
Cia C,Companhia de Comando,,Companhia de Comando,,,MD33-M-02
Cia C Bda,Companhia de Comando de Brigada,,Companhia de Comando de Brigada,,,MD33-M-02
Cia C Div,Companhia de Comando de Divisão,,Companhia de Comando de Divisão,,,MD33-M-02
Cia C RM,Companhia de Comando de Região Militar,,Companhia de Comando de Região Militar,,,MD33-M-02
Cia C Sv,Companhia de Comando e Serviços,,Companhia de Comando e Serviços,,,MD33-M-02
Cia Com,Companhia de Comunicação,,Companhia de Comunicação,,,MD33-M-02
Cia Com PC,Companhia de Comunicações de Posto de Comando,,Companhia de Comunicações de Posto de Comando,,,MD33-M-02
Cia Com PCR,Companhia de Comunicações de Posto de Comando Recuado,,Companhia de Comunicações de Posto de Comando Recuado,,,MD33-M-02
Cia Custo,Companhia de Custo,,Companhia de Custo,,,MD33-M-02
Cia DQBN,"Companhia de Defesa Química, Biológica e Nuclear",,"Companhia de Defesa Química, Biológica e Nuclear",,,MD33-M-02
Cia E,Companhia de Engenharia,,Companhia de Engenharia,,,MD33-M-02
Cia Fuz Nav,Companhia de Fuzileiros Navais,,Companhia de Fuzileiros Navais,,,MD33-M-02
Cia GE,Companhia de Guerra Eletrônica,,Companhia de Guerra Eletrônica,,,MD33-M-02
Cia Mnt,Companhia de Manutenção,,Companhia de Manutenção,,,MD33-M-02
Cia MO,Companhia de Mão-de-Obra,,Companhia de Mão-de-Obra,,,MD33-M-02
Cia Op Esp,Companhia de Operações Especiais,,Companhia de Operações Especiais,,,MD33-M-02
Cia Pion,Companhia de Pioneiros,,Companhia de Pioneiros,,,MD33-M-02
Cia Pol,Companhia de Polícia,,Companhia de Polícia,,,MD33-M-02
CPA,Companhia de Polícia da Aeronáutica,,Companhia de Polícia da Aeronáutica,,,MD33-M-02
Cia PE,Companhia de Polícia do Exército,,Companhia de Polícia do Exército,,,MD33-M-02
Cia QG,Companhia de Quartel-General,,Companhia de Quartel-General,,,MD33-M-02
Cia Recon,Companhia de Reconhecimento,,Companhia de Reconhecimento,,,MD33-M-02
Cia S,Companhia de Saúde,,Companhia de Saúde,,,MD33-M-02
Cia Trnp Mtz,Companhia de Transporte Motorizado,,Companhia de Transporte Motorizado,,,MD33-M-02
Cia DAM,Companhia Depósito de Armamento e Munição,,Companhia Depósito de Armamento e Munição,,,MD33-M-02
Cia Dep MM,Companhia Depósito de Material de Motomecanização,,Companhia Depósito de Material de Motomecanização,,,MD33-M-02
Cia Dep S Vet,Companhia Depósito de Saúde e Veterinária,,Companhia Depósito de Saúde e Veterinária,,,MD33-M-02
Cmpr,Comparecer,Comparecimento,"Comparecer, Comparecimento",,,MD33-M-02
Cmpto,Compartimento,,Compartimento,,,MD33-M-02
Cptb,Compatibilizar,Compatibilidade,"Compatibilizar, Compatibilidade",,,MD33-M-02
Comps,Compensar,Compensação;Compensador;Compensatório,"Compensar, Compensação, Compensador, Compensatório",,,MD33-M-02
Cmpt,Competência,Competição;Competente;Competir;Competidos,"Competência, Competição, Competente, Competir, Competidos",,,MD33-M-02
Compl,Completar,Completo;Complementar;Complemento;Complementação,"Completar, Completo, Complementar, Complemento, Complementação (C)",C,,MD33-M-02
Cte,Componente,,Componente (C),C,,MD33-M-02
CASC,Componente de Apoio de Serviços ao Combate,,Componente de Apoio de Serviços ao Combate,,,MD33-M-02
Cte C,Componente de Comando,,Componente de Comando,,,MD33-M-02
CCA,Componente de Combate Aéreo,,Componente de Combate Aéreo,,,MD33-M-02
CCT,Componente de Combate Terrestre,,Componente de Combate Terrestre,,,MD33-M-02
COTS,Componentes comerciais (Commercial off the Shelf),,Componentes comerciais (Commercial off the Shelf),,,MD33-M-02
Cptm,Comportamento,,Comportamento,,,MD33-M-02
Cpr,Compressor,Comprimir,"Compressor, Comprimir",,,MD33-M-02
Comp,Comprimento,,Comprimento,,,MD33-M-02
Compr,Compromisso,Comprometido;Comprometer,"Compromisso, Comprometido, Comprometer",,,MD33-M-02
Cmpv,Comprovar,Comprovação;Comprovante,"Comprovar, Comprovação, Comprovante",,,MD33-M-02
Compul,Compulsória,Compulsado,"Compulsória, Compulsado",,,MD33-M-02
Compt,Computador,Computar;Computável,"Computador, Computar, Computável",,,MD33-M-02
CI,Comunicação Interna,,Comunicação Interna,,,MD33-M-02
Com P,Comunicação Padronizada,,Comunicação Padronizada,,,MD33-M-02
Com Soc,Comunicação Social,,Comunicação Social,,,MD33-M-02
CI,Comunicações Interiores,,Comunicações Interiores,,,MD33-M-02
CN,Comunicações Navais,,Comunicações Navais,,,MD33-M-02
Com,Comunicar,Comunicação;Comunicações;Comunicador,"Comunicar, Comunicação, Comunicações (C), Comunicador",C,,MD33-M-02
Cmnt,Comunitário,,Comunitário,,,MD33-M-02
Comu,Comutação,Comutar;Comutável;Comutador,"Comutação, Comutar, Comutável, Comutador",,,MD33-M-02
Concd,Conceder,Concedido,"Conceder, Concedido",,,MD33-M-02
CAL,Conceito de Apoio Logístico,,Conceito de Apoio Logístico,,,MD33-M-02
C Op Ter,Conceito de Operação em Terra,,Conceito de Operação em Terra,,,MD33-M-02
CEN,Conceito Estratégico Nacional,,Conceito Estratégico Nacional,,,MD33-M-02
Cct Sint,Conceito Sintético,,Conceito Sintético,,,MD33-M-02
Cct,Conceito,Conceituação;Conceituar;Conceituador;Conceitual,"Conceito, Conceituação, Conceituar, Conceituador (C), Conceitual",C,,MD33-M-02
C,Concentração,Concentrar;Concentrador,"Concentração, Concentrar, Concentrador",C,,MD33-M-02
Ccp,Concepção,,Concepção,,,MD33-M-02
Ccp G,Concepção de Guerra,,Concepção de Guerra,,,MD33-M-02
Ccp MG,Concepção Militar de Guerra,,Concepção Militar de Guerra,,,MD33-M-02
Conces,Concessão,Concessionário,"Concessão, Concessionário",,,MD33-M-02
Concl,Concluir,Conclusão;Concludente,"Concluir, Conclusão, Concludente",,,MD33-M-02
Ccord,Concordar,Concordância;Concorde,"Concordar, Concordância, Concorde",,,MD33-M-02
Conc,Concorrer,Concurso;Concorrente,"Concorrer, Concurso, Concorrente",,,MD33-M-02
Conct,Concretar,Concreto,"Concretar, Concreto",,,MD33-M-02
Condc,Condecorar,Condecoração,"Condecorar, Condecoração",,,MD33-M-02
C Op A,Condição Operacional de Aeródromo,,Condição Operacional de Aeródromo,,,MD33-M-02
Cndc,Condição,Condicionar,"Condição, Condicionar (C)",C,,MD33-M-02
CSE,Condições de Silêncio Eletrônico,,Condições de Silêncio Eletrônico,,,MD33-M-02
Cndc V,Condições do Vento,,Condições do Vento,,,MD33-M-02
IMC,Condições Meteorológicas por Instrumentos (Instrument Meteorologic Conditions),,Condições Meteorológicas por Instrumentos (Instrument Meteorologic Conditions),,,MD33-M-02
VMC,Condições Meteorológicas Visuais (Visual Meteorologic Conditions),,Condições Meteorológicas Visuais (Visual Meteorologic Conditions),,,MD33-M-02
Cond,Conduta,Condutor;Conduzir,"Conduta, Condutor, Conduzir",,,MD33-M-02
Cnc,Conexão,Conector;Conectar,"Conexão, Conector, Conectar",,,MD33-M-02
Confc,Confecção,Confeccionar,"Confecção, Confeccionar",,,MD33-M-02
Confr,Conferir,Conferência;Conferente,"Conferir, Conferência, Conferente",,,MD33-M-02
Confb,Confiabilidade,,Confiabilidade (C),C,,MD33-M-02
Conf,Confidencial,,Confidencial,,,MD33-M-02
CGS,Configuração e Gerência de Sistema (System Configuration and Management),,Configuração e Gerência de Sistema (System Configuration and Management),,,MD33-M-02
Cfm,Confirmação,Confirmar;Confirmador;Confirmatório,"Confirmação, Confirmar, Confirmador, Confirmatório",,,MD33-M-02
Cnf,Confisco,Confiscar,"Confisco, Confiscar",,,MD33-M-02
Conf,Conforme,Conformidade,"Conforme, Conformidade",,,MD33-M-02
Conftz,Confraternização,Confraternizar,"Confraternização, Confraternizar",,,MD33-M-02
Cong,Congraçamento,Congratulação;Congraçar,"Congraçamento, Congratulação, Congraçar",,,MD33-M-02
Conhc,Conhecer,Conhecimento;Conhecedor,"Conhecer, Conhecimento, Conhecedor",,,MD33-M-02
Cj,Conjunto,Conjugar,"Conjunto (C), Conjugar",C,,MD33-M-02
Cnjt,Conjuntura,Conjuntural,"Conjuntura, Conjuntural",,,MD33-M-02
Conq,Conquista,Conquistar;Conquistador;Conquistável,"Conquista, Conquistar, Conquistador, Conquistável",,,MD33-M-02
Csit,Consciência Situacional,,Consciência Situacional,,,MD33-M-02
Consc,Conscrito,,Conscrito,,,MD33-M-02
Cslh,Conselho,,Conselho (C),C,,MD33-M-02
CDI,Conselho de Defesa Interna,,Conselho de Defesa Interna,,,MD33-M-02
CJM,Conselho de Justiça Militar,,Conselho de Justiça Militar,,,MD33-M-02
CS,Conselho de Segurança,,Conselho de Segurança,,,MD33-M-02
CS ONU,Conselho de Segurança da Organização das Nações Unidas,,Conselho de Segurança da Organização das Nações Unidas,,,MD33-M-02
C Mi D,Conselho Militar de Defesa,,Conselho Militar de Defesa,,,MD33-M-02
CNDC,Conselho Nacional de Defesa Civil,,Conselho Nacional de Defesa Civil,,,MD33-M-02
CSJ,Conselho Superior de Justiça,,Conselho Superior de Justiça,,,MD33-M-02
Conseq,Conseqüência,Conseqüente,"Conseqüência, Conseqüente",,,MD33-M-02
Cnsv,Conservação,Conservar;Conservador,"Conservação, Conservar, Conservador",,,MD33-M-02
Cnsd,Considerar,Consideração;Considerado,"Considerar, Consideração, Considerado",,,MD33-M-02
Consig,Consignação,Consignar;Consignatário,"Consignação, Consignar, Consignatário",,,MD33-M-02
Cs,Console,,Console,,,MD33-M-02
Cs AA,Console de Alocação de Armas,,Console de Alocação de Armas,,,MD33-M-02
Cs OGE,Console do Operador de Guerra Eletrônica,,Console do Operador de Guerra Eletrônica,,,MD33-M-02
Cs OI,Console do Operador de Identificação,,Console do Operador de Identificação,,,MD33-M-02
Csld,Consolidação,Consolidar,"Consolidação, Consolidar",,,MD33-M-02
Cnte,Constante,Constar,"Constante, Constar",,,MD33-M-02
Const,Constitucional,Constituição;Constituir,"Constitucional, Constituição,Constituir",,,MD33-M-02
Cnst,Construção,Construir;Construtor,"Construção, Construir, Construtor",,,MD33-M-02
Cnsl,Cônsul,Consulado;Consular,"Cônsul, Consulado, Consular",,,MD33-M-02
Cns,Consulta,Consultoria;Consultar;Consultor,"Consulta, Consultoria, Consultar, Consultor",,,MD33-M-02
CJACM,Consultor Jurídico-Adjunto do Comando da Marinha,,Consultor Jurídico-Adjunto do Comando da Marinha,,,MD33-M-02
Cons MM,Consumo Médio Mensal,,Consumo Médio Mensal,,,MD33-M-02
Cons,Consumo,Consumível;Consumir;Consumidor;Consumar,"Consumo, Consumível, Consumir, Consumidor, Consumar",,,MD33-M-02
Cont,Contabilidade,Contador;Contabilizar;Contabilizável,"Contabilidade, Contador, Contabilizar, Contabilizável",,,MD33-M-02
Ctmc,Contaminação,,Contaminação,,,MD33-M-02
Ctm,Contaminar,Contaminante,"Contaminar, Contaminante",,,MD33-M-02
Ctt,Contato,Contatar,"Contato, Contatar",,,MD33-M-02
Cnt,Contenção,Conter,"Contenção, Conter",,,MD33-M-02
Conti,Continência,Continente,"Continência, Continente",,,MD33-M-02
CD,Contingente de Desembarque,,Contingente de Desembarque,,,MD33-M-02
Contg,Contingente,Contingência;Contingenciamento,"Contingente, Contingência, Contingenciamento",,,MD33-M-02
Cotn,Contínuo,Continuado;Continuar;Continuação,"Contínuo, Continuado, Continuar, Continuação",,,MD33-M-02
C,Contra,,Contra,,sim,MD33-M-02
CT,Contra Torpedeiro,,Contra Torpedeiro,,,MD33-M-02
C Atq,Contra-ataque,Contra-atacar,"Contra-ataque, Contra-atacar",,,MD33-M-02
C Bia,Contrabateria,,Contrabateria,,,MD33-M-02
C Espi,Contra-espionagem,,Contra-espionagem,,,MD33-M-02
C Guer,Contraguerrilha,,Contraguerrilha,,,MD33-M-02
C Incd,Contra-incêndio,,Contra-incêndio,,,MD33-M-02
C Intlg,Contra-inteligência,,Contra-inteligência,,,MD33-M-02
C Mrt,Contramorteiro,,Contramorteiro,,,MD33-M-02
C Ofs,Contra-ofensiva,,Contra-ofensiva,,,MD33-M-02
C Prep,Contrapreparação,,Contrapreparação,,,MD33-M-02
C Prop,Contrapropaganda,,Contrapropaganda,,,MD33-M-02
C Snh,Contra-senha,,Contra-senha,,,MD33-M-02
Contr,Contratar,Contrato;Contratual;Contratante,"Contratar, Contrato, Contratual, Contratante",,,MD33-M-02
C Trr,Contra-Terrorismo,,Contra-Terrorismo,,,MD33-M-02
CT,Contratorpedeiro,,Contratorpedeiro,,,MD33-M-02
Contb,Contribuir,Contribuição;Contribuinte,"Contribuir, Contribuição, Contribuinte",,,MD33-M-02
Ct A,Controlador Aéreo,,Controlador Aéreo,,,MD33-M-02
CAAS,Controlador Aéreo Anti-Submarino,,Controlador Aéreo Anti-Submarino,,,MD33-M-02
CAA,Controlador Aéreo Avançado,,Controlador Aéreo Avançado,,,MD33-M-02
C Ch,Controlador Chefe,,Controlador Chefe,,,MD33-M-02
CA Ae,Controlador de Apoio Aéreo,,Controlador de Apoio Aéreo,,,MD33-M-02
CCOM,Controlador de Circulação Operacional Militar,,Controlador de Circulação Operacional Militar,,,MD33-M-02
CER,Controlador de Estação Radar,,Controlador de Estação Radar,,,MD33-M-02
Ct I,Controlador de Interceptação,,Controlador de Interceptação,,,MD33-M-02
COAM,Controlador de Operações Aéreas Militares,,Controlador de Operações Aéreas Militares,,,MD33-M-02
CTAM,Controlador de Tráfego Aéreo Militar,,Controlador de Tráfego Aéreo Militar,,,MD33-M-02
CV,Controlador de Vôo,,Controlador de Vôo,,,MD33-M-02
Ct,Controlador,Controle;Controlar;Controlado;Controlável,"Controlador, Controle, Controlar, Controlado, Controlável (C)",C,,MD33-M-02
CAM,Controle de Área Marítima,,Controle de Área Marítima,,,MD33-M-02
C Avr,Controle de Avarias,,Controle de Avarias,,,MD33-M-02
CDC,Controle de Distúrbios Civis,,Controle de Distúrbios Civis,,,MD33-M-02
GCI,Controle de Interceptação no Solo (Ground Control Intercept),,Controle de Interceptação no Solo (Ground Control Intercept),,,MD33-M-02
CIEM,Controle de Irradiações Eletromagnéticas,,Controle de Irradiações Eletromagnéticas,,,MD33-M-02
ATC,Controle de Tráfego Aéreo (Air Traffic Control),,Controle de Tráfego Aéreo (Air Traffic Control),,,MD33-M-02
C Tran,Controle de Trânsito,,Controle de Trânsito,,,MD33-M-02
CEA,Controle do Espaço Aéreo,,Controle do Espaço Aéreo,,,MD33-M-02
CEATO,Controle do Espaço Aéreo no Teatro de Operações,,Controle do Espaço Aéreo no Teatro de Operações,,,MD33-M-02
CAV,Controle e Alarme em Vôo,,Controle e Alarme em Vôo,,,MD33-M-02
CNTM,Controle Naval do Tráfego Marítimo,,Controle Naval do Tráfego Marítimo,,,MD33-M-02
Cnv,Convalescente,Convalescer,"Convalescente, Convalescer",,,MD33-M-02
Convl,Convencional,,Convencional,,,MD33-M-02
Convn,Conveniência,Conveniente,"Conveniência, Conveniente",,,MD33-M-02
Cnvo,Convênio,,Convênio,,,MD33-M-02
Cnvg,Convergente,Convergência;Convergir,"Convergente, Convergência, Convergir",,,MD33-M-02
Cnvs,Conversão,Conversor;Conversível,"Conversão, Conversor, Conversível",,,MD33-M-02
Conv,Convés,,Convés,,,MD33-M-02
Convi,Convidar,Convite,"Convidar, Convite",,,MD33-M-02
Convc,Convocação,Convocar;Convocável;Convocatória,"Convocação, Convocar, Convocável, Convocatória",,,MD33-M-02
Coop,Cooperação,Cooperador;Cooperar,"Cooperação, Cooperador, Cooperar",,,MD33-M-02
Coor Esp Ae,Coordenação do Espaço Aéreo,,Coordenação do Espaço Aéreo,,,MD33-M-02
Coor Esp Ae TO,Coordenação do Espaço Aéreo no Teatro de Operações,,Coordenação do Espaço Aéreo no Teatro de Operações,,,MD33-M-02
Coor,Coordenação,Coordenar;Coordenador,"Coordenação, Coordenar, Coordenador (C)",C,,MD33-M-02
CGE ou COGE,Coordenador da Guerra Eletrônica,,Coordenador da Guerra Eletrônica,,,MD33-M-02
CA Ap,Coordenador das Armas de Apoio,,Coordenador das Armas de Apoio,,,MD33-M-02
CAF,Coordenador de Apoio de Fogo,,Coordenador de Apoio de Fogo,,,MD33-M-02
CHA,Coordenador de Helicópteros no Ar,,Coordenador de Helicópteros no Ar,,,MD33-M-02
Cop,Copiar,Cópia;Copiadora,"Copiar, Cópia, Copiadora",,,MD33-M-02
2P,Co-piloto,,Co-piloto,,,MD33-M-02
C Cmp,Cor do Campo,,Cor do Campo,,,MD33-M-02
C Met,Cor Meteorológica,,Cor Meteorológica,,,MD33-M-02
Cora,Coração,,Coração,,,MD33-M-02
Crd,Cordel,corda;cordada,"Cordel, corda, cordada",,,MD33-M-02
Cnt,Corneta,Corneteiro,"Corneta, Corneteiro",,,MD33-M-02
C Anf,Corpo Anfíbio,,Corpo Anfíbio,,,MD33-M-02
CAP,Corpo Auxiliar de Praças,,Corpo Auxiliar de Praças,,,MD33-M-02
CA,Corpo da Armada,,Corpo da Armada,,,MD33-M-02
CC Intlg,Corpo de Contra-Inteligência,,Corpo de Contra-Inteligência,,,MD33-M-02
CETN,Corpo de Engenheiros e Técnicos Navais,,Corpo de Engenheiros e Técnicos Navais,,,MD33-M-02
CFN,Corpo de Fuzileiros Navais,,Corpo de Fuzileiros Navais,,,MD33-M-02
CIM,Corpo de Intendência da Marinha,,Corpo de Intendência da Marinha,,,MD33-M-02
CORM,Corpo de Oficiais da Reserva da Marinha,,Corpo de Oficiais da Reserva da Marinha,,,MD33-M-02
CPA,Corpo de Praças da Armada,,Corpo de Praças da Armada,,,MD33-M-02
CPRM,Corpo de Praças da Reserva da Marinha,,Corpo de Praças da Reserva da Marinha,,,MD33-M-02
C Tr,Corpo de Tropa,,Corpo de Tropa,,,MD33-M-02
CP,Corpo Principal,,Corpo Principal,,,MD33-M-02
C Comp,Correção Complementar,,Correção Complementar,,,MD33-M-02
C Comp Si,Correção Complementar de Sítio,,Correção Complementar de Sítio,,,MD33-M-02
CDM,Correção de Declinação Magnética,,Correção de Declinação Magnética,,,MD33-M-02
C Der,Correção de Deriva,,Correção de Deriva,,,MD33-M-02
CDB,Correção de Desvio de Bússola,,Correção de Desvio de Bússola,,,MD33-M-02
Cor E,Correção Especial,,Correção Especial,,,MD33-M-02
Cor,Correção,Corrigir;Corretor;Corretivo,"Correção, Corrigir, Corretor, Corretivo",,,MD33-M-02
Crdr,Corredor,,Corredor,,,MD33-M-02
Corg,Córrego,,Córrego,,,MD33-M-02
CAN,Correio Aéreo Nacional,,Correio Aéreo Nacional,,,MD33-M-02
Corrt,Corrente,,Corrente,,,MD33-M-02
AC,Corrente Alternada (Alternate Current),,Corrente Alternada (Alternate Current),,,MD33-M-02
DC,Corrente Contínua (Direct Current),,Corrente Contínua (Direct Current),,,MD33-M-02
CE,Correspondência Eletrônica,,Correspondência Eletrônica,,,MD33-M-02
Corresp,Correspondência,Correspondente;Corresponder,"Correspondência, Correspondente, Corresponder",,,MD33-M-02
C Pos,Corretor de Posição,,Corretor de Posição,,,MD33-M-02
Corr,Corrosão,Corrosivo;Corroer,"Corrosão, Corrosivo, Corroer",,,MD33-M-02
Cort,Cortina,,Cortina,,,MD33-M-02
Cort F,Cortina de Fogos,,Cortina de Fogos,,,MD33-M-02
Cv,Corveta,,Corveta,,,MD33-M-02
Cos,Costa,Costeira,"Costa, Costeira",,,MD33-M-02
Cot,Cota,Cotado,"Cota, Cotado",,,MD33-M-02
Coz,Cozinha,Cozinhar;Cozinheiro,"Cozinha, Cozinhar, Cozinheiro",,,MD33-M-02
Crat,Cratera,,Cratera,,,MD33-M-02
Cred,Credenciada,Credenciar;Credencial,"Credenciada, Credenciar, Credencial",,,MD33-M-02
Cdt,Creditar,Crédito;Creditício,"Creditar, Crédito, Creditício",,,MD33-M-02
Cps,Crepúsculo,Crepuscular,"Crepúsculo, Crepuscular",,,MD33-M-02
Crim,Criminal,Criminalista;Criminalística,"Criminal, Criminalista, Criminalística",,,MD33-M-02
Crptanl,Criptoanálise,,Criptoanálise,,,MD33-M-02
Crpt,Criptografar,Criptográfico;Criptografia;Criptógrafo,"Criptografar, Criptográfico, Criptografia, Criptógrafo",,,MD33-M-02
Crpg,Criptograma,,Criptograma,,,MD33-M-02
Ctc,Crítica,Criticar;Crítico,"Crítica, Criticar, Crítico",,,MD33-M-02
Crong,Cronograma,,Cronograma,,,MD33-M-02
C,Cruzador,,Cruzador,,sim,MD33-M-02
Crz,Cruzamento,cruzar;Cruzeiro,"Cruzamento, cruzar, Cruzeiro",,,MD33-M-02
Cump,Cumprir,Cumprimento,"Cumprir, Cumprimento",,,MD33-M-02
Cu,Cúmulo (Cumulus),,Cúmulo (Cumulus),,,MD33-M-02
CB,Cúmulo-nimbos (Cumulus-nimbus),,Cúmulo-nimbos (Cumulus-nimbus),,,MD33-M-02
Cnh,Cunhete,,Cunhete,,,MD33-M-02
C Pl,Currículo Pleno,,Currículo Pleno,,,MD33-M-02
Cur,Cursar,Curso,"Cursar, Curso (C)",C,,MD33-M-02
C Agu,Curso de Água,,Curso de Água,,,MD33-M-02
C Aperf,Curso de Aperfeiçoamento,,Curso de Aperfeiçoamento,,,MD33-M-02
C Esp,Curso de Especialização,,Curso de Especialização,,,MD33-M-02
C Ext,Curso de Extensão,,Curso de Extensão,,,MD33-M-02
CEEAA,Curso de Extensão em Engenharia de Armamento Aéreo,,Curso de Extensão em Engenharia de Armamento Aéreo,,,MD33-M-02
CFPR,Curso de Formação de Praças da Reserva,,Curso de Formação de Praças da Reserva,,,MD33-M-02
C,Curto,,Curto,,sim,MD33-M-02
CQ,Custo de Qualidade,,Custo de Qualidade,,,MD33-M-02
Dd,Dados,,Dados,,,MD33-M-02
Dan,Dano,Danificar,"Dano, Danificar (D)",D,,MD33-M-02
FOD,Danos por Objetos Estranhos (Foreign Object Damage),,Danos por Objetos Estranhos (Foreign Object Damage),,,MD33-M-02
Dat,Datilógrafo,Datilografia;Datilografar,"Datilógrafo, Datilografia, Datilografar",,,MD33-M-02
Db,Debate,Debater;Debatedor,"Debate, Debater, Debatedor",,,MD33-M-02
Deb,Debitar,Débito,"Debitar, Débito",,,MD33-M-02
Dcf,Decifrar,Decifrador,"Decifrar, Decifrador",,,MD33-M-02
Dcs,Decisão,Decisor,"Decisão, Decisor",,,MD33-M-02
DBA,Declaração de Beneficiários em Aditamento,,Declaração de Beneficiários em Aditamento,,,MD33-M-02
DBI,Declaração de Beneficiários Inicial,,Declaração de Beneficiários Inicial,,,MD33-M-02
DD,Declaração de Dependentes,,Declaração de Dependentes,,,MD33-M-02
Decla,Declaração,Declarar;Declarante,"Declaração, Declarar, Declarante",,,MD33-M-02
DM,Declinação Magnética,,Declinação Magnética,,,MD33-M-02
Decl,Declinação,Declinar,"Declinação, Declinar",,,MD33-M-02
STOL,Decolagem e Pouso Curtos (Short Take-Off and Landing),,Decolagem e Pouso Curtos (Short Take-Off and Landing),,,MD33-M-02
VTOL,Decolagem e Pouso Verticais (Vertical Take-Off and Landing),,Decolagem e Pouso Verticais (Vertical Take-Off and Landing),,,MD33-M-02
Dep,Decolar,Decolagem (Departure),"Decolar, Decolagem (Departure)",,,MD33-M-02
Dec,Decreto,Decretar,"Decreto, Decretar",,,MD33-M-02
DL,Decreto-Lei,,Decreto-Lei,,,MD33-M-02
Dcpt,Decriptação,Decriptar,"Decriptação, Decriptar",,,MD33-M-02
Ded,Dedicação,Dedicar,"Dedicação, Dedicar",,,MD33-M-02
Dfs,Defasagem,Defasar,"Defasagem, Defasar",,,MD33-M-02
Defr,Deferimento,Deferir,"Deferimento, Deferir",,,MD33-M-02
D Ae ou DA,Defesa Aérea,,Defesa Aérea,,,MD33-M-02
DA Atv,Defesa Aérea Ativa,,Defesa Aérea Ativa,,,MD33-M-02
DATO,Defesa Aérea de Teatro de Operações,,Defesa Aérea de Teatro de Operações,,,MD33-M-02
DA Pas,Defesa Aérea Passiva,,Defesa Aérea Passiva,,,MD33-M-02
D Aepc,Defesa Aeroespacial,,Defesa Aeroespacial,,,MD33-M-02
D Aepc Pas,Defesa Aeroespacial Passiva,,Defesa Aeroespacial Passiva,,,MD33-M-02
DA Ae,Defesa Antiaérea,,Defesa Antiaérea,,,MD33-M-02
DAC,Defesa Anticarro,,Defesa Anticarro,,,MD33-M-02
Def AR,Defesa da Área de Retaguarda,,Defesa da Área de Retaguarda,,,MD33-M-02
Def A,Defesa de Área,,Defesa de Área,,,MD33-M-02
DQBN,"Defesa Química, Biológica e Nuclear",,"Defesa Química, Biológica e Nuclear",,,MD33-M-02
DT Ae,Defesa Territorial Aérea,,Defesa Territorial Aérea,,,MD33-M-02
DTM,Defesa Territorial Marítima,,Defesa Territorial Marítima,,,MD33-M-02
DT Ter,Defesa Territorial Terrestre,,Defesa Territorial Terrestre,,,MD33-M-02
Def,Defesa,Defensiva;Defender,"Defesa, Defensiva (D), Defender",D,,MD33-M-02
Dfc,Deficiência,Deficiente,"Deficiência, Deficiente (D)",D,,MD33-M-02
Dfn,Definir,Definição;Definível,"Definir, Definição, Definível",,,MD33-M-02
Dfnt,Definitivo,Definitivamente,"Definitivo, Definitivamente",,,MD33-M-02
Del,Delegação,Delegado;Delegar;Delegacia,"Delegação, Delegado, Delegar, Delegacia",,,MD33-M-02
Del SM,Delegacia do Serviço Militar,,Delegacia do Serviço Militar,,,MD33-M-02
Dlbr,Deliberar,Deliberativo;Deliberação,"Deliberar, Deliberativo, Deliberação",,,MD33-M-02
Demt,Demitir,Demissão,"Demitir, Demissão,",,,MD33-M-02
Dml,Demolição,Demolir;Demolidor,"Demolição, Demolir, Demolidor",,,MD33-M-02
Dem Anf,Demonstração Anfíbia,,Demonstração Anfíbia,,,MD33-M-02
Dem,Demonstrar,Demonstração;Demonstrativo;Demonstrador;Demonstrável,"Demonstrar, Demonstração, Demonstrativo, Demonstrador, Demonstrável",,,MD33-M-02
Dens,Densidade,,Densidade (D),D,,MD33-M-02
D Crg,Densidade de Carga,,Densidade de Carga,,,MD33-M-02
D Trf Rdv,Densidade de Tráfego Rodoviário,,Densidade de Tráfego Rodoviário,,,MD33-M-02
Dent,Dentista,Dentário,"Dentista, Dentário",,,MD33-M-02
Dpt,Departamento,Departamental,"Departamento (D), Departamental",D,,MD33-M-02
Depn,Dependente,Depender;Dependência,"Dependente, Depender, Dependência",,,MD33-M-02
Dep,Depositar,Depósito;Depositante,"Depositar, Depósito, (D), Depositante",D,,MD33-M-02
DCMB,Depósito Central de Material Bélico,,Depósito Central de Material Bélico,,,MD33-M-02
DRMB,Depósito Regional de Material Bélico,,Depósito Regional de Material Bélico,,,MD33-M-02
Der,Deriva,,Deriva (D),D,,MD33-M-02
Derv,Derivação,Derivar;Derivativo,"Derivação, Derivar, Derivativo",,,MD33-M-02
Desac,Desacordo,,Desacordo,,,MD33-M-02
Deag,Desagregação,Desagregar;Desagragador,"Desagregação, Desagregar, Desagragador",,,MD33-M-02
Desan,Desanexar,Desanexo,"Desanexar, Desanexo",,,MD33-M-02
Desap,Desaparecer,Desaparecimento,"Desaparecer, Desaparecimento (D)",D,,MD33-M-02
DEA,Desaparecido em Ação,,Desaparecido em Ação,,,MD33-M-02
DEC,Desaparecido em Combate,,Desaparecido em Combate,,,MD33-M-02
Dtv,Desativação,Desativar;Desativador,"Desativação, Desativar, Desativador",,,MD33-M-02
Dtlz,Desatualizar,,Desatualizar,,,MD33-M-02
Dsb V,Desbordamento Vertical,,Desbordamento Vertical,,,MD33-M-02
Dsb,Desbordamento,Desbordar,"Desbordamento, Desbordar",,,MD33-M-02
Dcg,Descarga,Descarregar;Descarregador,"Descarga, Descarregar, Descarregador",,,MD33-M-02
Des,Descer,Descendente;Descender,"Descer, Descendente, Descender",,,MD33-M-02
DER,Descida em Rota,,Descida em Rota,,,MD33-M-02
Dcb,Descobrir,Descobridor,"Descobrir, Descobridor (D)",D,,MD33-M-02
Dcpr,Descompressão,Descomprimir,"Descompressão, Descomprimir",,,MD33-M-02
Dconhc,Desconhecer,Desconhecimento,"Desconhecer, Desconhecimento",,,MD33-M-02
Descon,Descontaminação,Descontaminar,"Descontaminação, Descontaminar",,,MD33-M-02
Desc,Desconto,Descontar;Descontável,"Desconto, Descontar, Descontável",,,MD33-M-02
Dcri,Descrever,Descrição,"Descrever, Descrição",,,MD33-M-02
DIN,Desdobramento de Informações Necessárias,,Desdobramento de Informações Necessárias,,,MD33-M-02
Desd,Desdobramento,Desdobrar,"Desdobramento, Desdobrar (D)",D,,MD33-M-02
D,Desejar,Desejo,"Desejar, Desejo",,sim,MD33-M-02
Desbr,Desembaraçar,Desembaraço,"Desembaraçar, Desembaraço",,,MD33-M-02
Dbq,Desembarque,Desembarcar,"Desembarque, Desembarcar (D)",D,,MD33-M-02
Dbc,Desembocar,Desembocadura,"Desembocar, Desembocadura",,,MD33-M-02
Dsp,Desempenho,Desempenhar,"Desempenho, Desempenhar",,,MD33-M-02
Dscd,Desencadear,Desencadeamento,"Desencadear, Desencadeamento",,,MD33-M-02
Dencth,Desencartuchar,,Desencartuchar,,,MD33-M-02
Dengj,Desengajar,Desengajado;Desengajamento,"Desengajar, Desengajado, Desengajamento",,,MD33-M-02
Dengst,Desengastar,,Desengastar,,,MD33-M-02
Dsv,Desenvolver,Desenvolvimento;Desenvolvente,"Desenvolver, Desenvolvimento, Desenvolvente",,,MD33-M-02
Des,Deserção,Desertar;Desertor,"Deserção, Desertar, Desertor",,,MD33-M-02
Dg,Desgarrar,,Desgarrar,,,MD33-M-02
Dgt,Desgaste,Desgastar,"Desgaste, Desgastar",,,MD33-M-02
Dsg,Designação,Designar,"Designação, Designar",,,MD33-M-02
Desimp,Desimpedir,Desimpedimento,"Desimpedir, Desimpedimento",,,MD33-M-02
Dincrp,Desincorporar,Desincorporação,"Desincorporar, Desincorporação",,,MD33-M-02
Dsf,Desinfecção,Desinfetar,"Desinfecção, Desinfetar",,,MD33-M-02
Dintd,Desinterditar,Desinterdição,"Desinterditar, Desinterdição",,,MD33-M-02
Desist,Desistir,Desistência,"Desistir, Desistência",,,MD33-M-02
Desl,Desligamento,Desligar,"Desligamento, Desligar",,,MD33-M-02
Dslc,Deslocamento,Deslocar,"Deslocamento, Deslocar (D)",D,,MD33-M-02
Dsmt,Desmatar,Desmatamento,"Desmatar, Desmatamento",,,MD33-M-02
Dsmin,Desminagem,,Desminagem,,,MD33-M-02
DDR,"Desmobilização, Desarmamento e Reintegração",,"Desmobilização, Desarmamento e Reintegração",,,MD33-M-02
Dmob,Desmobilizar,Desmobilização;Desmobilizador,"Desmobilizar, Desmobilização, Desmobilizador",,,MD33-M-02
Dmont,Desmontagem,Desmontar;Desmontável,"Desmontagem, Desmontar, Desmontável",,,MD33-M-02
Dobst,Desobstrução,Desobstruir,"Desobstrução, Desobstruir",,,MD33-M-02
Docp,Desocupar,,Desocupar,,,MD33-M-02
Desp,Despacho,Despachar;Despachante,"Despacho, Despachar, Despachante",,,MD33-M-02
Dps,Despesa,,Despesa (D),D,,MD33-M-02
Dptt,Despistamento,Despistar,"Despistamento, Despistar",,,MD33-M-02
DAE,Destacamento Aéreo Embarcado,,Destacamento Aéreo Embarcado,,,MD33-M-02
DESTAE,Destacamento de Aeronáutica,,Destacamento de Aeronáutica,,,MD33-M-02
DASC,Destacamento de Apoio de Serviços ao Combate,,Destacamento de Apoio de Serviços ao Combate,,,MD33-M-02
D Ctt,Destacamento de Contato,,Destacamento de Contato,,,MD33-M-02
DCA,Destacamento de Controle Avançado,,Destacamento de Controle Avançado,,,MD33-M-02
DD,Destacamento de Descoberta,,Destacamento de Descoberta,,,MD33-M-02
DDC,Destacamento de Descoberta a Cavalo,,Destacamento de Descoberta a Cavalo,,,MD33-M-02
DDM,Destacamento de Descoberta Motorizado,,Destacamento de Descoberta Motorizado,,,MD33-M-02
D Dest,Destacamento de Destruição,,Destacamento de Destruição,,,MD33-M-02
DLF Esp,Destacamento de Ligação de Forças Especiais,,Destacamento de Ligação de Forças Especiais,,,MD33-M-02
DOFEsp,Destacamento de Operações de Forças Especiais,,Destacamento de Operações de Forças Especiais,,,MD33-M-02
DOI,Destacamento de Operações e Informações,,Destacamento de Operações e Informações,,,MD33-M-02
Dst OI,Destacamento de Operações Internas,,Destacamento de Operações Internas,,,MD33-M-02
D Pra,Destacamento de Praia,,Destacamento de Praia,,,MD33-M-02
D Pra For Dbq,Destacamento de Praia da Força de Desembarque,,Destacamento de Praia da Força de Desembarque,,,MD33-M-02
DZ Dbq,Destacamento de Zona de Desembarque,,Destacamento de Zona de Desembarque,,,MD33-M-02
DOF Esp,Destacamento Operacional de Forças Especiais,,Destacamento Operacional de Forças Especiais,,,MD33-M-02
D Prec,Destacamento Precursor,,Destacamento Precursor,,,MD33-M-02
D Rtrd,Destacamento Retardador,,Destacamento Retardador,,,MD33-M-02
Dst,Destacamento,Destacar,"Destacamento, Destacar (D)",D,,MD33-M-02
DI,Destino Ignorado,,Destino Ignorado,,,MD33-M-02
Dstn,Destino,Destinatário;Destinar,"Destino, Destinatário, Destinar (D)",D,,MD33-M-02
Dest,Destruição,Destruir;Destruidor,"Destruição, Destruir, Destruidor",,,MD33-M-02
Dvtg,Desvantagem,,Desvantagem,,,MD33-M-02
Dv,Desvio,,Desvio (D),D,,MD33-M-02
Dv P,Desvio Padrão,,Desvio Padrão,,,MD33-M-02
DP Circ,Desvio Provável Circular,,Desvio Provável Circular,,,MD33-M-02
DPD,Desvio Provável em Direção,,Desvio Provável em Direção,,,MD33-M-02
DP Vtc,Desvio Provável Vertical,,Desvio Provável Vertical,,,MD33-M-02
Dtl,Detalhar,Detalhe,"Detalhar, Detalhe (D)",D,,MD33-M-02
Dtt,Detecção,Detector;Detectar,"Detecção, Detector, Detectar",,,MD33-M-02
Det,Determinar,Determinação,"Determinar, Determinação",,,MD33-M-02
MAD,Detetor de Anomalias Magnéticas (Aerotransportado) (Magnetic Anomalie Detector),,Detetor de Anomalias Magnéticas (Aerotransportado) (Magnetic Anomalie Detector),,,MD33-M-02
Detn,Detonador,Detonante,"Detonador, Detonante",,,MD33-M-02
Devol,Devolução,Devolver,"Devolução, Devolver",,,MD33-M-02
D,Dia,,Dia,,sim,MD33-M-02
D Mob,Dia de Mobilização,,Dia de Mobilização,,,MD33-M-02
D Mun,Dia de Munição,,Dia de Munição,,,MD33-M-02
D Sup,Dia de Suprimento,,Dia de Suprimento,,,MD33-M-02
Diagt,Diagnóstico,Diagnosticar;Diagnosticador,"Diagnóstico, Diagnosticar, Diagnosticador",,,MD33-M-02
Digr,Diagrama,Diagramador,"Diagrama (D), Diagramador",D,,MD33-M-02
D Cirt,Diagrama de Circuitos,,Diagrama de Circuitos,,,MD33-M-02
Digr E,Diagrama de Estiva,,Diagrama de Estiva,,,MD33-M-02
DRR,Diagrama de Rede Rádio,,Diagrama de Rede Rádio,,,MD33-M-02
DSMC,Diagrama do Sistema Multicanal,,Diagrama do Sistema Multicanal,,,MD33-M-02
D Trf Tel,Diagrama do Tráfego Telefônico,,Diagrama do Tráfego Telefônico,,,MD33-M-02
Diam,Diâmetro,,Diâmetro,,,MD33-M-02
Di,Diária,,Diária,,,MD33-M-02
DOU,Diário Oficial da União,,Diário Oficial da União,,,MD33-M-02
Dt,Didático,,Didático,,,MD33-M-02
Dific,Dificuldade,Dificultar,"Dificuldade, Dificultar",,,MD33-M-02
Dif,Difusão,Difundir;Difusor,"Difusão, Difundir, Difusor",,,MD33-M-02
Dig,Digitar,dígito;digitador,"Digitar, dígito, digitador",,,MD33-M-02
Dplm,Diplomacia,Diplomata;Diploma;Diplomar;Diplomação,"Diplomacia, Diplomata, Diploma, Diplomar, Diplomação",,,MD33-M-02
Dire,Direção (sentido),Direcionar,"Direção (sentido) (D), Direcionar",D,,MD33-M-02
DCTM,Direção Civil do Transporte Marítimo,,Direção Civil do Transporte Marítimo,,,MD33-M-02
DR,Direção de Referência,,Direção de Referência,,,MD33-M-02
DT,Direção de Tiro,,Direção de Tiro,,,MD33-M-02
DV,Direção de Vigilância,,Direção de Vigilância,,,MD33-M-02
DAS,Direção e Assessoramento Superior,,Direção e Assessoramento Superior,,,MD33-M-02
DGT,Direção Geral de Tiro,,Direção Geral de Tiro,,,MD33-M-02
DPT,Direção Principal de Tiro,,Direção Principal de Tiro,,,MD33-M-02
DTA,Direção Tática de Atuação,,Direção Tática de Atuação,,,MD33-M-02
Dirt,Direita,,Direita,,,MD33-M-02
Dtva,Diretiva,,Diretiva (D),D,,MD33-M-02
DI,Diretiva Inicial,,Diretiva Inicial,,,MD33-M-02
DPP,Diretiva Preliminar de Planejamento,,Diretiva Preliminar de Planejamento,,,MD33-M-02
Dto,Direto,,Direto,,,MD33-M-02
Dir,Diretor,Diretoria;Direção;Dirigir,"Diretor, Diretoria, Direção, Dirigir (D)",D,,MD33-M-02
Dtz,Diretriz,,Diretriz (D),D,,MD33-M-02
DBMM,Diretriz Básica de Mobilização Militar,,Diretriz Básica de Mobilização Militar,,,MD33-M-02
D Anvg,Diretriz de Aeronavegabilidade,,Diretriz de Aeronavegabilidade,,,MD33-M-02
D Anvg Emerg,Diretriz de Aeronavegabilidade de Emergência,,Diretriz de Aeronavegabilidade de Emergência,,,MD33-M-02
AOD,Diretriz de Operações Aéreas (Air Operations Directive),,Diretriz de Operações Aéreas (Air Operations Directive),,,MD33-M-02
Drg,Dirigível,Dirigibilidade,"Dirigível, Dirigibilidade",,,MD33-M-02
Drmr,Dirimir,,Dirimir,,,MD33-M-02
Discp,Disciplina,Disciplinar,"Disciplina, Disciplinar (D)",D,,MD33-M-02
Dis,Disco,,Disco,,,MD33-M-02
Dscp,Discrepância,,Discrepância,,,MD33-M-02
Discr,Discriminação,Discriminar;Discriminatório,"Discriminação, Discriminar, Discriminatório",,,MD33-M-02
Disc,Discussão,Discutir,"Discussão (D) , Discutir",D,,MD33-M-02
D Prbl,Discussão de Problema,,Discussão de Problema,,,MD33-M-02
D Dir,Discussão Dirigida,,Discussão Dirigida,,,MD33-M-02
Disf,Disfarce,Disfarçar;Disfarçável,"Disfarce, Disfarçar, Disfarçável",,,MD33-M-02
Disp,Dispensa,Dispensar;Dispensário,"Dispensa, Dispensar, Dispensário",,,MD33-M-02
Dprs,Dispersão,Dispersar,"Dispersão (D), Dispersar",D,,MD33-M-02
Dspn M,Disponibilidade Média,,Disponibilidade Média,,,MD33-M-02
Dspn,Disponível,Disponibilidade,"Disponível, Disponibilidade",,,MD33-M-02
Dspo,Dispositivo,Disposição,"Dispositivo (D), Disposição",D,,MD33-M-02
Dspo AS,Dispositivo de Apoio no Solo,,Dispositivo de Apoio no Solo,,,MD33-M-02
D Interf Rdr,Dispositivo de Interferência de Radar,,Dispositivo de Interferência de Radar,,,MD33-M-02
Dissem,Disseminar,Disseminação,"Disseminar, Disseminação",,,MD33-M-02
Dsml,Dissimular,Dissimulação;Dissimulador,"Dissimular, Dissimulação, Dissimulador",,,MD33-M-02
Diss,Dissuasão,Dissuadir;Dissuasório,"Dissuasão, Dissuadir, Dissuasório",,,MD33-M-02
D Ab,Distância de Abertura,,Distância de Abertura,,,MD33-M-02
DMR,Distância de Movimento Relativo,,Distância de Movimento Relativo,,,MD33-M-02
DO,Distância de Observação,,Distância de Observação,,,MD33-M-02
DEV,Distância entre Viaturas,,Distância entre Viaturas,,,MD33-M-02
DMIP,Distância Máxima de Interceptação Possível,,Distância Máxima de Interceptação Possível,,,MD33-M-02
DM Sup,Distância Média de Suprimento,,Distância Média de Suprimento,,,MD33-M-02
Dist,Distância,Distante,"Distância, Distante (D)",D,,MD33-M-02
DCE,Distintivo de Condição Especial,,Distintivo de Condição Especial,,,MD33-M-02
DOM,Distintivo de Organização Militar,,Distintivo de Organização Militar,,,MD33-M-02
Dl Sup,Distribuição em Instalação de Suprimento,,Distribuição em Instalação de Suprimento,,,MD33-M-02
Distr P,Distribuição por Ponto,,Distribuição por Ponto,,,MD33-M-02
Distr U,Distribuição por Unidade,,Distribuição por Unidade,,,MD33-M-02
Distr,Distribuição,Distribuidor;Distribuir,"Distribuição, Distribuidor, Distribuir (D)",D,,MD33-M-02
Dstr,Distrito,,Distrito,,,MD33-M-02
DN,Distrito Naval,,Distrito Naval,,,MD33-M-02
Diu,Diurno,,Diurno,,,MD33-M-02
Dvg,Divergente,Divergência;Divergir,"Divergente, Divergência, Divergir",,,MD33-M-02
Dvsn,Diversionária,,Diversionária,,,MD33-M-02
Dvs,Diversos,Diversificar,"Diversos, Diversificar",,,MD33-M-02
Div,Dividir,Divisão;Divisionária,"Dividir, Divisão, Divisionária (D)",D,,MD33-M-02
Div Anf,Divisão Anfíbia,,Divisão Anfíbia,,,MD33-M-02
DE,Divisão de Exército,,Divisão de Exército,,,MD33-M-02
DIPAA,Divisão de Investigação e Prevenção de Acidentes Aeronáuticos,,Divisão de Investigação e Prevenção de Acidentes Aeronáuticos,,,MD33-M-02
DPAA,Divisão de Prevenção de Acidentes Aeronáuticos,,Divisão de Prevenção de Acidentes Aeronáuticos,,,MD33-M-02
Dvg,Divulgar,Divulgação,"Divulgar, Divulgação",,,MD33-M-02
Doc,Documento,Documentação;Documentar;Documentário;Documental,"Documento, Documentação, Documentar, Documentário, Documental",,,MD33-M-02
Don,Doente,Doença,"Doente, Doença (D)",D,,MD33-M-02
Domc,Domicílio,Domiciliar,"Domicílio, Domiciliar",,,MD33-M-02
Domi,Domínio,Dominante;Dominar,"Domínio, Dominante (D), Dominar",D,,MD33-M-02
Dos,Dosagem,Dose;Dosar,"Dosagem, Dose, Dosar",,,MD33-M-02
D Ens,Dotação de Ensino,,Dotação de Ensino,,,MD33-M-02
Dot G,Dotação de Guerra,,Dotação de Guerra,,,MD33-M-02
DI,Dotação de Instrução,,Dotação de Instrução,,,MD33-M-02
DM,Dotação de Municão,,Dotação de Municão,,,MD33-M-02
DMA,Dotação de Munição Anual,,Dotação de Munição Anual,,,MD33-M-02
D Esp,Dotação Especial,,Dotação Especial,,,MD33-M-02
DO,Dotação Orgânica,,Dotação Orgânica,,,MD33-M-02
Dot,Dotar,Dotação,"Dotar, Dotação (D)",D,,MD33-M-02
Dout,Doutrina,Doutrinar;Doutrinação,"Doutrina (D), Doutrinar, Doutrinação",D,,MD33-M-02
Dout G,Doutrina de Guerra,,Doutrina de Guerra,,,MD33-M-02
DID,Doutrina de Inteligência de Defesa,,Doutrina de Inteligência de Defesa,,,MD33-M-02
Dout M,Doutrina Militar,,Doutrina Militar,,,MD33-M-02
DMD,Doutrina Militar de Defesa,,Doutrina Militar de Defesa,,,MD33-M-02
Dur,Duração,Durante;Durável;Durabilidade,"Duração, Durante, Durável, Durabilidade",,,MD33-M-02
Duv,Dúvida,Duvidar;Duvidoso,"Dúvida, Duvidar, Duvidoso",,,MD33-M-02
Econ,Economia,Econômico;Economizar;Ecônomo;Economista,"Economia, Econômico, Economizar (E), Ecônomo, Economista",E,,MD33-M-02
Ed,Edição,Editar;Editor;Editorial,"Edição, Editar, Editor, Editorial",,,MD33-M-02
Edc,Educacional,Educação;Educativo;Educador,"Educacional, Educação, Educativo, Educador",,,MD33-M-02
Efto,Efeito,,Efeito,,,MD33-M-02
Ef,Efetivo,Efetivação;Efetivar;Efetivado,"Efetivo, Efetivação, Efetivar, Efetivado",,,MD33-M-02
Efet,Efetuar,Efetuado,"Efetuar, Efetuado",,,MD33-M-02
Efi,Eficaz,Eficácia,"Eficaz, Eficácia",,,MD33-M-02
Efc,Eficiência,Eficiente,"Eficiência, Eficiente",,,MD33-M-02
E,Eixo,,Eixo,,sim,MD33-M-02
E Atq,Eixo de Ataque,,Eixo de Ataque,,,MD33-M-02
E Com,Eixo de Comunicações,,Eixo de Comunicações,,,MD33-M-02
E Ev,Eixo de Evacuação,,Eixo de Evacuação,,,MD33-M-02
E Prog,Eixo de Progressão,,Eixo de Progressão,,,MD33-M-02
E Sup Ev,Eixo de Suprimento e Evacuação,,Eixo de Suprimento e Evacuação,,,MD33-M-02
Elb,Elaborar,Elaboração;Elaborado;Elaborador,"Elaborar, Elaboração, Elaborado, Elaborador",,,MD33-M-02
Elm,Elemento,Elementar,"Elemento (E), Elementar",E,,MD33-M-02
Elm Anf,Elemento Anfíbio,,Elemento Anfíbio,,,MD33-M-02
EAF,Elemento de Apoio de Fogo,,Elemento de Apoio de Fogo,,,MD33-M-02
Elm ASC,Elemento de Apoio de Serviços ao Combate,,Elemento de Apoio de Serviços ao Combate,,,MD33-M-02
ECAF,Elemento de Coordenação de Apoio de Fogo,,Elemento de Coordenação de Apoio de Fogo,,,MD33-M-02
Elm D Ae,Elemento de Defesa Aérea,,Elemento de Defesa Aérea,,,MD33-M-02
ED A Ae,Elemento de Defesa Antiaérea,,Elemento de Defesa Antiaérea,,,MD33-M-02
E Elt Com,Elemento de Eletrônica e Comunicações,,Elemento de Eletrônica e Comunicações,,,MD33-M-02
E Bem,Elemento de Embarque,,Elemento de Embarque,,,MD33-M-02
EE,Elemento de Engenharia,,Elemento de Engenharia,,,MD33-M-02
EGQBR,"Elemento de Guerra Química, Biológica e Radiológica",,"Elemento de Guerra Química, Biológica e Radiológica",,,MD33-M-02
E Op,Elemento de Operações,,Elemento de Operações,,,MD33-M-02
EQBR,"Elemento Químico, Bacteriológico e Radiológico",,"Elemento Químico, Bacteriológico e Radiológico",,,MD33-M-02
ET,Elemento Tarefa,,Elemento Tarefa,,,MD33-M-02
EDC,Elementos Deixados em Contato,,Elementos Deixados em Contato,,,MD33-M-02
EEI,Elementos Essenciais de Inteligência,,Elementos Essenciais de Inteligência,,,MD33-M-02
El,Eletricidade,Elétrico;Eletricista,"Eletricidade, Elétrico, Eletricista",,,MD33-M-02
Eltg,Eletrogêneo,,Eletrogêneo,,,MD33-M-02
Eltmg,Eletromagnético,Eletromagnetismo,"Eletromagnético, Eletromagnetismo",,,MD33-M-02
Elt,Eletrônica,,Eletrônica (E),E,,MD33-M-02
Elv,Elevação,Elevar;Elevador,"Elevação, Elevar, Elevador",,,MD33-M-02
Eli Elim,Eliminação,Eliminar;Eliminado;Eliminador;Eliminável,"Eliminação, Eliminar, Eliminado, Eliminador, Eliminável",,,MD33-M-02
ECD,Em Condições De,,Em Condições De,,,MD33-M-02
E Ass,Embarcação de Assalto,,Embarcação de Assalto,,,MD33-M-02
ED,Embarcação de Desembarque,,Embarcação de Desembarque,,,MD33-M-02
EDCG,Embarcação de Desembarque de Carga Geral,,Embarcação de Desembarque de Carga Geral,,,MD33-M-02
EDVM,Embarcação de Desembarque de Viaturas e Material,,Embarcação de Desembarque de Viaturas e Material,,,MD33-M-02
EDVP,Embarcação de Desembarque de Viaturas e Pessoal,,Embarcação de Desembarque de Viaturas e Pessoal,,,MD33-M-02
ED Pn,Embarcação de Desembarque Pneumática,,Embarcação de Desembarque Pneumática,,,MD33-M-02
EDCA,Embarcação de Desembarque sobre Colchões de Ar,,Embarcação de Desembarque sobre Colchões de Ar,,,MD33-M-02
ETT,Embarcação de Transporte de Tropa,,Embarcação de Transporte de Tropa,,,MD33-M-02
Emb,Embarcação,Embarcar;Embarque,"Embarcação, Embarcar, Embarque (E)",E,,MD33-M-02
Embg,Embargo,Embargar,"Embargo, Embargar",,,MD33-M-02
Emerg,Emergência,Emergencial;Emergente;Emergir,"Emergência (E), Emergencial, Emergente, Emergir",E,,MD33-M-02
Emi,Emitir,Emissão;Emitido;Emissor;Emitente,"Emitir, Emissão, Emitido, Emissor, Emitente",,,MD33-M-02
Epng,Empenagem,,Empenagem,,,MD33-M-02
Emph,Empenhado,Empenho;Empenhar,"Empenhado, Empenho, Empenhar",,,MD33-M-02
Empl,Empilhadeira,Empilhar,"Empilhadeira, Empilhar",,,MD33-M-02
Emp,Empregar,Emprego;Empregador,"Empregar, Emprego, Empregador (E)",E,,MD33-M-02
EG,Emprego Geral,,Emprego Geral,,,MD33-M-02
Encam,Encaminhar,Encaminhamento;Encaminhador,"Encaminhar, Encaminhamento, Encaminhador",,,MD33-M-02
Enc MC,Encarregado do Material Controlado,,Encarregado do Material Controlado,,,MD33-M-02
EGA,Encarregado Geral do Armamento,,Encarregado Geral do Armamento,,,MD33-M-02
Enc,Encarregar,Encargo,"Encarregar, Encargo",,,MD33-M-02
Encth,Encartuchar,,Encartuchar,,,MD33-M-02
Encer,Encerrar,Encerramento,"Encerrar, Encerramento",,,MD33-M-02
Enco,Encontrar,Encontro,"Encontrar, Encontro (E)",E,,MD33-M-02
End,Endereçar,Endereço;Endereçamento;Endereçador,"Endereçar, Endereço, Endereçamento, Endereçador",,,MD33-M-02
En,Energia,Energizar,"Energia, Energizar",,,MD33-M-02
Enf,Enfermeira,Enfermaria;Enfermagem,"Enfermeira, Enfermaria, Enfermagem",,,MD33-M-02
Engj,Engajar,Engajamento,"Engajar, Engajamento",,,MD33-M-02
Engst,Engastar,,Engastar,,,MD33-M-02
ED,Engenharia (ou Engenheiro) Divisionária,,Engenharia (ou Engenheiro) Divisionária,,,MD33-M-02
Eng,Engenharia,Engenheiro,"Engenharia, Engenheiro (E)",E,,MD33-M-02
Enq,Enquadrar,Enquadramento,"Enquadrar, Enquadramento",,,MD33-M-02
Eso,Ensaio,,Ensaio,,,MD33-M-02
END,Ensaio Não-Destrutivos,,Ensaio Não-Destrutivos,,,MD33-M-02
Ens,Ensinar,Ensino;Ensinamento,"Ensinar, Ensino, Ensinamento (E)",E,,MD33-M-02
EAD,Ensino à Distância,,Ensino à Distância,,,MD33-M-02
E Pres,Ensino Presencial,,Ensino Presencial,,,MD33-M-02
Etd,Entendimento,Entender,"Entendimento, Entender",,,MD33-M-02
Enti,Entidade,,Entidade,,,MD33-M-02
Ent,Entrar,Entrada,"Entrar, Entrada",,,MD33-M-02
Entg,Entrega,Entregar;Entregador,"Entrega, Entregar, Entregador",,,MD33-M-02
EPS,Entrevista Padronizada de Seleção,,Entrevista Padronizada de Seleção,,,MD33-M-02
Entrv,Entrevistar,Entrevista;Entrevistado;Entrevistador,"Entrevistar, Entrevista, Entrevistado (E), Entrevistador",E,,MD33-M-02
Entr,Entroncamento,Entroncar,"Entroncamento, Entroncar",,,MD33-M-02
Envi,Enviar,Envio,"Enviar, Envio",,,MD33-M-02
Env V,Envolvimento Vertical,,Envolvimento Vertical,,,MD33-M-02
Env,Envolvimento,Envolver,"Envolvimento, Envolver",,,MD33-M-02
Enx,Enxerto,Enxertar,"Enxerto, Enxertar",,,MD33-M-02
Eql,Equilíbrio,Equilibrar,"Equilíbrio, Equilibrar",,,MD33-M-02
Eqp,Equipagem,Equipamento;Equipar;Equipe,"Equipagem, Equipamento, Equipar, Equipe (E)",E,,MD33-M-02
EAS,Equipamento de Apoio de Solo,,Equipamento de Apoio de Solo,,,MD33-M-02
Eqp DDT,Equipamento de Detecção e Direção de Tiro,,Equipamento de Detecção e Direção de Tiro,,,MD33-M-02
EDT,Equipamento de Direção de Tiro,,Equipamento de Direção de Tiro,,,MD33-M-02
DME,Equipamento de Medida de Distância (Distance Measuring Equipment),,Equipamento de Medida de Distância (Distance Measuring Equipment),,,MD33-M-02
EPI,Equipamento de Proteção Individual,,Equipamento de Proteção Individual,,,MD33-M-02
EIFM,Equipamento Indisponível por Falta de Material,,Equipamento Indisponível por Falta de Material,,,MD33-M-02
EIBC,Equipamento Individual Básico de Combate,,Equipamento Individual Básico de Combate,,,MD33-M-02
ENCE,Equipamento Não Completamente Equipado,,Equipamento Não Completamente Equipado,,,MD33-M-02
EPLR,Equipamento Parado na Linha de Revisão,,Equipamento Parado na Linha de Revisão,,,MD33-M-02
Eqpr,Equiparar,Equiparação,"Equiparar, Equiparação",,,MD33-M-02
EC Anf,Equipe de Comandos Anfíbios,,Equipe de Comandos Anfíbios,,,MD33-M-02
EDS,Equipe de Demolição Submarina,,Equipe de Demolição Submarina,,,MD33-M-02
Eq DP,Equipe de Destacamento de Praia,,Equipe de Destacamento de Praia,,,MD33-M-02
EE,Equipe de Embarcação,,Equipe de Embarcação,,,MD33-M-02
ERM,Equipe de Resgate no Mar,,Equipe de Resgate no Mar,,,MD33-M-02
Equi,Equitação,,Equitação,,,MD33-M-02
Esb,Esboço,Esboçar,"Esboço, Esboçar",,,MD33-M-02
EAI,Escalão de Apoio Inicial,,Escalão de Apoio Inicial,,,MD33-M-02
EAR,Escalão de Apoio Recuado,,Escalão de Apoio Recuado,,,MD33-M-02
EMA,Escalão Móvel de Apoio,,Escalão Móvel de Apoio,,,MD33-M-02
Esc R,Escalão Recuado,,Escalão Recuado,,,MD33-M-02
Esc T,Escalão Territorial,,Escalão Territorial,,,MD33-M-02
Esc,Escalar,Escalão;Escala;Escalador,"Escalar, Escalão, Escala, Escalador",,,MD33-M-02
Escn,Escalonar,Escalonamento,"Escalonar, Escalonamento",,,MD33-M-02
Escl,Esclarecer,Esclarecimento;Esclarecedor,"Esclarecer, Esclarecimento, Esclarecedor",,,MD33-M-02
Esco,Escoamento,Escoar;Escoadouro,"Escoamento, Escoar, Escoadouro",,,MD33-M-02
ECEMAR,Escola de Comando e Estado-Maior da Aeronáutica,,Escola de Comando e Estado-Maior da Aeronáutica,,,MD33-M-02
ECEME,Escola de Comando e Estado-Maior do Exército,,Escola de Comando e Estado-Maior do Exército,,,MD33-M-02
EFOMM,Escola de Formação de Oficiais da Marinha Mercante,,Escola de Formação de Oficiais da Marinha Mercante,,,MD33-M-02
EGN,Escola de Guerra Naval,,Escola de Guerra Naval,,,MD33-M-02
ESG,Escola Superior de Guerra,,Escola Superior de Guerra,,,MD33-M-02
Es,Escola,Escolar,"Escola, Escolar",,,MD33-M-02
Escol,Escolher,Escolha,"Escolher, Escolha,",,,MD33-M-02
Esct,Escolta ),Escoltar,"Escolta (E) ) , Escoltar",E,,MD33-M-02
Escr,Escrever,Escrevente;Escrivão,"Escrever, Escrevente, Escrivão",,,MD33-M-02
Ecd,Escudo,Escudar,"Escudo, Escudar",,,MD33-M-02
Escrc,Escurecimento,Escurecer,"Escurecimento, Escurecer (E)",E,,MD33-M-02
ECC,Esforço Contínuo de Combate,,Esforço Contínuo de Combate,,,MD33-M-02
EIC,Esforço Intensivo de Combate,,Esforço Intensivo de Combate,,,MD33-M-02
EMC,Esforço Máximo de Combate,,Esforço Máximo de Combate,,,MD33-M-02
Esf,Esforço,Esforçar,"Esforço, Esforçar",,,MD33-M-02
Esgt,Esgotamento,Esgotar,"Esgotamento, Esgotar",,,MD33-M-02
Espc,Espacial,,Espacial,,,MD33-M-02
EAB,Espaço Aéreo Brasileiro,,Espaço Aéreo Brasileiro,,,MD33-M-02
EAR,Espaço Aéreo Restrito,,Espaço Aéreo Restrito,,,MD33-M-02
Esp,Espaço,Espaçamento;Espaçar Espç Especial;Especialista;Especialização;Especialidade;Especializado,"Espaço, Espaçamento, Espaçar (E) Espç Especial, Especialista, Especialização, Especialidade, Especializado (E)",E,,MD33-M-02
Epcf,Especificar,Especificação;Específico;Especificador,"Especificar, Especificação, Específico, Especificador",,,MD33-M-02
Espa,Espera,Esperar,"Espera, Esperar",,,MD33-M-02
Espi,Espionagem,Espião;Espionar,"Espionagem, Espião, Espionar",,,MD33-M-02
Epl,Espoleta,Espoletar,"Espoleta (E), Espoletar",E,,MD33-M-02
EO,Espoleta de Ogiva,,Espoleta de Ogiva,,,MD33-M-02
EODE,Espoleta de Ogiva de Duplo Efeito,,Espoleta de Ogiva de Duplo Efeito,,,MD33-M-02
EOP,Espoleta de Ogiva de Percussão,,Espoleta de Ogiva de Percussão,,,MD33-M-02
EOT,Espoleta de Ogiva de Tempo,,Espoleta de Ogiva de Tempo,,,MD33-M-02
EOF,Espoleta de Ogiva Falsa,,Espoleta de Ogiva Falsa,,,MD33-M-02
EO Ine,Espoleta de Ogiva Inerte,,Espoleta de Ogiva Inerte,,,MD33-M-02
E Rtrd,Espoleta de Retardo,,Espoleta de Retardo,,,MD33-M-02
ET,Espoleta de Tempo,,Espoleta de Tempo,,,MD33-M-02
ETV,Espoleta de Tempo Variável,,Espoleta de Tempo Variável,,,MD33-M-02
E Itt,Espoleta Instantânea,,Espoleta Instantânea,,,MD33-M-02
E Pe,Espoleta Percutente,,Espoleta Percutente,,,MD33-M-02
Epli,Espólio,Espoliar;Espoliador,"Espólio, Espoliar, Espoliador",,,MD33-M-02
ET,Esquadra de Tiro,,Esquadra de Tiro,,,MD33-M-02
Esq,Esquadra,Esquadro,"Esquadra, Esquadro",,,MD33-M-02
Esqd,Esquadrão,,Esquadrão (E),E,,MD33-M-02
EAS,Esquadrão Aeroterrestre de Salvamento,,Esquadrão Aeroterrestre de Salvamento,,,MD33-M-02
EAA,Esquadrão de Apoio Aéreo,,Esquadrão de Apoio Aéreo,,,MD33-M-02
E Ap F,Esquadrão de Apoio de Fogo,,Esquadrão de Apoio de Fogo,,,MD33-M-02
Esqd VF,Esquadrão de Aviões de Interceptação e Ataque,,Esquadrão de Aviões de Interceptação e Ataque,,,MD33-M-02
Esqd CC,Esquadrão de Carros de Combate,,Esquadrão de Carros de Combate,,,MD33-M-02
Esqd C Sl,Esquadrão de Cavalaria de Selva,,Esquadrão de Cavalaria de Selva,,,MD33-M-02
Esqd C Mec,Esquadrão de Cavalaria Mecanizado,,Esquadrão de Cavalaria Mecanizado,,,MD33-M-02
Esqd C Pqdt,Esquadrão de Cavalaria Pára-quedista,,Esquadrão de Cavalaria Pára-quedista,,,MD33-M-02
Esqd C,Esquadrão de Comando,,Esquadrão de Comando,,,MD33-M-02
Esqd C Bda,Esquadrão de Comando de Brigada,,Esquadrão de Comando de Brigada,,,MD33-M-02
Esqd C Sv,Esquadrão de Comando e Serviços,,Esquadrão de Comando e Serviços,,,MD33-M-02
Esqd CT,Esquadrão de Contratorpedeiros,,Esquadrão de Contratorpedeiros,,,MD33-M-02
EDA,Esquadrão de Demonstração Aérea,,Esquadrão de Demonstração Aérea,,,MD33-M-02
Esqd F,Esquadrão de Fragatas,,Esquadrão de Fragatas,,,MD33-M-02
Esqd HS,Esquadrão de Helicópteros Anti-submarino,,Esquadrão de Helicópteros Anti-submarino,,,MD33-M-02
Esqd HU,Esquadrão de Helicópteros de Emprego Geral,,Esquadrão de Helicópteros de Emprego Geral,,,MD33-M-02
Esqd HA,Esquadrão de Helicópteros de Esclarecimento e Ataque,,Esquadrão de Helicópteros de Esclarecimento e Ataque,,,MD33-M-02
Esqd Hl,Esquadrão de Helicópteros de Instrução,,Esquadrão de Helicópteros de Instrução,,,MD33-M-02
EIE,Esquadrão de Infra-estrutura,,Esquadrão de Infra-estrutura,,,MD33-M-02
EIA,Esquadrão de Instrução Aérea,,Esquadrão de Instrução Aérea,,,MD33-M-02
EMB,Esquadrão de Material Bélico,,Esquadrão de Material Bélico,,,MD33-M-02
EP,Esquadrão de Pessoal,,Esquadrão de Pessoal,,,MD33-M-02
ES,Esquadrão de Saúde,,Esquadrão de Saúde,,,MD33-M-02
ESM,Esquadrão de Suprimento e Manutenção,,Esquadrão de Suprimento e Manutenção,,,MD33-M-02
ETA,Esquadrão de Transporte Aéreo,,Esquadrão de Transporte Aéreo,,,MD33-M-02
Esqda,Esquadrilha,,Esquadrilha (E),E,,MD33-M-02
Eqm M,Esquema de Manobra,,Esquema de Manobra,,,MD33-M-02
Eqm,Esquema,Esquematizar,"Esquema, Esquematizar",,,MD33-M-02
Esqu,Esquerda,,Esquerda,,,MD33-M-02
Ess,Essência,Essencial,"Essência, Essencial",,,MD33-M-02
Estb,Estabelecer,Estabelecimento,"Estabelecer, Estabelecimento",,,MD33-M-02
Estc,Estaca,,Estaca,,,MD33-M-02
ECR,Estação Estç Estação Controladora da Rede,,Estação (E) Estç Estação Controladora da Rede,E,,MD33-M-02
E Com,Estação de Comunicações,,Estação de Comunicações,,,MD33-M-02
EGE,Estação de Guerra Eletrônica,,Estação de Guerra Eletrônica,,,MD33-M-02
EO,Estação de Orientação,,Estação de Orientação,,,MD33-M-02
ERM,Estação de Radar Meteorológico,,Estação de Radar Meteorológico,,,MD33-M-02
E Rabst,Estação de Reabastecimento,,Estação de Reabastecimento,,,MD33-M-02
E Raprv,Estação de Reaprovisionamento,,Estação de Reaprovisionamento,,,MD33-M-02
EFS,Estação Fixa de Superfície,,Estação Fixa de Superfície,,,MD33-M-02
EMA,Estação Meteorológica de Altitude,,Estação Meteorológica de Altitude,,,MD33-M-02
EMS,Estação Meteorológica de Superfície,,Estação Meteorológica de Superfície,,,MD33-M-02
ER,Estação Rádio,,Estação Rádio,,,MD33-M-02
E Regl,Estação Reguladora,,Estação Reguladora,,,MD33-M-02
ETT,Estação Tática Transportável,,Estação Tática Transportável,,,MD33-M-02
LES,Estação Terrena (Land Earth Station),,Estação Terrena (Land Earth Station),,,MD33-M-02
Estac,Estacionar,Estacionamento;Estacionário;Estacionador,"Estacionar, Estacionamento, Estacionário, Estacionador",,,MD33-M-02
Est,Estado,Estadual,"Estado (E), Estadual",E,,MD33-M-02
EM,Estado-Maior,,Estado-Maior,,,MD33-M-02
EMC,Estado-Maior Combinado,,Estado-Maior Combinado,,,MD33-M-02
EMAER,Estado-Maior da Aeronáutica,,Estado-Maior da Aeronáutica,,,MD33-M-02
EMA,Estado-Maior da Armada,,Estado-Maior da Armada,,,MD33-M-02
EMD,Estado-Maior de Defesa,,Estado-Maior de Defesa,,,MD33-M-02
EME,Estado-Maior de Exército,,Estado-Maior de Exército,,,MD33-M-02
EM C Cbn,Estado-Maior do Comando Combinado,,Estado-Maior do Comando Combinado,,,MD33-M-02
EMO,Estado-Maior Operacional,,Estado-Maior Operacional,,,MD33-M-02
Estf,Estafeta,,Estafeta,,,MD33-M-02
Estg,Estagiar,Estagiário;Estágio,"Estagiar, Estagiário, Estágio",,,MD33-M-02
EAS,Estágio de Adaptação e Serviço,,Estágio de Adaptação e Serviço,,,MD33-M-02
EI,Estágio de Instrução,,Estágio de Instrução,,,MD33-M-02
EIA,Estágio de Instrução e Adaptação,,Estágio de Instrução e Adaptação,,,MD33-M-02
EIS,Estágio de Instrução e Serviço,,Estágio de Instrução e Serviço,,,MD33-M-02
ESV,Estágio de Segurança de Vôo,,Estágio de Segurança de Vôo,,,MD33-M-02
EST,Estágio de Serviço Técnico,,Estágio de Serviço Técnico,,,MD33-M-02
ETP,Estágio Técnico para Praça,,Estágio Técnico para Praça,,,MD33-M-02
Estl,Estaleiro,,Estaleiro,,,MD33-M-02
Estat,Estatística,,Estatística,,,MD33-M-02
Estt,Estatuto,Estatutário,"Estatuto, Estatutário",,,MD33-M-02
Estrz,Esterilizar,Esterilização,"Esterilizar, Esterilização",,,MD33-M-02
EPI,Estimativa Preliminar de Inteligência,,Estimativa Preliminar de Inteligência,,,MD33-M-02
Estm,Estimativa,Estimar,"Estimativa, Estimar (E)",E,,MD33-M-02
Estiv,Estivador,Estiva,"Estivador, Estiva (E)",E,,MD33-M-02
Estj,Estojo,,Estojo,,,MD33-M-02
Estlh,Estopilha,,Estopilha,,,MD33-M-02
Epim,Estopim,,Estopim,,,MD33-M-02
Estq,Estoque,Estocar;Estoquista,"Estoque, Estocar, Estoquista",,,MD33-M-02
Estr,Estrada,,Estrada (E),E,,MD33-M-02
EF,Estrada de Ferro,,Estrada de Ferro,,,MD33-M-02
Estr L,Estrada Livre,,Estrada Livre,,,MD33-M-02
EPA,Estrada Principal de Abastecimento,,Estrada Principal de Abastecimento,,,MD33-M-02
EPS,Estrada Principal de Suprimento,,Estrada Principal de Suprimento,,,MD33-M-02
Estrn,Estrangeiro,,Estrangeiro,,,MD33-M-02
Estrt M,Estratégia Militar,,Estratégia Militar,,,MD33-M-02
E Mi D,Estratégia Militar de Defesa,,Estratégia Militar de Defesa,,,MD33-M-02
Estrt,Estratégia,Estratégica;Estrategista,"Estratégia, Estratégica, Estrategista",,,MD33-M-02
ST,Estrato (Stratus),,Estrato (Stratus),,,MD33-M-02
SC,Estrato-cúmulo (Stratus-cumulus),,Estrato-cúmulo (Stratus-cumulus),,,MD33-M-02
EAG,Estrutura Aeroespacial de Guerra,,Estrutura Aeroespacial de Guerra,,,MD33-M-02
Etta Mi D,Estrutura Militar de Defesa,,Estrutura Militar de Defesa,,,MD33-M-02
Etta,Estrutura,Estruturar;Estruturação;Estrutural,"Estrutura, Estruturar, Estruturação, Estrutural (E)",E,,MD33-M-02
Est,Estudar,Estudo;Estudante,"Estudar, Estudo, Estudante (E)",E,,MD33-M-02
EEM,Estudo de Estado-Maior,,Estudo de Estado-Maior,,,MD33-M-02
Est Estrt A,Estudo Estratégico de Área,,Estudo Estratégico de Área,,,MD33-M-02
Etp,Etapa,,Etapa,,,MD33-M-02
Ev N Cmb,Evacuação de Não-Combatentes,,Evacuação de Não-Combatentes,,,MD33-M-02
Ev,Evacuação,Evacuar,"Evacuação, Evacuar (E)",E,,MD33-M-02
Evs,Evasão,Evasor,"Evasão, Evasor",,,MD33-M-02
Evsa,Evasiva,,Evasiva,,,MD33-M-02
Evt,Eventual,Evento;Eventualidade,"Eventual, Evento (E), Eventualidade",E,,MD33-M-02
EAP,Exame de Aptidão Psicológica,,Exame de Aptidão Psicológica,,,MD33-M-02
Exm,Examinar,Exame;Examinador,"Examinar, Exame, Examinador",,,MD33-M-02
Exce,Exceção,Exceto;Excetuar,"Exceção, Exceto, Excetuar",,,MD33-M-02
Excd,Excedente,Exceder,"Excedente, Exceder",,,MD33-M-02
Exa,Excelência,,Excelência,,,MD33-M-02
Exc,Excluir,Exclusão;Exclusive;Exclusividade;Exclusivo;Exclusivamente,"Excluir, Exclusão, Exclusive, Exclusividade, Exclusivo, Exclusivamente",,,MD33-M-02
ESAM,Exclusão do Serviço Ativo da Marinha,,Exclusão do Serviço Ativo da Marinha,,,MD33-M-02
Exec,Executar,Execução;Executado;Executante,"Executar, Execução, Executado, Executante",,,MD33-M-02
Exp,Exemplo,Exemplar;Exemplificar,"Exemplo, Exemplar, Exemplificar",,,MD33-M-02
ExqI,Exeqüível,Exeqüibilidade,"Exeqüível, Exeqüibilidade",,,MD33-M-02
Exc,Exercício,,Exercício (E),E,,MD33-M-02
ES,Exercício em Sala,,Exercício em Sala,,,MD33-M-02
ET,Exercício no Terreno,,Exercício no Terreno,,,MD33-M-02
Ex,Exército,,Exército,,,MD33-M-02
EB,Exército Brasileiro,,Exército Brasileiro,,,MD33-M-02
Exfl,Exfiltração,Exfiltrar,"Exfiltração, Exfiltrar",,,MD33-M-02
Exg,Exigência,Exigido;Exigir;Exigente,"Exigência, Exigido, Exigir, Exigente",,,MD33-M-02
Exis,Existir,Existência;Existente,"Existir, Existência, Existente (E)",E,,MD33-M-02
Exo,Exoneração,Exonerar,"Exoneração, Exonerar",,,MD33-M-02
Expd,Expedição,Expedidor;Expedicionário;Expedir,"Expedição, Expedidor, Expedicionário, Expedir",,,MD33-M-02
Expt,Expediente,,Expediente,,,MD33-M-02
Expr,Experiência,Experimental;Experimentar;Experiente,"Experiência, Experimental, Experimentar, Experiente",,,MD33-M-02
Exp,Exploração,Explorador;Explorar,"Exploração, Explorador, Explorar",,,MD33-M-02
Expl A,Explosão no Ar,,Explosão no Ar,,,MD33-M-02
Expl,Explosivo,Explosão,"Explosivo, Explosão",,,MD33-M-02
Exps,Explosor,,Explosor,,,MD33-M-02
Expo,Expor,Exposição;Expositor,"Expor, Exposição, Expositor",,,MD33-M-02
E Mtv,Exposição de Motivos,,Exposição de Motivos,,,MD33-M-02
E Mtv I,Exposição de Motivos Interministerial,,Exposição de Motivos Interministerial,,,MD33-M-02
EOG,Exposição Operacional Guia,,Exposição Operacional Guia,,,MD33-M-02
Expo O,Exposição Oral,,Exposição Oral,,,MD33-M-02
Expr,Expressão,Expressivo;Expressar;Exprimir,"Expressão, Expressivo, Expressar, Exprimir",,,MD33-M-02
Extm,Exterminar,Extermínio;Exterminador,"Exterminar, Extermínio, Exterminador",,,MD33-M-02
Ext,Externa,Exterior;Extraordinário;Externar,"Externa, Exterior, Extraordinário, Externar",,,MD33-M-02
Extv,Extraviar,Extraviado;Extravio,"Extraviar, Extraviado, Extravio",,,MD33-M-02
Fab,Fábrica,Fabricação;Fabricante;Fabricar,"Fábrica, Fabricação, Fabricante, Fabricar",,,MD33-M-02
Fcl,Facilitar,Facilidade;Facilitador;Fácil,"Facilitar, Facilidade (F), Facilitador, Fácil",F,,MD33-M-02
Facult,Facultado,Facultativo;Facultar,"Facultado, Facultativo, Facultar",,,MD33-M-02
Fx Infl,Faixa de Infiltração,,Faixa de Infiltração,,,MD33-M-02
SSB,Faixa Lateral Singela (Single Side Band),,Faixa Lateral Singela (Single Side Band),,,MD33-M-02
Fx,Faixa,Feixe,"Faixa, Feixe",,,MD33-M-02
Flcd,Falecido,,Falecido,,,MD33-M-02
Flct,Falecimento,,Falecimento,,,MD33-M-02
Flh,Falha,Falhar,"Falha, Falhar",,,MD33-M-02
Fam,Família,Familiar,"Família, Familiar",,,MD33-M-02
Fard,Farda,Fardamento,"Farda, Fardamento",,,MD33-M-02
Farm,Farmácia,Farmacêutico,"Farmácia, Farmacêutico",,,MD33-M-02
Far,Farol,,Farol (F),F,,MD33-M-02
Fa,Fase,Fasear;Faseamento,"Fase (F), Fasear, Faseamento",F,,MD33-M-02
F Op,Fase Operativa,,Fase Operativa,,,MD33-M-02
Ftr,Fator,,Fator (F),F,,MD33-M-02
F Acu,Fator Acumulativo,,Fator Acumulativo,,,MD33-M-02
F Adv,Fator Adverso,,Fator Adverso,,,MD33-M-02
FQE,Fator de Quebra de Espaço,,Fator de Quebra de Espaço,,,MD33-M-02
Fat,Faturar,Fatura;Faturamento;Faturação,"Faturar, Fatura, Faturamento, Faturação",,,MD33-M-02
Faz,Fazenda (estabelecimento rural),,Fazenda (estabelecimento rural),,,MD33-M-02
Fch,Fechar,Fecho;Fechamento,"Fechar, Fecho, Fechamento",,,MD33-M-02
Fri,Férias,Feriado,"Férias, Feriado",,,MD33-M-02
Fer,Ferido,Ferimento,"Ferido (F), Ferimento",F,,MD33-M-02
FEA,Ferido em Ação,,Ferido em Ação,,,MD33-M-02
FEC,Ferido em Combate,,Ferido em Combate,,,MD33-M-02
FFA,Ferido Fora de Ação,,Ferido Fora de Ação,,,MD33-M-02
FG,Ferido Grave,,Ferido Grave,,,MD33-M-02
FL,Ferido Leve,,Ferido Leve,,,MD33-M-02
Fer AP,Ferido por Ação Própria,,Ferido por Ação Própria,,,MD33-M-02
Frmt,Ferramenta,Ferramental;Ferramenteiro,"Ferramenta, Ferramental, Ferramenteiro",,,MD33-M-02
Fv,Ferrovia,Ferroviário,"Ferrovia, Ferroviário",,,MD33-M-02
Ft,Festim,,Festim,,,MD33-M-02
Festiv,Festividade,,Festividade,,,MD33-M-02
Fb,Fibra,Fibroso,"Fibra, Fibroso",,,MD33-M-02
FAM,Ficha de Alistamento Militar,,Ficha de Alistamento Militar,,,MD33-M-02
FCR,Ficha de Cadastramento de Reserva,,Ficha de Cadastramento de Reserva,,,MD33-M-02
Fi CO,Ficha de Categorias de Objetivo,,Ficha de Categorias de Objetivo,,,MD33-M-02
FCO,Ficha de Comunicações de Ocorrência,,Ficha de Comunicações de Ocorrência,,,MD33-M-02
FIT,Ficha de Incidente Técnico,,Ficha de Incidente Técnico,,,MD33-M-02
FMC,Ficha de Manutenção Corretiva,,Ficha de Manutenção Corretiva,,,MD33-M-02
FS,Ficha de Seleção,,Ficha de Seleção,,,MD33-M-02
FSC,Ficha de Seleção Complementar,,Ficha de Seleção Complementar,,,MD33-M-02
FIA,Ficha Informativa de Atividade,,Ficha Informativa de Atividade,,,MD33-M-02
FIP,Ficha Informativa de Projeto,,Ficha Informativa de Projeto,,,MD33-M-02
Fi,Ficha,Fichário,"Ficha, Fichário",,,MD33-M-02
FAFH,Fichas Anuais de Fatos Históricos,,Fichas Anuais de Fatos Históricos,,,MD33-M-02
Fic,Fictício,Ficção,"Fictício, Ficção",,,MD33-M-02
Fig,Figurar,Figuração;Figurativo;Figura,"Figurar, Figuração, Figurativo, Figura",,,MD33-M-02
FIGIN,Figurativo Inimigo,,Figurativo Inimigo,,,MD33-M-02
Flr,Fileira,,Fileira,,,MD33-M-02
Fil,Filtragem,Filtro;Filtrar,"Filtragem, Filtro, Filtrar",,,MD33-M-02
Finde,Finalidade,,Finalidade,,,MD33-M-02
Fin,Finanças,Financeiro;Financiar;Financiador;Financista,"Finanças, Financeiro, Financiar (F), Financiador, Financista",F,,MD33-M-02
Fnt,Finta,Fintar,"Finta, Fintar",,,MD33-M-02
FDT,Fio Duplo Telefônico,,Fio Duplo Telefônico,,,MD33-M-02
Fisc,Fiscal,Fiscalização;Fiscalizar;Fiscalizador,"Fiscal, Fiscalização, Fiscalizar, Fiscalizador",,,MD33-M-02
Fis,Física,,Física,,,MD33-M-02
Fs,Fissão,,Fissão,,,MD33-M-02
Fix,Fixar,Fixa;Fixação;Fixador,"Fixar, Fixa, Fixação, Fixador",,,MD33-M-02
Flc,Flanco,,Flanco,,,MD33-M-02
Fg,Flancoguarda,,Flancoguarda,,,MD33-M-02
Flex,Flexão,Flexibilizar;Flexibilidade;Flexível;Flexibilização,"Flexão, Flexibilizar, Flexibilidade, Flexível, Flexibilização",,,MD33-M-02
Flo,Floresta,Florestal,"Floresta, Florestal",,,MD33-M-02
Flot,Flotilha,,Flotilha,,,MD33-M-02
Flut,Flutuante,Flutuar,"Flutuante (F), Flutuar",F,,MD33-M-02
Flu,Fluvial,,Fluvial,,,MD33-M-02
Flx,Fluxo,,Fluxo,,,MD33-M-02
F,Fogo,,Fogo,,sim,MD33-M-02
FH,Fogo a Horário,,Fogo a Horário,,,MD33-M-02
F Ped,Fogo a Pedido,,Fogo a Pedido,,,MD33-M-02
F Ap,Fogo de Apoio,,Fogo de Apoio,,,MD33-M-02
F Br,Fogo de Barragem,,Fogo de Barragem,,,MD33-M-02
F C Bia,Fogo de Contrabateria,,Fogo de Contrabateria,,,MD33-M-02
F Inqt,Fogo de Inquietação,,Fogo de Inquietação,,,MD33-M-02
F Ntz,Fogo de Neutralização,,Fogo de Neutralização,,,MD33-M-02
F Inpd,Fogo Inopinado,,Fogo Inopinado,,,MD33-M-02
F Prv,Fogo Previsto,,Fogo Previsto,,,MD33-M-02
Fgt,Foguete,,Foguete (F),F,,MD33-M-02
FET,Folha de Estudo de Tempo,,Folha de Estudo de Tempo,,,MD33-M-02
FRM,Folha de Registro de Modificações,,Folha de Registro de Modificações,,,MD33-M-02
Fl,Folha,Folhear,"Folha, Folhear",,,MD33-M-02
FR,Fonte de Recursos,,Fonte de Recursos,,,MD33-M-02
FS,Fora de Situação,,Fora de Situação,,,MD33-M-02
For,Força,,Força (F),F,,MD33-M-02
F Adv,Força Adversa,,Força Adversa,,,MD33-M-02
F Ae,Força Aérea,,Força Aérea,,,MD33-M-02
FAB,Força Aérea Brasileira,,Força Aérea Brasileira,,,MD33-M-02
FAC,Força Aérea Componente,,Força Aérea Componente,,,MD33-M-02
FAZD,Força Aérea da Zona de Defesa,,Força Aérea da Zona de Defesa,,,MD33-M-02
FADA,Força Aérea de Defesa Aeroespacial,,Força Aérea de Defesa Aeroespacial,,,MD33-M-02
FATO,Força Aérea do Teatro de Operações,,Força Aérea do Teatro de Operações,,,MD33-M-02
FATOM,Força Aérea do Teatro de Operações Marítimo,,Força Aérea do Teatro de Operações Marítimo,,,MD33-M-02
FATOT,Força Aérea do Teatro de Operações Terrestre,,Força Aérea do Teatro de Operações Terrestre,,,MD33-M-02
F Ae Num,Força Aérea Numerada,,Força Aérea Numerada,,,MD33-M-02
F Amv,Força Aeromóvel,,Força Aeromóvel,,,MD33-M-02
F Aet,Força Aeroterrestre,,Força Aeroterrestre,,,MD33-M-02
F Anf,Força Anfíbia,,Força Anfíbia,,,MD33-M-02
FA,Força Armada,,Força Armada,,,MD33-M-02
F Cbn,Força Combinada,,Força Combinada,,,MD33-M-02
F Cte,Força Componente,,Força Componente,,,MD33-M-02
FAR,Força de Ação Rápida,,Força de Ação Rápida,,,MD33-M-02
F Ap LM,Força de Apoio Logístico Móvel,,Força de Apoio Logístico Móvel,,,MD33-M-02
F Auto Def,Força de Autodefesa,,Força de Autodefesa,,,MD33-M-02
F Cob,Força de Cobertura,,Força de Cobertura,,,MD33-M-02
For CT,Força de Contratorpedeiros,,Força de Contratorpedeiros,,,MD33-M-02
FDAR,Força de Defesa de Área de Retaguarda,,Força de Defesa de Área de Retaguarda,,,MD33-M-02
F Dbq,Força de Desembarque,,Força de Desembarque,,,MD33-M-02
FER,Força de Emprego Rápido,,Força de Emprego Rápido,,,MD33-M-02
FFE,Força de Fuzileiros da Esquadra,,Força de Fuzileiros da Esquadra,,,MD33-M-02
FG Irreg,Força de Guerra Irregular,,Força de Guerra Irregular,,,MD33-M-02
F Guer,Força de Guerrilha,,Força de Guerrilha,,,MD33-M-02
F He,Força de Helicópteros,,Força de Helicópteros,,,MD33-M-02
F Pac,Força de Pacificação,,Força de Pacificação,,,MD33-M-02
FPD,Força de Pronta Defesa,,Força de Pronta Defesa,,,MD33-M-02
F Rprs,Força de Proteção F Ptç Força de Repressão,,Força de Proteção F Ptç Força de Repressão,,,MD33-M-02
F Seg,Força de Segurança,,Força de Segurança,,,MD33-M-02
F Seg AR,Força de Segurança da Área de Retaguarda,,Força de Segurança da Área de Retaguarda,,,MD33-M-02
For S,Força de Submarinos,,Força de Submarinos,,,MD33-M-02
F Spf,Força de Superfície,,Força de Superfície,,,MD33-M-02
F Sust,Força de Sustentação,,Força de Sustentação,,,MD33-M-02
F Sust,Força de Sustentação,,Força de Sustentação,,,MD33-M-02
F Expd,Força Expedicionária,,Força Expedicionária,,,MD33-M-02
F Flu,Força Fluvial,,Força Fluvial,,,MD33-M-02
F Inter Paz,Força Internacional de Paz,,Força Internacional de Paz,,,MD33-M-02
F Irreg,Força Irregular,,Força Irregular,,,MD33-M-02
F Leg,Força Legal,,Força Legal,,,MD33-M-02
F Multi Paz,Força Multinacional de Paz,,Força Multinacional de Paz,,,MD33-M-02
F Nav,Força Naval,,Força Naval,,,MD33-M-02
FNC,Força Naval Componente,,Força Naval Componente,,,MD33-M-02
FNDA,Força Naval de Defesa Aeroespacial,,Força Naval de Defesa Aeroespacial,,,MD33-M-02
FNTOT,Força Naval de Teatro de Operações Terrestre,,Força Naval de Teatro de Operações Terrestre,,,MD33-M-02
FNTO,Força Naval do Teatro de Operações,,Força Naval do Teatro de Operações,,,MD33-M-02
FNTOM,Força Naval do Teatro de Operações Marítimo,,Força Naval do Teatro de Operações Marítimo,,,MD33-M-02
F Pcp,Força Principal,,Força Principal,,,MD33-M-02
F Rib,Força Ribeirinha,,Força Ribeirinha,,,MD33-M-02
FS,Força Singular,,Força Singular,,,MD33-M-02
F Subt,Força Subterrânea,,Força Subterrânea,,,MD33-M-02
F Ter,Força Terrestre,,Força Terrestre,,,MD33-M-02
FTC,Força Terrestre Componente,,Força Terrestre Componente,,,MD33-M-02
FTZD,Força Terrestre da Zona de Defesa,,Força Terrestre da Zona de Defesa,,,MD33-M-02
FTDA,Força Terrestre de Defesa Aeroespacial,,Força Terrestre de Defesa Aeroespacial,,,MD33-M-02
FTTO,Força Terrestre do Teatro de Operações,,Força Terrestre do Teatro de Operações,,,MD33-M-02
FTTOM,Força Terrestre do Teatro de Operações Marítimo,,Força Terrestre do Teatro de Operações Marítimo,,,MD33-M-02
FTTOT,Força Terrestre do Teatro de Operações Terrestre,,Força Terrestre do Teatro de Operações Terrestre,,,MD33-M-02
F Cmb,Forças de Combate,,Forças de Combate,,,MD33-M-02
F Esp ou FE,Forças Especiais,,Forças Especiais,,,MD33-M-02
F Pamil,Forças Paramilitares,,Forças Paramilitares,,,MD33-M-02
FT,Força-Tarefa,,Força-Tarefa,,,MD33-M-02
FT Amv,Força-Tarefa Aeromóvel,,Força-Tarefa Aeromóvel,,,MD33-M-02
FT Aet,Força-Tarefa Aeroterrestre,,Força-Tarefa Aeroterrestre,,,MD33-M-02
ForTarAnf,Força-Tarefa Anfíbia,,Força-Tarefa Anfíbia,,,MD33-M-02
FT Cbn,Força-Tarefa Combinada,,Força-Tarefa Combinada,,,MD33-M-02
FT Rib,Força-Tarefa Ribeirinha,,Força-Tarefa Ribeirinha,,,MD33-M-02
Form,Formação,Formatura;Formar;Formador,"Formação, Formatura, Formar, Formador",,,MD33-M-02
FAM,Formulário de Alistamento Militar,,Formulário de Alistamento Militar,,,MD33-M-02
FCDD,Formulário de Coleta de Dados de Defeito,,Formulário de Coleta de Dados de Defeito,,,MD33-M-02
Fml,Formulário,Fornular;Formulador,"Formulário, Fornular, Formulador",,,MD33-M-02
Forn,Fornecer,Fornecimento;Fornecedor,"Fornecer, Fornecimento, Fornecedor",,,MD33-M-02
Fort,Fortaleza,Fortificação;Fortalecer;Fortificar;Fortalecimento;Fortificante,"Fortaleza, Fortificação, Fortalecer, Fortificar, Fortalecimento, Fortificante",,,MD33-M-02
FB,Fósforo Branco,,Fósforo Branco,,,MD33-M-02
Fotocine,Fotocinegrafista,,Fotocinegrafista,,,MD33-M-02
Lorop,Fotografia Oblíqua de Longo Alcance (Long-Range Obliqúe Photo),,Fotografia Oblíqua de Longo Alcance (Long-Range Obliqúe Photo),,,MD33-M-02
Foto,Fotografia,Fotógrafo;Fotográfica;Fotografar,"Fotografia, Fotógrafo, Fotográfica, Fotografar",,,MD33-M-02
Fotogr,Fotogrametria,,Fotogrametria,,,MD33-M-02
F,Fração Frç Fragata,,Fração Frç Fragata,,,MD33-M-02
Frag,Fragmentária,Fragmento;Fragmentar,"Fragmentária, Fragmento, Fragmentar",,,MD33-M-02
Fqz,Fraqueza,,Fraqueza,,,MD33-M-02
Frtc,Fratricídio,,Fratricídio,,,MD33-M-02
Fr,Frente,,Frente,,,MD33-M-02
HF,Freqüência Alta (High Frequency),,Freqüência Alta (High Frequency),,,MD33-M-02
LF,Freqüência Baixa (Low Frequency),,Freqüência Baixa (Low Frequency),,,MD33-M-02
FRI,Freqüência de Repetição de Impulso,,Freqüência de Repetição de Impulso,,,MD33-M-02
FRP,Freqüência de Repetição de Pulsos,,Freqüência de Repetição de Pulsos,,,MD33-M-02
EHF,Freqüência Extremamente Alta (Extremely High Frequency),,Freqüência Extremamente Alta (Extremely High Frequency),,,MD33-M-02
IF,Freqüência Intermediária (Intermediate Frequency),,Freqüência Intermediária (Intermediate Frequency),,,MD33-M-02
MUF,Freqüência Máxima Utilizável (Maximum Usable Frequency),,Freqüência Máxima Utilizável (Maximum Usable Frequency),,,MD33-M-02
MF,Freqüência Média (Medium Frequency),,Freqüência Média (Medium Frequency),,,MD33-M-02
FM,Freqüência Modulada,,Freqüência Modulada,,,MD33-M-02
VHF,Freqüência Muito Alta (Very High Frequency),,Freqüência Muito Alta (Very High Frequency),,,MD33-M-02
VLF,Freqüência Muito Baixa (Very Low Frequency),,Freqüência Muito Baixa (Very Low Frequency),,,MD33-M-02
FOT,Freqüência Ótima de Trabalho,,Freqüência Ótima de Trabalho,,,MD33-M-02
SHF,Freqüência Super Alta (Super High Frequency),,Freqüência Super Alta (Super High Frequency),,,MD33-M-02
UHF,Freqüência Ultra Alta (Ultrahigh Frequency),,Freqüência Ultra Alta (Ultrahigh Frequency),,,MD33-M-02
Frq,Freqüentar,Freqüência;Freqüente;Freqüentador,"Freqüentar, Freqüência, Freqüente (F), Freqüentador",F,,MD33-M-02
Frc,Fricção,Friccionar,"Fricção, Friccionar",,,MD33-M-02
Frg,Frigorífico,Frigorificar,"Frigorífico, Frigorificar",,,MD33-M-02
Frt,Frontal,,Frontal,,,MD33-M-02
Fron,Fronteira,,Fronteira,,,MD33-M-02
Fum,Fumaça,Fumígeno;Fumaçar,"Fumaça, Fumígeno, Fumaçar",,,MD33-M-02
F Gtf,Função Gratificada,,Função Gratificada,,,MD33-M-02
Func,Funcionar,Funcionário;Função;Funcional;Funcionamento,"Funcionar, Funcionário, Função, Funcional, Funcionamento (F)",F,,MD33-M-02
Fund,Fundação,Fundamento;Fundador,"Fundação, Fundamento, Fundador",,,MD33-M-02
Fdd,Fundeadouro,,Fundeadouro,,,MD33-M-02
Fundi,Fundição,Fundir;Fundear,"Fundição, Fundir, Fundear",,,MD33-M-02
FSM,Fundo de Serviço Militar,,Fundo de Serviço Militar,,,MD33-M-02
Fus,Fusão,,Fusão,,,MD33-M-02
Fz,Fuzil,,Fuzil (F),F,,MD33-M-02
FAL,Fuzil Automático Leve,,Fuzil Automático Leve,,,MD33-M-02
FAP,Fuzil Automático Pesado,,Fuzil Automático Pesado,,,MD33-M-02
FAC,Fuzil de Ar Comprimido,,Fuzil de Ar Comprimido,,,MD33-M-02
Fuz,Fuzileiro,,Fuzileiro (F),F,,MD33-M-02
FN ou Fuz Nav,Fuzileiro Naval,,Fuzileiro Naval,,,MD33-M-02
F Mtr,Fuzil-Metralhadora,Fuzil-Metralhador,"Fuzil-Metralhadora, Fuzil-Metralhador",,,MD33-M-02
Gbr,Gabarito,,Gabarito,,,MD33-M-02
Gab,Gabinete,,Gabinete,,,MD33-M-02
GLO,Garantia da Lei e da Ordem,,Garantia da Lei e da Ordem,,,MD33-M-02
Gsd,Gasado,,Gasado,,,MD33-M-02
Gas,Gasolina,,Gasolina,,,MD33-M-02
Av Gas,Gasolina de Aviação (Aviation Gasoline),,Gasolina de Aviação (Aviation Gasoline),,,MD33-M-02
Gene,Genérica,,Genérica,,,MD33-M-02
Ger,Gerador,Geração,"Gerador, Geração",,,MD33-M-02
Ge,Geral,Generalizar;Generalidade;Generalização,"Geral (G), Generalizar, Generalidade, Generalização",G,,MD33-M-02
GQT,Gerência de Qualidade Total,,Gerência de Qualidade Total,,,MD33-M-02
Grc,Gerenciar,Gerência;Gerenciamento,"Gerenciar, Gerência, Gerenciamento (G)",G,,MD33-M-02
Grt,Gerente,,Gerente,,,MD33-M-02
GP,Gerente de Projeto,,Gerente de Projeto,,,MD33-M-02
GVI,Gerente de Vigilância Integrada,,Gerente de Vigilância Integrada,,,MD33-M-02
GOA,Gerente Operacional de Área,,Gerente Operacional de Área,,,MD33-M-02
GB,Goniômetro Bússola,,Goniômetro Bússola,,,MD33-M-02
Gov,Governar,Governo;Governador;Governamental,"Governar, Governo, Governador, Governamental",,,MD33-M-02
Grad,Graduação,Graduado;Graduar,"Graduação, Graduado, Graduar",,,MD33-M-02
Graf,Gráfico,,Gráfico,,,MD33-M-02
Gr,Granada,,Granada (G),G,,MD33-M-02
Grd,Grande,,Grande (G),G,,MD33-M-02
G Altu,Grande Altura,,Grande Altura,,,MD33-M-02
G Cpcd,Grande Capacidade,,Grande Capacidade,,,MD33-M-02
G Cmdo,Grande Comando,,Grande Comando,,,MD33-M-02
GU,Grande Unidade,,Grande Unidade,,,MD33-M-02
Grj,Granja,,Granja,,,MD33-M-02
Gtf,Gratificação,Gratificar;Gratificante,"Gratificação, Gratificar, Gratificante",,,MD33-M-02
Grat,Gratuito,Gratuitamente;Gratuidade,"Gratuito, Gratuitamente, Gratuidade",,,MD33-M-02
G,Grau,,Grau,,sim,MD33-M-02
GAPAS,Grau de Ameaça de Pontos e Áreas Sensíveis,,Grau de Ameaça de Pontos e Áreas Sensíveis,,,MD33-M-02
Gv,Grave,Gravidade;Gravitar,"Grave, Gravidade (G), Gravitar",G,,MD33-M-02
Gro,Grosso,,Grosso,,,MD33-M-02
Gpt,Grupamento,,Grupamento (G),G,,MD33-M-02
GADA,Grupamento de Apoio ao Desembarque Administrativo,,Grupamento de Apoio ao Desembarque Administrativo,,,MD33-M-02
GASC,Grupamento de Apoio de Serviços ao Combate,,Grupamento de Apoio de Serviços ao Combate,,,MD33-M-02
GA Mv,Grupamento de Apoio Móvel,,Grupamento de Apoio Móvel,,,MD33-M-02
GDB,Grupamento de Desembarque de Batalhão,,Grupamento de Desembarque de Batalhão,,,MD33-M-02
GD Bda,Grupamento de Desembarque de Brigada,,Grupamento de Desembarque de Brigada,,,MD33-M-02
GED,Grupamento de Embarcações de Desembarque,,Grupamento de Embarcações de Desembarque,,,MD33-M-02
GF,Grupamento de Força,,Grupamento de Força,,,MD33-M-02
Gpt M,Grupamento de Marcha,,Grupamento de Marcha,,,MD33-M-02
GruMeC,Grupamento de Mergulhadores de Combate,,Grupamento de Mergulhadores de Combate,,,MD33-M-02
Gpt N,Grupamento Naval,,Grupamento Naval,,,MD33-M-02
GNP,Grupamento Naval de Praia,,Grupamento Naval de Praia,,,MD33-M-02
GNDP,Grupamento Naval do Destacamento de Praia,,Grupamento Naval do Destacamento de Praia,,,MD33-M-02
GAAAe,Grupamento ou Grupo de Artilharia Antiaérea,,Grupamento ou Grupo de Artilharia Antiaérea,,,MD33-M-02
Gpt T,Grupamento Tático,,Grupamento Tático,,,MD33-M-02
GT Bld,Grupamento Tático Blindado,,Grupamento Tático Blindado,,,MD33-M-02
GT,Grupamento-Tarefa,,Grupamento-Tarefa,,,MD33-M-02
Gp,Grupo,,Grupo (G),G,,MD33-M-02
GrASup,Grupo de Ação de Superfície,,Grupo de Ação de Superfície,,,MD33-M-02
G Ap,Grupo de Apoio,,Grupo de Apoio,,,MD33-M-02
Gp Ap Dbq,Grupo de Apoio ao Desembarque,,Grupo de Apoio ao Desembarque,,,MD33-M-02
GAC,Grupo de Artilharia de Campanha,,Grupo de Artilharia de Campanha,,,MD33-M-02
GAC Sl,Grupo de Artilharia de Campanha de Selva,,Grupo de Artilharia de Campanha de Selva,,,MD33-M-02
GAC Pqdt,Grupo de Artilharia de Campanha Pára-quedista,,Grupo de Artilharia de Campanha Pára-quedista,,,MD33-M-02
GA Cos,Grupo de Artilharia de Costa,,Grupo de Artilharia de Costa,,,MD33-M-02
Gp Atq,Grupo de Ataque,,Grupo de Ataque,,,MD33-M-02
G Av,Grupo de Aviação,,Grupo de Aviação,,,MD33-M-02
G Av Ca,Grupo de Aviação de Caça,,Grupo de Aviação de Caça,,,MD33-M-02
GBA,Grupo de Busca de Alvos,,Grupo de Busca de Alvos,,,MD33-M-02
GC Dest,Grupo de Caça e Destruição,,Grupo de Caça e Destruição,,,MD33-M-02
GC,Grupo de Combate,,Grupo de Combate,,,MD33-M-02
GCC,Grupo de Comunicações e Controle,,Grupo de Comunicações e Controle,,,MD33-M-02
GDA,Grupo de Defesa Aéra,,Grupo de Defesa Aéra,,,MD33-M-02
Gp Dbq,Grupo de Desembarque,,Grupo de Desembarque,,,MD33-M-02
Gp DP,Grupo de Destacamento de Praia,,Grupo de Destacamento de Praia,,,MD33-M-02
G Emb,Grupo de Embarque,,Grupo de Embarque,,,MD33-M-02
GE,Grupo de Engenharia,,Grupo de Engenharia,,,MD33-M-02
GEF,Grupo de Engenharia da Força,,Grupo de Engenharia da Força,,,MD33-M-02
G Estac,Grupo de Estacionadores,,Grupo de Estacionadores,,,MD33-M-02
G Exp,Grupo de Exploradores,,Grupo de Exploradores,,,MD33-M-02
Gp IEA,Grupo de Infra-estrutura e Apoio,,Grupo de Infra-estrutura e Apoio,,,MD33-M-02
GITE,Grupo de Instrução Tática Especializada,,Grupo de Instrução Tática Especializada,,,MD33-M-02
GIC,Grupo de Inteligência de Combate,,Grupo de Inteligência de Combate,,,MD33-M-02
G Itn,Grupo de Itinerário,,Grupo de Itinerário,,,MD33-M-02
GLMF,Grupo de Lançadores Múltiplos de Foguetes,,Grupo de Lançadores Múltiplos de Foguetes,,,MD33-M-02
GM,Grupo de Mísseis,,Grupo de Mísseis,,,MD33-M-02
GMLTA,Grupo de Mísseis Leves Terra-Ar,,Grupo de Mísseis Leves Terra-Ar,,,MD33-M-02
Gp Or He,Grupo de Orientação de Helicópteros,,Grupo de Orientação de Helicópteros,,,MD33-M-02
Gp Pion,Grupo de Pioneiros,,Grupo de Pioneiros,,,MD33-M-02
GP Scr,Grupo de Posto de Socorro,,Grupo de Posto de Socorro,,,MD33-M-02
GR,Grupo de Reação,,Grupo de Reação,,,MD33-M-02
GR Atq,Grupo de Reconhecimento e Ataque,,Grupo de Reconhecimento e Ataque,,,MD33-M-02
GRDS,Grupo de Reconhecimento e Demolição Submarina,,Grupo de Reconhecimento e Demolição Submarina,,,MD33-M-02
GRF,Grupo de Reconhecimento Fotográfico,,Grupo de Reconhecimento Fotográfico,,,MD33-M-02
GRT,Grupo de Reconhecimento Tático,,Grupo de Reconhecimento Tático,,,MD33-M-02
GSB,Grupo de Serviços de Base,,Grupo de Serviços de Base,,,MD33-M-02
GSM,Grupo de Suprimento e Manutenção,,Grupo de Suprimento e Manutenção,,,MD33-M-02
JTWG,Grupo de Trabalho de Designação de Objetivos Combinados (Joint Target Working Group),,Grupo de Trabalho de Designação de Objetivos Combinados (Joint Target Working Group),,,MD33-M-02
GT,Grupo de Trabalho ou de Transporte,,Grupo de Trabalho ou de Transporte,,,MD33-M-02
GTT,Grupo de Transporte de Tropas,,Grupo de Transporte de Tropas,,,MD33-M-02
GTE,Grupo de Transporte Especial,,Grupo de Transporte Especial,,,MD33-M-02
Gp Trsp C Agu,Grupo de Transposição de Curso d’Água,,Grupo de Transposição de Curso d’Água,,,MD33-M-02
GVI,Grupo de Visita e Inspeção,,Grupo de Visita e Inspeção,,,MD33-M-02
G Eltg,Grupo Eletrogêneo,,Grupo Eletrogêneo,,,MD33-M-02
GERR,Grupo Especial de Retomada e Resgate,,Grupo Especial de Retomada e Resgate,,,MD33-M-02
Gp Tat-Log,Grupo Tático-Logístico,,Grupo Tático-Logístico,,,MD33-M-02
GT,Grupo-Tarefa,,Grupo-Tarefa,,,MD33-M-02
Gd,Guarda,Guardar,"Guarda, Guardar, (G)",G,,MD33-M-02
Gu,Guarnecer,Guarnição,"Guarnecer, Guarnição",,,MD33-M-02
GP,Guarnição de Presa,,Guarnição de Presa,,,MD33-M-02
G,Guerra,,Guerra,,sim,MD33-M-02
GAS,Guerra Anti-submarino,,Guerra Anti-submarino,,,MD33-M-02
G Bio,Guerra Biológica,,Guerra Biológica,,,MD33-M-02
GC Rede,Guerra Centrada em Rede,,Guerra Centrada em Rede,,,MD33-M-02
G Ciber,Guerra Cibernética,,Guerra Cibernética,,,MD33-M-02
G Civ,Guerra Civil,,Guerra Civil,,,MD33-M-02
G Convl,Guerra Convencional,,Guerra Convencional,,,MD33-M-02
G Atr,Guerra de Atrito,,Guerra de Atrito,,,MD33-M-02
G Guer,Guerra de Guerrilha,,Guerra de Guerrilha,,,MD33-M-02
G Ind,Guerra de Independência,,Guerra de Independência,,,MD33-M-02
G Lib,Guerra de Liberação,,Guerra de Liberação,,,MD33-M-02
G Man,Guerra de Manobra,,Guerra de Manobra,,,MD33-M-02
G Mvt,Guerra de Movimento,,Guerra de Movimento,,,MD33-M-02
G Rst,Guerra de Resistência,,Guerra de Resistência,,,MD33-M-02
GE,Guerra Eletrônica,,Guerra Eletrônica,,,MD33-M-02
G Ext,Guerra Externa,,Guerra Externa,,,MD33-M-02
GG,Guerra Geral,,Guerra Geral,,,MD33-M-02
G Insu,Guerra Insurrecional,,Guerra Insurrecional,,,MD33-M-02
G Intr,Guerra Interna,,Guerra Interna,,,MD33-M-02
G Irreg,Guerra Irregular,,Guerra Irregular,,,MD33-M-02
G Lim,Guerra Limitada,,Guerra Limitada,,,MD33-M-02
GN Nuc,Guerra Não-Nuclear,,Guerra Não-Nuclear,,,MD33-M-02
G Nuc,Guerra Nuclear,,Guerra Nuclear,,,MD33-M-02
G Nuc N Ativ,Guerra Nuclear Não-Ativa,,Guerra Nuclear Não-Ativa,,,MD33-M-02
G Nuc Atv,Guerra Nuclear-Ativa,,Guerra Nuclear-Ativa,,,MD33-M-02
G Psc,Guerra Psicológica,,Guerra Psicológica,,,MD33-M-02
GQ,Guerra Química,,Guerra Química,,,MD33-M-02
GQBN,"Guerra Química, Biológica e Nuclear",,"Guerra Química, Biológica e Nuclear",,,MD33-M-02
G Reg,Guerra Regular,,Guerra Regular,,,MD33-M-02
G Revl,Guerra Revolucionária,,Guerra Revolucionária,,,MD33-M-02
Guer,Guerrilha,Guerrilheiro,"Guerrilha, Guerrilheiro",,,MD33-M-02
Gui,Guia,Guiar;Guiagem;Guiamento,"Guia (G), Guiar, Guiagem, Guiamento",G,,MD33-M-02
GAA,Guia Aéreo Avançado,,Guia Aéreo Avançado,,,MD33-M-02
G Impt,Guia de Importação,,Guia de Importação,,,MD33-M-02
GMA,Guia de Movimentação de Aeronave,,Guia de Movimentação de Aeronave,,,MD33-M-02
GMM,Guia de Movimentação de Material,,Guia de Movimentação de Material,,,MD33-M-02
G Rem M Ext,Guia de Remessa de Material ao Exterior,,Guia de Remessa de Material ao Exterior,,,MD33-M-02
Gc,Guincho,Guinchar,"Guincho, Guinchar",,,MD33-M-02
Gdt,Guindaste,,Guindaste,,,MD33-M-02
Gdt SL,Guindaste Sobre Lagartas,,Guindaste Sobre Lagartas,,,MD33-M-02
Gdt SR,Guindaste Sobre Rodas,,Guindaste Sobre Rodas,,,MD33-M-02
Hbl,Habilitação,Habilitar;Habilidade,"Habilitação, Habilitar, Habilidade",,,MD33-M-02
Hng,Hangar,,Hangar,,,MD33-M-02
He ou Helcp,Helicóptero,,Helicóptero (H),H,,MD33-M-02
HAS,Helicóptero Anti-submarino,,Helicóptero Anti-submarino,,,MD33-M-02
Hl,Helicóptero de Instrução,,Helicóptero de Instrução,,,MD33-M-02
Hp,Heliponto,,Heliponto,,,MD33-M-02
Helprt,Heliporto,,Heliporto,,,MD33-M-02
Helt,Helitransportado,,Helitransportado,,,MD33-M-02
Hidrl,Hidráulico,,Hidráulico,,,MD33-M-02
Hiav,Hidroavião,,Hidroavião,,,MD33-M-02
HN,Hidrografia e Navegação,,Hidrografia e Navegação,,,MD33-M-02
Hi,Hidrográfico,Hidrografia,"Hidrográfico, Hidrografia",,,MD33-M-02
Hidrv,Hidrovia,Hidroviário,"Hidrovia, Hidroviário",,,MD33-M-02
Hierq,Hierarquia,Hierárquica;Hierarquizar,"Hierarquia, Hierárquica, Hierarquizar",,,MD33-M-02
Hig,Higiene,Higienizar;Higiênico,"Higiene, Higienizar, Higiênico",,,MD33-M-02
Hipo,Hipomóvel,,Hipomóvel,,,MD33-M-02
Hip,Hipótese,,Hipótese (H),H,,MD33-M-02
HE,Hipótese de Emprego,,Hipótese de Emprego,,,MD33-M-02
Hist,Histórico,,Histórico,,,MD33-M-02
Hol,Holofote,,Holofote,,,MD33-M-02
H,Homem,,Homem,,,MD33-M-02
H/D,Homem/ Dia,,Homem/ Dia,,,MD33-M-02
H/H,Homem/ Hora,,Homem/ Hora,,,MD33-M-02
Hmz,Homizio,Homiziar,"Homizio, Homiziar",,,MD33-M-02
HST,Homologação Suplementar de Tipo,,Homologação Suplementar de Tipo,,,MD33-M-02
HCQ,"Homologação, Convalidação e Qualificação",,"Homologação, Convalidação e Qualificação",,,MD33-M-02
Homl,Homologar,Homologação;Homologador,"Homologar, Homologação, Homologador",,,MD33-M-02
h,Hora,,Hora (H),H,,MD33-M-02
H Atq,Hora de Ataque,,Hora de Ataque,,,MD33-M-02
HV,Hora de Vôo,,Hora de Vôo,,,MD33-M-02
H Estm,Hora Estimada,,Hora Estimada,,,MD33-M-02
ETA,Hora Estimada de Chegada (Estimated Time of Arrival),,Hora Estimada de Chegada (Estimated Time of Arrival),,,MD33-M-02
ETD,Hora Estimada de Partida (Estimated Time of Departure),,Hora Estimada de Partida (Estimated Time of Departure),,,MD33-M-02
HIR,Hora Início de Regresso,,Hora Início de Regresso,,,MD33-M-02
HMG,Hora Média de Greenwich,,Hora Média de Greenwich,,,MD33-M-02
HNA,Hora no Alvo,,Hora no Alvo,,,MD33-M-02
HSO,Hora Sobre o Objetivo,,Hora Sobre o Objetivo,,,MD33-M-02
Hor,Horário,,Horário (H),H,,MD33-M-02
Hor F,Horário de Fogos,,Horário de Fogos,,,MD33-M-02
HD,Horário Diurno,,Horário Diurno,,,MD33-M-02
HN,Horário Noturno,,Horário Noturno,,,MD33-M-02
UTC,Horário Universal Coordenado (Universal Time Coordinated),,Horário Universal Coordenado (Universal Time Coordinated),,,MD33-M-02
HV,Horário Variável,,Horário Variável,,,MD33-M-02
Hoz,Horizonte,Horizontal,"Horizonte, Horizontal (H)",H,,MD33-M-02
Hospd,Hospedar,Hóspede;Hospedagem;Hospedeiro,"Hospedar, Hóspede, Hospedagem, Hospedeiro",,,MD33-M-02
HB,Hospital Base,,Hospital Base,,,MD33-M-02
HC,Hospital Central,,Hospital Central,,,MD33-M-02
H Cir Mv,Hospital Cirúrgico Móvel,,Hospital Cirúrgico Móvel,,,MD33-M-02
HFA,Hospital das Forças Armadas,,Hospital das Forças Armadas,,,MD33-M-02
H Cmp,Hospital de Campanha,,Hospital de Campanha,,,MD33-M-02
H Cnv,Hospital de Convalescentes,,Hospital de Convalescentes,,,MD33-M-02
H Gu,Hospital de Guarnição,,Hospital de Guarnição,,,MD33-M-02
H Rtg,Hospital de Retaguarda,,Hospital de Retaguarda,,,MD33-M-02
H Ge,Hospital Geral,,Hospital Geral,,,MD33-M-02
H Ptt,Hospital Portátil,,Hospital Portátil,,,MD33-M-02
Hosp,Hospital,Hospitalização;Hospitalar;Hospitalizar,"Hospital, Hospitalização, Hospitalar, Hospitalizar (H)",H,,MD33-M-02
HT,Hotel de Trânsito,,Hotel de Trânsito,,,MD33-M-02
Id,Idéia,,Idéia,,,MD33-M-02
Id M,Idéia de Manobra,,Idéia de Manobra,,,MD33-M-02
Id F,Idéia-Força,,Idéia-Força,,,MD33-M-02
IFF,Identificação Amigo-Inimigo (Identification Friend or Foe),,Identificação Amigo-Inimigo (Identification Friend or Foe),,,MD33-M-02
EID,Identificação Eletrônica (Eletronic Identification),,Identificação Eletrônica (Eletronic Identification),,,MD33-M-02
VID,Identificação Visual (Visual Identification),,Identificação Visual (Visual Identification),,,MD33-M-02
Idt,Identificar,Identidade;Identificação;Identificado;Identificador,"Identificar, Identidade, Identificação, Identificado, Identificador",,,MD33-M-02
Ide,Ideologia,,Ideologia,,,MD33-M-02
Idi,Idioma,,Idioma,,,MD33-M-02
Ign,Ignição,,Ignição,,,MD33-M-02
Ilim,Ilimitado,,Ilimitado,,,MD33-M-02
Ilm,Iluminar,Iluminação;Iluminador,"Iluminar, Iluminação, Iluminador",,,MD33-M-02
Img,Imagem,,Imagem,,,MD33-M-02
Imte,Imediatamente,,Imediatamente,,,MD33-M-02
Imto,Imediato,,Imediato,,,MD33-M-02
Imnt,Iminente,,Iminente,,,MD33-M-02
Imt,Imitação,Imitativo;Imitar,"Imitação, Imitativo, Imitar",,,MD33-M-02
Imv,Imóvel,,Imóvel,,,MD33-M-02
ID,Impactos para Destruição,,Impactos para Destruição,,,MD33-M-02
Imp,Impedir,Impedido;Impedimento,"Impedir, Impedido, Impedimento",,,MD33-M-02
Imprm,Impermeável,Impermeabilizar;Impermeabilizante,"Impermeável, Impermeabilizar, Impermeabilizante",,,MD33-M-02
Imptc,Implantação,Implantar,"Implantação, Implantar",,,MD33-M-02
Import,Importância,Importante,"Importância, Importante",,,MD33-M-02
Impt,Importar,Importação,"Importar, Importação",,,MD33-M-02
IM,Impossibilitado de Manobrar,,Impossibilitado de Manobrar,,,MD33-M-02
IO,Impossibilitado de Operar,,Impossibilitado de Operar,,,MD33-M-02
Impsb,Impossibilitar,Impossibilidade;Impossibilitado,"Impossibilitar, Impossibilidade, Impossibilitado (I)",I,,MD33-M-02
Impsv,Impossível,,Impossível,,,MD33-M-02
Imprat,Impraticável,,Impraticável,,,MD33-M-02
Impg,Impregnação,Impregnado;Impregnar,"Impregnação, Impregnado, Impregnar",,,MD33-M-02
Impr,Imprensa,Impresso;Impressora,"Imprensa, Impresso, Impressora",,,MD33-M-02
Impp,Impróprio,Impropriamente,"Impróprio, Impropriamente",,,MD33-M-02
Imps,Impulso,Impulsionar,"Impulso, Impulsionar",,,MD33-M-02
Inat,Inatividade,Inativo,"Inatividade, Inativo",,,MD33-M-02
Inaug,Inaugurar,Inauguração;Inaugurado,"Inaugurar, Inauguração, Inaugurado",,,MD33-M-02
Incp,Incapaz,Incapacidade;Incapacitante;Incapacitar,"Incapaz, Incapacidade, Incapacitante, Incapacitar",,,MD33-M-02
Incd,Incendiar,Incêndio;Incendiário,"Incendiar, Incêndio, Incendiário",,,MD33-M-02
Incid,Incidência,Incidente,"Incidência, Incidente",,,MD33-M-02
Icn,Inclinado,Inclinar,"Inclinado, Inclinar",,,MD33-M-02
Incl,Incluir,Inclusive;Incluído,"Incluir, Inclusive, Incluído",,,MD33-M-02
Inconv,Inconveniente,Inconveniência,"Inconveniente, Inconveniência",,,MD33-M-02
Incrp,Incorporar,Incorporação;Incorporado,"Incorporar, Incorporação, Incorporado (I)",I,,MD33-M-02
Incor,Incorreção,,Incorreção,,,MD33-M-02
Icmt,Incrementar,Incremento,"Incrementar, Incremento",,,MD33-M-02
Incb,Incumbir(se),Incumbência;Incumbido,"Incumbir(se), Incumbência, Incumbido",,,MD33-M-02
Inc,Incursão,,Incursão,,,MD33-M-02
Inc Anf,Incursão Anfíbia,,Incursão Anfíbia,,,MD33-M-02
Indef,Indeferir,Indeferimento;Indeferido,"Indeferir, Indeferimento, Indeferido",,,MD33-M-02
Indf,Indefinido,,Indefinido,,,MD33-M-02
Indnz,Indenizar,Indenizável;Indenização;Indenizado,"Indenizar, Indenizável, Indenização, Indenizado",,,MD33-M-02
Ind,Independente,Independência,"Independente, Independência",,,MD33-M-02
Indt,Indeterminado,,Indeterminado,,,MD33-M-02
Indev,Indevido,Indevidamente,"Indevido, Indevidamente",,,MD33-M-02
WDI,Indicador de Direção do Vento (Biruta) (Wind Direction Indicator),,Indicador de Direção do Vento (Biruta) (Wind Direction Indicator),,,MD33-M-02
EPIRB,Indicador de Posição de Emergência (Emergency Position Indicating Radio Beacon),,Indicador de Posição de Emergência (Emergency Position Indicating Radio Beacon),,,MD33-M-02
IPP,Indicador de Posição num Plano,,Indicador de Posição num Plano,,,MD33-M-02
IPE,Indicador de Postura de Emissão,,Indicador de Postura de Emissão,,,MD33-M-02
IVRA,Indicador Visual de Rampa de Aproximação,,Indicador Visual de Rampa de Aproximação,,,MD33-M-02
Indic,Indicar,Indicador;Indicação;Indicada,"Indicar, Indicador, Indicação, Indicada (I)",I,,MD33-M-02
I,Índice,,Índice,,sim,MD33-M-02
ID,Índice de Discriminação,,Índice de Discriminação,,,MD33-M-02
IF,Índice de Facilidade,,Índice de Facilidade,,,MD33-M-02
IQ,Índice de Qualidade,,Índice de Qualidade,,,MD33-M-02
Indi,Indício,,Indício,,,MD33-M-02
Idto,Indireto,,Indireto,,,MD33-M-02
Idspn,Indisponibilidade,Indisponível,"Indisponibilidade, Indisponível",,,MD33-M-02
Indv,Individual,Indivíduo,"Individual, Indivíduo (I)",I,,MD33-M-02
Indu,Indústria,Industrial,"Indústria, Industrial",,,MD33-M-02
Ine,Inerte,,Inerte,,,MD33-M-02
Inf,Infantaria,Infante,"Infantaria, Infante (I)",I,,MD33-M-02
Infr,Inferior,,Inferior,,,MD33-M-02
Infl,Infiltrar,Infiltração;Infiltrado,"Infiltrar, Infiltração, Infiltrado",,,MD33-M-02
Inflam,Inflamável,Inflamar,"Inflamável, Inflamar",,,MD33-M-02
METAR,Informação Meteorológica de Aeródromo (Meteorological Airdrome Report),,Informação Meteorológica de Aeródromo (Meteorological Airdrome Report),,,MD33-M-02
Info,Informação,Informar;Informante,"Informação, Informar, Informante",,,MD33-M-02
Info N Com,Informações de Não-Comunicações,,Informações de Não-Comunicações,,,MD33-M-02
IEM,Informações Estratégicas Militares,,Informações Estratégicas Militares,,,MD33-M-02
Infor,Informática,,Informática,,,MD33-M-02
Infe,Informe,,Informe,,,MD33-M-02
I,Infração,,Infração,,sim,MD33-M-02
I Trf Ae,Infração de Tráfego Aéreo,,Infração de Tráfego Aéreo,,,MD33-M-02
IR,Infravermelho (Infrared),,Infravermelho (Infrared),,,MD33-M-02
In,Inicial,Início;Iniciar,"Inicial, Início, Iniciar (I)",I,,MD33-M-02
ICMC,Início do Crepúsculo Matutino Civil,,Início do Crepúsculo Matutino Civil,,,MD33-M-02
ICMN,Início do Crepúsculo Matutino Náutico,,Início do Crepúsculo Matutino Náutico,,,MD33-M-02
Ini,Inimigo,,Inimigo,,,MD33-M-02
Inobs,Inobservância,,Inobservância,,,MD33-M-02
Inop,Inoperância,Inoperante,"Inoperância, Inoperante",,,MD33-M-02
Inpd,Inopinado,,Inopinado,,,MD33-M-02
IPM,Inquérito Policial Militar,,Inquérito Policial Militar,,,MD33-M-02
ISO,Inquérito Sanitário de Origem,,Inquérito Sanitário de Origem,,,MD33-M-02
Inq,Inquérito,Inquirição;Inquirir,"Inquérito, Inquirição, Inquirir (I)",I,,MD33-M-02
Inqt,Inquietação,Inquietar;Inquieto,"Inquietação, Inquietar, Inquieto",,,MD33-M-02
Insc,Inscrição,Inscrever;Inscrito,"Inscrição, Inscrever, Inscrito",,,MD33-M-02
Insp,Inspecionar,Inspeção;Inspetor;Inspecionado,"Inspecionar, Inspeção, Inspetor, Inspecionado",,,MD33-M-02
Inst,Instalar,Instalação;Instalado;Instituto,"Instalar, Instalação, Instalado, Instituto (I)",I,,MD33-M-02
Itt,Instantâneo,,Instantâneo,,,MD33-M-02
IAE,Instituição Ittç Instituto de Aeronáutica e Espaço,,Instituição Ittç Instituto de Aeronáutica e Espaço,,,MD33-M-02
IAC,Instituto de Aviação Civil,,Instituto de Aviação Civil,,,MD33-M-02
ICEA,Instituto de Controle do Espaço Aéreo,,Instituto de Controle do Espaço Aéreo,,,MD33-M-02
IE Av,Instituto de Estudos Avançados,,Instituto de Estudos Avançados,,,MD33-M-02
IFI,Instituto de Fomento e Coordenação Industrial,,Instituto de Fomento e Coordenação Industrial,,,MD33-M-02
I Pq M,Instituto de Pesquisa da Marinha,,Instituto de Pesquisa da Marinha,,,MD33-M-02
IME,Instituto Militar de Engenharia,,Instituto Militar de Engenharia,,,MD33-M-02
INPE,Instituto Nacional de Pesquisas Espaciais,,Instituto Nacional de Pesquisas Espaciais,,,MD33-M-02
ITA,Instituto Tecnológico de Aeronáutica,,Instituto Tecnológico de Aeronáutica,,,MD33-M-02
I Adm,Instrução Administrativa,,Instrução Administrativa,,,MD33-M-02
IE,Instrução Especial,,Instrução Especial,,,MD33-M-02
IN,Instrução Normativa,,Instrução Normativa,,,MD33-M-02
INC,Instrução Normativa Conjunta,,Instrução Normativa Conjunta,,,MD33-M-02
I Perm,Instrução Permanente,,Instrução Permanente,,,MD33-M-02
I Prg,Instrução Programada,,Instrução Programada,,,MD33-M-02
IRQ,Instrução Reguladora de Quadros,,Instrução Reguladora de Quadros,,,MD33-M-02
ICC,Instruções Complementares de Convocação,,Instruções Complementares de Convocação,,,MD33-M-02
I Op,Instruções de Operações,,Instruções de Operações,,,MD33-M-02
IG,Instruções Gerais,,Instruções Gerais,,,MD33-M-02
IGCCFA,Instruções Gerais para a Coordenação da Conscrição nas Forças Armadas,,Instruções Gerais para a Coordenação da Conscrição nas Forças Armadas,,,MD33-M-02
IGISC,Instruções Gerais para Inspeção de Saúde de Conscrito,,Instruções Gerais para Inspeção de Saúde de Conscrito,,,MD33-M-02
IP Com,Instruções Padrão de Comunicações,,Instruções Padrão de Comunicações,,,MD33-M-02
IP Com Elt,Instruções Padrão de Comunicações e Eletrônica,,Instruções Padrão de Comunicações e Eletrônica,,,MD33-M-02
IE Com Elt,Instruções para a Exploração das Comunicações e Eletrônica,,Instruções para a Exploração das Comunicações e Eletrônica,,,MD33-M-02
Instr,Instruir,Instrução;Instrutor,"Instruir, Instrução, Instrutor (I)",I,,MD33-M-02
Itm,Instrumento,,Instrumento (I),I,,MD33-M-02
IV,Instrutor de Vôo,,Instrutor de Vôo,,,MD33-M-02
Insub,Insubmisso,Insubmissão,"Insubmisso, Insubmissão",,,MD33-M-02
Insubrd,Insubordinação,,Insubordinação,,,MD33-M-02
Insubst,Insubsistência,Insubsistente,"Insubsistência, Insubsistente",,,MD33-M-02
Insuf,Insuficiência,Insuficiente,"Insuficiência, Insuficiente",,,MD33-M-02
Insu,Insurrecional,,Insurrecional,,,MD33-M-02
IRF,Integração Rádio-Fio,,Integração Rádio-Fio,,,MD33-M-02
Intg,Integrar,Integração;Integrante;Integrado;Integral,"Integrar, Integração, Integrante, Integrado, Integral (I)",I,,MD33-M-02
Intlg,Inteligência,,Inteligência (I),I,,MD33-M-02
Int,Intendência,Intendente,"Intendência, Intendente (I)",I,,MD33-M-02
Ints,Intensidade,Intensificação;Intensivo,"Intensidade, Intensificação, Intensivo (I)",I,,MD33-M-02
IF,Intensificação de Fogos,,Intensificação de Fogos,,,MD33-M-02
I Img,Intensificação de Imagem,,Intensificação de Imagem,,,MD33-M-02
I Alid,Interaliado,,Interaliado,,,MD33-M-02
Itc,Interceptar,Interceptação;Interceptado,"Interceptar, Interceptação, Interceptado (I)",I,,MD33-M-02
Itd,Interditar,Interdição;Interditada,"Interditar, Interdição, Interditada",,,MD33-M-02
Intrs,Interessar,Interesse;Interessado,"Interessar, Interesse, Interessado",,,MD33-M-02
Intfc,Interface,,Interface,,,MD33-M-02
Interf,Interferir,Interferência;Interferida,"Interferir, Interferência, Interferida",,,MD33-M-02
Intf,Interfone,,Interfone,,,MD33-M-02
Intrn,Interino,,Interino,,,MD33-M-02
I,Interior,,Interior,,,MD33-M-02
Itr,Intermédio,Intermediário,"Intermédio, Intermediário (I)",I,,MD33-M-02
Inter,Internacional,,Internacional (I),I,,MD33-M-02
Intr,Interno,,Interno (I),I,,MD33-M-02
Intpr,Interpretar,Interpretação;Intérprete;Interpretado,"Interpretar, Interpretação, Intérprete, Interpretado",,,MD33-M-02
Intrg,Interrogar,Interrogatório;Interrogação,"Interrogar, Interrogatório, Interrogação",,,MD33-M-02
Intrp,Interromper,Interrupção;Interrompido,"Interromper, Interrupção, Interrompido",,,MD33-M-02
Intv,Intervalo,,Intervalo,,,MD33-M-02
Intv R,Intervalo de Rações,,Intervalo de Rações,,,MD33-M-02
IRP,Intervalo de Repetição de Pulsos,,Intervalo de Repetição de Pulsos,,,MD33-M-02
IT,Intervalo de Tempo,,Intervalo de Tempo,,,MD33-M-02
Itrsp,Intransponível,,Intransponível,,,MD33-M-02
Itru,Intrusão,,Intrusão,,,MD33-M-02
Intz,Inutilizar,Inútil;Inutilizado,"Inutilizar, Inútil, Inutilizado",,,MD33-M-02
Inv,Invasor,Invadir;Invasão,"Invasor, Invadir, Invasão",,,MD33-M-02
Invnt,Inventário,,Inventário,,,MD33-M-02
IAA,Investigação de Acidente Aeronáutico,,Investigação de Acidente Aeronáutico,,,MD33-M-02
Invg,Investigar,Investigação,"Investigar, Investigação",,,MD33-M-02
Invt,Investir,Investimento,"Investir, Investimento",,,MD33-M-02
Ird,Irradiar,Irradiante;Irradiação;Irradiado,"Irradiar, Irradiante, Irradiação, Irradiado",,,MD33-M-02
Irreg,Irregular,Irregularidade,"Irregular, Irregularidade (I)",I,,MD33-M-02
ISM,Isento do Serviço Militar,,Isento do Serviço Militar,,,MD33-M-02
Iso C Bat,Isolamento de Campo de Batalha,,Isolamento de Campo de Batalha,,,MD33-M-02
Iso,Isolar,Isolamento;Isolado,"Isolar, Isolamento, Isolado",,,MD33-M-02
IC,Item de Configuração (Configuration Item),,Item de Configuração (Configuration Item),,,MD33-M-02
IPLR,Item Paralisando Linha de Revisão,,Item Paralisando Linha de Revisão,,,MD33-M-02
Itn,Itinerário,,Itinerário,,,MD33-M-02
Itn Mrch,Itinerário de Marcha,,Itinerário de Marcha,,,MD33-M-02
Itn V,Itinerário de vôo,,Itinerário de vôo,,,MD33-M-02
J,Jato,,Jato,,sim,MD33-M-02
Jor,Jornada,,Jornada,,,MD33-M-02
Julg,Julgar,Julgado;Julgamento,"Julgar, Julgado, Julgamento",,,MD33-M-02
JIS,Junção Jç Junta de Inspeção de Saúde,,Junção Jç Junta de Inspeção de Saúde,,,MD33-M-02
JISGR,Junta de Inspeção de Saúde em Grau de Recurso,,Junta de Inspeção de Saúde em Grau de Recurso,,,MD33-M-02
JISE,Junta de Inspeção de Saúde Especial,,Junta de Inspeção de Saúde Especial,,,MD33-M-02
JSM,Junta do Serviço Militar,,Junta do Serviço Militar,,,MD33-M-02
JEA,Junta Especial de Avaliação,,Junta Especial de Avaliação,,,MD33-M-02
JES,Junta Especial de Saúde,,Junta Especial de Saúde,,,MD33-M-02
JID,Junta Interamericana de Defesa,,Junta Interamericana de Defesa,,,MD33-M-02
JMS,Junta Militar de Saúde,,Junta Militar de Saúde,,,MD33-M-02
JMES,Junta Mista Especial de Saúde,,Junta Mista Especial de Saúde,,,MD33-M-02
JRS,Junta Regular de Saúde,,Junta Regular de Saúde,,,MD33-M-02
JSS,Junta Superior de Saúde,,Junta Superior de Saúde,,,MD33-M-02
Jnt,Junta,Juntar,"Junta, Juntar (J)",J,,MD33-M-02
Jurt,Juramento,,Juramento,,,MD33-M-02
Jurd,Jurídico,Jurisdição;Jurisdicionar,"Jurídico, Jurisdição, Jurisdicionar",,,MD33-M-02
Jte,Jusante,,Jusante,,,MD33-M-02
Jus,Justiça,,Justiça (J),J,,MD33-M-02
JM,Justiça Militar,,Justiça Militar,,,MD33-M-02
Justf,Justificar,Justificação;Justificativa;Justificado,"Justificar, Justificação, Justificativa, Justificado",,,MD33-M-02
Lab,Laboratório,,Laboratório,,,MD33-M-02
LRC,Laboratório Regional de Calibração,,Laboratório Regional de Calibração,,,MD33-M-02
Lac,Lacrimogênea,,Lacrimogênea,,,MD33-M-02
Lag,Lagarta,,Lagarta (L),L,,MD33-M-02
Lam,Lâmina,Laminado;Laminar,"Lâmina, Laminado, Laminar",,,MD33-M-02
L Chm,Lança-chamas,,Lança-chamas,,,MD33-M-02
Lcd,Lançador,,Lançador (L),L,,MD33-M-02
LM,Lançador Múltiplo,,Lançador Múltiplo,,,MD33-M-02
LMF,Lançador Múltiplo de Foguetes,,Lançador Múltiplo de Foguetes,,,MD33-M-02
L Fgt,Lança-foguete,,Lança-foguete,,,MD33-M-02
L Gr,Lança-granadas,,Lança-granadas,,,MD33-M-02
Din,Lançamento Dinâmico Lanç,,Lançamento Dinâmico Lanç,,,MD33-M-02
Estat,Lançamento Estático Lanç,,Lançamento Estático Lanç,,,MD33-M-02
L Msl,Lança-mísseis,,Lança-mísseis,,,MD33-M-02
L Pnt,Lança-ponte,,Lança-ponte,,,MD33-M-02
L Roj,Lançar,Lançamento;Lançado;Lançador Lanç Lança-rojão,"Lançar, Lançamento, Lançado, Lançador (L) Lanç Lança-rojão",L,,MD33-M-02
L,Lancha,,Lancha,,sim,MD33-M-02
L Bz,Lancha Balizadora,,Lancha Balizadora,,,MD33-M-02
L Bz Flu,Lancha Balizadora Fluvial,,Lancha Balizadora Fluvial,,,MD33-M-02
LAR,Lancha de Ação Rápida,,Lancha de Ação Rápida,,,MD33-M-02
LD,Lancha de Desembarque,,Lancha de Desembarque,,,MD33-M-02
LPN,Lancha de Polícia Naval,,Lancha de Polícia Naval,,,MD33-M-02
LV,Lancha de Varredura,,Lancha de Varredura,,,MD33-M-02
L Hi,Lancha Hidrográfica,,Lancha Hidrográfica,,,MD33-M-02
L Tpd,Lancha Torpedeira,,Lancha Torpedeira,,,MD33-M-02
L Tpd Msl,Lancha Torpedeira com Mísseis,,Lancha Torpedeira com Mísseis,,,MD33-M-02
L Pa,Lancha-Patrulha,,Lancha-Patrulha,,,MD33-M-02
L Pa Msl,Lancha-Patrulha com Mísseis,,Lancha-Patrulha com Mísseis,,,MD33-M-02
L Pa Flu,Lancha-Patrulha Fluvial,,Lancha-Patrulha Fluvial,,,MD33-M-02
Lrg,Largura,,Largura,,,MD33-M-02
LP ou PW,Largura do Pulso (Pulse Width),,Largura do Pulso (Pulse Width),,,MD33-M-02
PW,Largura do Pulso (Pulse Width),,Largura do Pulso (Pulse Width),,,MD33-M-02
Ls,Laser,,Laser,,,MD33-M-02
Lt,Lateral,,Lateral,,,MD33-M-02
Lat,Latitude,,Latitude,,,MD33-M-02
Ltn,Latrina,,Latrina,,,MD33-M-02
LT,Laudo Técnico,,Laudo Técnico,,,MD33-M-02
Lav,Lavanderia,,Lavanderia,,,MD33-M-02
Lz,Lazer,,Lazer,,,MD33-M-02
Leg,Legal,Legislação,"Legal, Legislação",,,MD33-M-02
L,Lei,,Lei,,sim,MD33-M-02
LOJM,Lei de Organização Judiciária Militar,,Lei de Organização Judiciária Militar,,,MD33-M-02
LPSA,Lei de Prestação do Serviço Alternativo,,Lei de Prestação do Serviço Alternativo,,,MD33-M-02
LPSM,Lei de Prestação do Serviço Militar,,Lei de Prestação do Serviço Militar,,,MD33-M-02
LRM,Lei de Remuneração dos Militares,,Lei de Remuneração dos Militares,,,MD33-M-02
LSM,Lei do Serviço Militar,,Lei do Serviço Militar,,,MD33-M-02
Let,Letra,,Letra,,,MD33-M-02
LEA,Levantamento Estratégico de Área,,Levantamento Estratégico de Área,,,MD33-M-02
Lev,Levantar,Levantamento,"Levantar, Levantamento",,,MD33-M-02
L,Leve,,Leve,,sim,MD33-M-02
Lib,Liberar,Liberação;Libertação;Liberdade,"Liberar, Liberação, Libertação, Liberdade",,,MD33-M-02
L Esp,Licença Especial,,Licença Especial,,,MD33-M-02
LTIP,Licença para Tratamento de Interesse Particular,,Licença para Tratamento de Interesse Particular,,,MD33-M-02
LTS,Licença para Tratamento de Saúde,,Licença para Tratamento de Saúde,,,MD33-M-02
LTSPF,Licença para Tratamento de Saúde de Pessoa da Família,,Licença para Tratamento de Saúde de Pessoa da Família,,,MD33-M-02
LSAM,Licenciamento do Serviço Ativo da Marinha,,Licenciamento do Serviço Ativo da Marinha,,,MD33-M-02
Lic ou LIC,Licenciar,Licença;Licenciado;Licenciamento,"Licenciar, Licença, Licenciado, Licenciamento",,,MD33-M-02
Lctc,Licitação,,Licitação,,,MD33-M-02
Ldr,Líder,,Líder,,,MD33-M-02
L Nec,Ligações Necessárias,,Ligações Necessárias,,,MD33-M-02
Lig,Ligar,Ligação,"Ligar, Ligação (L)",L,,MD33-M-02
Lg,Ligeiro,,Ligeiro,,,MD33-M-02
Lim,Limitação Limç Limitar,Limite;Limitada,"Limitação Limç Limitar, Limite, Limitada (L)",L,,MD33-M-02
LAADA,Limite Anterior da Área de Defesa Avançada,,Limite Anterior da Área de Defesa Avançada,,,MD33-M-02
LAAG,Limite Avançado da Área de Guerra,,Limite Avançado da Área de Guerra,,,MD33-M-02
LAZC,Limite Avançado da Zona de Combate,,Limite Avançado da Zona de Combate,,,MD33-M-02
LAPA,Limite Avançado das Posições Amigas,,Limite Avançado das Posições Amigas,,,MD33-M-02
LAT,Limite Avançado de Trabalho,,Limite Avançado de Trabalho,,,MD33-M-02
Lim C,Limite Curto,,Limite Curto,,,MD33-M-02
Lim B,Limite de Bombardeio,,Limite de Bombardeio,,,MD33-M-02
LHFSM,Limite de Horas de Funcionamento sem Manutenção,,Limite de Horas de Funcionamento sem Manutenção,,,MD33-M-02
LL Bb,Limite de Lançamento de Bombas,,Limite de Lançamento de Bombas,,,MD33-M-02
L Lt,Limite Lateral,,Limite Lateral,,,MD33-M-02
Lpz,Limpeza,,Limpeza,,,MD33-M-02
L,Linha,,Linha,,sim,MD33-M-02
LB,Linha Base,,Linha Base,,,MD33-M-02
LPH,Linha da Pior Hipótese,,Linha da Pior Hipótese,,,MD33-M-02
L Res,Linha das Reservas,,Linha das Reservas,,,MD33-M-02
LAE,Linha de Ação LA ou L Aç Linha de Acionamento Eletrônico,,Linha de Ação LA ou L Aç Linha de Acionamento Eletrônico,,,MD33-M-02
L Ap,Linha de Apoio,,Linha de Apoio,,,MD33-M-02
L Aprx,Linha de Aproximação,,Linha de Aproximação,,,MD33-M-02
LC Pnt,Linha de Cabeça-de-ponte,,Linha de Cabeça-de-ponte,,,MD33-M-02
LC Pnt Ae,Linha de Cabeça-de-ponte Aérea,,Linha de Cabeça-de-ponte Aérea,,,MD33-M-02
LC Pra,Linha de Cabeça-de-Praia,,Linha de Cabeça-de-Praia,,,MD33-M-02
LCPF,Linha de Cabeça-de-Praia da Força,,Linha de Cabeça-de-Praia da Força,,,MD33-M-02
L Crc,Linha de Cerco,,Linha de Cerco,,,MD33-M-02
LC,Linha de Contato,,Linha de Contato,,,MD33-M-02
L Ct,Linha de Controle,,Linha de Controle,,,MD33-M-02
LC Extv,Linha de Controle de Extraviados,,Linha de Controle de Extraviados,,,MD33-M-02
LCAF,Linha de Coordenação de Apoio de Fogo,,Linha de Coordenação de Apoio de Fogo,,,MD33-M-02
LCF,Linha de Coordenação de Fogos,,Linha de Coordenação de Fogos,,,MD33-M-02
LCO,Linha de Coordenação de Observação,,Linha de Coordenação de Observação,,,MD33-M-02
LDAA,Linha de Defesa Antiaérea,,Linha de Defesa Antiaérea,,,MD33-M-02
L Desd,Linha de Desdobramento,,Linha de Desdobramento,,,MD33-M-02
L Dbq,Linha de Desembarque,,Linha de Desembarque,,,MD33-M-02
L Dengj,Linha de Desengajamento,,Linha de Desengajamento,,,MD33-M-02
LDM,Linha de Detecção Mínima,,Linha de Detecção Mínima,,,MD33-M-02
L Engj,Linha de Engajamento,,Linha de Engajamento,,,MD33-M-02
LE,Linha de Escurecimento,,Linha de Escurecimento,,,MD33-M-02
LEE,Linha de Escurecimento Eletrônico,,Linha de Escurecimento Eletrônico,,,MD33-M-02
LEP,Linha de Escurecimento Parcial,,Linha de Escurecimento Parcial,,,MD33-M-02
LET,Linha de Escurecimento Total,,Linha de Escurecimento Total,,,MD33-M-02
LF,Linha de Fogo,,Linha de Fogo,,,MD33-M-02
LFL,Linha de Fogo Livre,,Linha de Fogo Livre,,,MD33-M-02
LIL,Linha de Identificação Limite,,Linha de Identificação Limite,,,MD33-M-02
LID,Linha de Interceptação Desejada,,Linha de Interceptação Desejada,,,MD33-M-02
LIP,Linha de Interceptação Possível,,Linha de Interceptação Possível,,,MD33-M-02
L Iso,Linha de Isolamento,,Linha de Isolamento,,,MD33-M-02
LLA,Linha de Lançamento de Armamento,,Linha de Lançamento de Armamento,,,MD33-M-02
LLB,Linha de Lançamento de Bombas,,Linha de Lançamento de Bombas,,,MD33-M-02
LL,Linha de Luz,,Linha de Luz,,,MD33-M-02
LMC,Linha de Marcação Constante,,Linha de Marcação Constante,,,MD33-M-02
LO,Linha de Observação,,Linha de Observação,,,MD33-M-02
LP,Linha de Partida,,Linha de Partida,,,MD33-M-02
LPA,Linha de Postos Avançados,,Linha de Postos Avançados,,,MD33-M-02
LPD,Linha de Provável Desenvolvimento,,Linha de Provável Desenvolvimento,,,MD33-M-02
LPE,Linha de Provável Encontro,,Linha de Provável Encontro,,,MD33-M-02
L Rebat,Linha de Rebatimento,,Linha de Rebatimento,,,MD33-M-02
LRS,Linha de Reconhecimento e Segurança,,Linha de Reconhecimento e Segurança,,,MD33-M-02
LR,Linha de Referência,,Linha de Referência,,,MD33-M-02
L Regl Tran,Linha de Regulação de Trânsito,,Linha de Regulação de Trânsito,,,MD33-M-02
LR,Linha de Resistência,,Linha de Resistência,,,MD33-M-02
L Reu,Linha de Reunião,,Linha de Reunião,,,MD33-M-02
LSAA,Linha de Segurança de Apoio de Artilharia,,Linha de Segurança de Apoio de Artilharia,,,MD33-M-02
LS Nuc,Linha de Segurança Nuclear,,Linha de Segurança Nuclear,,,MD33-M-02
L Trnf Rspnl,Linha de Transferência de Responsabilidade,,Linha de Transferência de Responsabilidade,,,MD33-M-02
L Vtr,Linha de Viaturas,,Linha de Viaturas,,,MD33-M-02
LV,Linha de Vigilância,,Linha de Vigilância,,,MD33-M-02
L Vsda,Linha de Visada,,Linha de Visada,,,MD33-M-02
LFC,Linha Final de Coordenação,,Linha Final de Coordenação,,,MD33-M-02
LLAF,Linha Limite de Apoio de Fogo,,Linha Limite de Apoio de Fogo,,,MD33-M-02
LLE,Linha Limite de Escurecimento,,Linha Limite de Escurecimento,,,MD33-M-02
LLP,Linha Limite de Progressão,,Linha Limite de Progressão,,,MD33-M-02
LMIP,Linha Máxima de Interceptação Possível,,Linha Máxima de Interceptação Possível,,,MD33-M-02
LMID,Linha Mínima de Interceptação Desejada,,Linha Mínima de Interceptação Desejada,,,MD33-M-02
L Pcp,Linha Principal,,Linha Principal,,,MD33-M-02
LPR,Linha Principal de Resistência,,Linha Principal de Resistência,,,MD33-M-02
LPS,Linha Principal de Suprimentos,,Linha Principal de Suprimentos,,,MD33-M-02
LPCD,Linha Privada de Comunicação de Dados,,Linha Privada de Comunicação de Dados,,,MD33-M-02
LPD,Linha Provável de Desenvolvimento,,Linha Provável de Desenvolvimento,,,MD33-M-02
Liq,Líquido,,Líquido (L),L,,MD33-M-02
L,Lista,,Lista,,sim,MD33-M-02
JTL,Lista Combinada de Objetivo (Joint Target List),,Lista Combinada de Objetivo (Joint Target List),,,MD33-M-02
JITL,Lista Combinada Integrada de Objetivo (Joint Integrated Target List),,Lista Combinada Integrada de Objetivo (Joint Integrated Target List),,,MD33-M-02
JIPTL,Lista Combinada Integrada Priorizada de Objetivo (Joint Integrated Priority/Set Target List),,Lista Combinada Integrada Priorizada de Objetivo (Joint Integrated Priority/Set Target List),,,MD33-M-02
L Aces,Lista de Acesso,,Lista de Acesso,,,MD33-M-02
LE Autz,Lista de Estoque Autorizado,,Lista de Estoque Autorizado,,,MD33-M-02
LI Dot,Lista de Itens de Dotação,,Lista de Itens de Dotação,,,MD33-M-02
HVTL,Lista de Objetivo de Alto Valor Operacional (High Value Target List),,Lista de Objetivo de Alto Valor Operacional (High Value Target List),,,MD33-M-02
NSL,Lista de Objetivo Proibido (No Strike List),,Lista de Objetivo Proibido (No Strike List),,,MD33-M-02
RTL,Lista de Objetivo Restrito (Restricted Target List),,Lista de Objetivo Restrito (Restricted Target List),,,MD33-M-02
LVA,Lista de Verificação Anual,,Lista de Verificação Anual,,,MD33-M-02
L Pdr,Lista Padrão,,Lista Padrão,,,MD33-M-02
PTL,Lista Priorizada de Objetivos (Prioritized Target List),,Lista Priorizada de Objetivos (Prioritized Target List),,,MD33-M-02
Liv,Livrar,Livre,"Livrar, Livre (L)",L,,MD33-M-02
LRA,Livro de Registro de Aeronaves,,Livro de Registro de Aeronaves,,,MD33-M-02
Loc Q Op,Locador do Quadro de Operações,,Locador do Quadro de Operações,,,MD33-M-02
Loc Dbq,Local de Desembarque,,Local de Desembarque,,,MD33-M-02
LDH,Local de Desembarque de Helicóptero,,Local de Desembarque de Helicóptero,,,MD33-M-02
LDS,Local de Destino Seguro,,Local de Destino Seguro,,,MD33-M-02
LDSI,Local de Destino Seguro Intermediário,,Local de Destino Seguro Intermediário,,,MD33-M-02
LPH,Local de Pouso de Helicóptero,,Local de Pouso de Helicóptero,,,MD33-M-02
L Reo,Local de Reorganização,,Local de Reorganização,,,MD33-M-02
Loc,Local,Localização;Localidade;Locar;Localizar;Locação;Localizador;Locador,"Local, Localização, Localidade, Locar, Localizar, Locação, Localizador, Locador",,,MD33-M-02
Log,Logística,,Logística,,,MD33-M-02
Long,Longitude,,Longitude,,,MD33-M-02
Lot,Lotar,Lotação;Lotado;Lote;Loteamento,"Lotar, Lotação, Lotado, Lote, Loteamento",,,MD33-M-02
Lot R,Loteamento de Rações,,Loteamento de Rações,,,MD33-M-02
Lub,Lubrificar,Lubrificação;Lubrificante,"Lubrificar, Lubrificação, Lubrificante",,,MD33-M-02
Mg,Magnético,Magnetizar;Magnetizador;Magnetizável,"Magnético, Magnetizar, Magnetizador (M), Magnetizável",M,,MD33-M-02
Mlt,Malote,,Malote,,,MD33-M-02
Mnbd,Maneabilidade,,Maneabilidade,,,MD33-M-02
Mnj,Manejo,Manejar;Manejável,"Manejo, Manejar, Manejável",,,MD33-M-02
MCU,Manifesto de Carga da Unidade,,Manifesto de Carga da Unidade,,,MD33-M-02
Mnp,Manipulador,Manipular;Manipulável,"Manipulador, Manipular, Manipulável",,,MD33-M-02
ACM,Manobra de Combate Aéreo (Air Combat Maneuver),,Manobra de Combate Aéreo (Air Combat Maneuver),,,MD33-M-02
Man C,Manobra na Carta,,Manobra na Carta,,,MD33-M-02
Man,Manobrar,Manobra,"Manobrar, Manobra (M)",M,,MD33-M-02
MS,Manobras e Sinais,,Manobras e Sinais,,,MD33-M-02
Mntn,Mantenedor,,Mantenedor,,,MD33-M-02
Mnt,Manter,Manutenção,"Manter, Manutenção",,,MD33-M-02
Mnl,Manual,,Manual (M),M,,MD33-M-02
MGQ,Manual de Garantia de Qualidade,,Manual de Garantia de Qualidade,,,MD33-M-02
MPH,Manual de Procedimentos para Homologação,,Manual de Procedimentos para Homologação,,,MD33-M-02
MO,Mão-de-Obra,,Mão-de-Obra,,,MD33-M-02
HOTAS,Mãos no Manete e no Manche (Hands On Throttle And Stick),,Mãos no Manete e no Manche (Hands On Throttle And Stick),,,MD33-M-02
Mp,Mapa,Mapear,"Mapa (M), Mapear",M,,MD33-M-02
Mp F,Mapa da Força,,Mapa da Força,,,MD33-M-02
MCTS,Mapa de Cômputo de Tempo de Serviço,,Mapa de Cômputo de Tempo de Serviço,,,MD33-M-02
Maq,Máquina,Maquinário;Maquinista,"Máquina, Maquinário, Maquinista",,,MD33-M-02
M Mg,Marcação Magnética,,Marcação Magnética,,,MD33-M-02
MP,Marcação Polar,,Marcação Polar,,,MD33-M-02
MR,Marcação Relativa,,Marcação Relativa,,,MD33-M-02
MV,Marcação Verdadeira,,Marcação Verdadeira,,,MD33-M-02
Mrc,Marcação,Marcador;Marcar,"Marcação, Marcador, Marcar (M)",M,,MD33-M-02
M Adm,Marcha Administrativa,,Marcha Administrativa,,,MD33-M-02
M Aprx,Marcha de Aproximação,,Marcha de Aproximação,,,MD33-M-02
M Cmb,Marcha para o Combate,,Marcha para o Combate,,,MD33-M-02
M Esc,Marcha por Escalões,,Marcha por Escalões,,,MD33-M-02
M Tat,Marcha Tática,,Marcha Tática,,,MD33-M-02
Mrch,Marcha,Marchar;Marchador,"Marcha, Marchar, Marchador (M)",M,,MD33-M-02
Mrg,Margem,Marginal;Margear,"Margem, Marginal, Margear",,,MD33-M-02
MB,Marinha do Brasil,,Marinha do Brasil,,,MD33-M-02
Mar,Marinha,Marítimo,"Marinha, Marítimo (M)",M,,MD33-M-02
MP,Martelete Pneumático,,Martelete Pneumático,,,MD33-M-02
Masc C Gas,Máscara Contra Gases,,Máscara Contra Gases,,,MD33-M-02
Masc,Máscara,Mascaramento;Mascarar,"Máscara, Mascaramento, Mascarar",,,MD33-M-02
Ms,Massa,,Massa,,,MD33-M-02
Mat,Matéria,Material;Materializar,"Matéria, Material, Materializar (M)",M,,MD33-M-02
MCE,Material de Comunicações e Eletrônica,,Material de Comunicações e Eletrônica,,,MD33-M-02
MEM,Material de Emprego Militar,,Material de Emprego Militar,,,MD33-M-02
Mat M,Material Militar,,Material Militar,,,MD33-M-02
Mtcl,Matricular,Matrícula,"Matricular, Matrícula",,,MD33-M-02
Mtz,Matriz,,Matriz,,,MD33-M-02
Max,Máxima,Maximizar,"Máxima, Maximizar",,,MD33-M-02
Mec T,Mecânica de Tempo,,Mecânica de Tempo,,,MD33-M-02
MV,Mecânico de Vôo,,Mecânico de Vôo,,,MD33-M-02
Mec,Mecânico,Mecanizado;Mecanizar,"Mecânico, Mecanizado, Mecanizar (M)",M,,MD33-M-02
Medl,Medalha,,Medalha,,,MD33-M-02
Me,Média,,Média (M),M,,MD33-M-02
MF,Média Final,,Média Final,,,MD33-M-02
Md,Mediana,,Mediana,,,MD33-M-02
Mdt O,Mediante Ordem,,Mediante Ordem,,,MD33-M-02
Mto,Medicamento,,Medicamento,,,MD33-M-02
Med,Medicina,Médico;Medicar,"Medicina, Médico, Medicar",,,MD33-M-02
Mdd,Medida,,Medida (M),M,,MD33-M-02
MAGE,Medida de Apoio a Guerra Eletrônica,,Medida de Apoio a Guerra Eletrônica,,,MD33-M-02
MAE,Medida de Ataque Eletrônico,,Medida de Ataque Eletrônico,,,MD33-M-02
MIR,Medida de Interferência de Radar,,Medida de Interferência de Radar,,,MD33-M-02
MPE,Medida de Proteção Eletrônica,,Medida de Proteção Eletrônica,,,MD33-M-02
M Avrg,Medidas de Averiguação,,Medidas de Averiguação,,,MD33-M-02
MCS,Medidas de Controle no Solo,,Medidas de Controle no Solo,,,MD33-M-02
MCCEA,Medidas de Coordenação e Controle do Espaço Aéreo,,Medidas de Coordenação e Controle do Espaço Aéreo,,,MD33-M-02
MPEA,Medidas de Policiamento do Espaço Aéreo,,Medidas de Policiamento do Espaço Aéreo,,,MD33-M-02
MOPP,Medidas Operacionais de Proteção Preventiva,,Medidas Operacionais de Proteção Preventiva,,,MD33-M-02
Mt,Megaton,,Megaton,,,MD33-M-02
ACM,Meio de Coordenação do Espaço Aéreo (Airspace Control Means),,Meio de Coordenação do Espaço Aéreo (Airspace Control Means),,,MD33-M-02
Mlh,Melhorar,Melhoria;Melhoramento,"Melhorar, Melhoria, Melhoramento",,,MD33-M-02
MOU,Memorando de Entendimento (Memorandum of Understanding),,Memorando de Entendimento (Memorandum of Understanding),,,MD33-M-02
RAM,Memória de acesso aleatório (Random Access Memory),,Memória de acesso aleatório (Random Access Memory),,,MD33-M-02
EPROM,Memória PROM apagável (Erasable PROM),,Memória PROM apagável (Erasable PROM),,,MD33-M-02
ROM,Memória somente para leitura (Read Only Memory),,Memória somente para leitura (Read Only Memory),,,MD33-M-02
Memo,Memória,Memorando,"Memória, Memorando",,,MD33-M-02
Menc,Mencionar,Mencionável,"Mencionar, Mencionável",,,MD33-M-02
MN,Mensageiro,,Mensageiro,,,MD33-M-02
Msg,Mensagem,,Mensagem,,,MD33-M-02
ATM,Mensagem de Acionamento de Missão (Air Task Message),,Mensagem de Acionamento de Missão (Air Task Message),,,MD33-M-02
MCEA,Mensagem de Coordenação de Espaço Aéreo,,Mensagem de Coordenação de Espaço Aéreo,,,MD33-M-02
SOS,Mensagem de Pedido de Socorro (Save Our Souls),,Mensagem de Pedido de Socorro (Save Our Souls),,,MD33-M-02
MSVH,Mensagem de Segurança de Vida Humana,,Mensagem de Segurança de Vida Humana,,,MD33-M-02
MSNM,Mensagem de Segurança Nacional ou Militar,,Mensagem de Segurança Nacional ou Militar,,,MD33-M-02
MS,Mensagem de Serviço,,Mensagem de Serviço,,,MD33-M-02
PFM,Mensagem Pré-programada de Vôo (Pre-Flight Message),,Mensagem Pré-programada de Vôo (Pre-Flight Message),,,MD33-M-02
MPV,Mensagem Programada de Vôo,,Mensagem Programada de Vôo,,,MD33-M-02
OPTASK,Mensagens padronizadas de tarefa operacional (Operation Tasking),,Mensagens padronizadas de tarefa operacional (Operation Tasking),,,MD33-M-02
Mens,Mensal,Mensalmente;Mensalidade,"Mensal, Mensalmente, Mensalidade (M)",M,,MD33-M-02
Merc,Mercante,Mercado;Mercadoria;Mercador,"Mercante, Mercado, Mercadoria, Mercador",,,MD33-M-02
Merec,Merecimento,Merecer;Merecedor,"Merecimento, Merecer, Merecedor",,,MD33-M-02
Merg,Mergulhar,Mergulho;Mergulhador,"Mergulhar, Mergulho, Mergulhador",,,MD33-M-02
Mrto,Mérito,,Mérito,,,MD33-M-02
MS,Mestre de Salto,,Mestre de Salto,,,MD33-M-02
Meteo,Meteorologia,Meteorológica;Meteorologista,"Meteorologia, Meteorológica, Meteorologista (M)",M,,MD33-M-02
Mtd,Método,Metodizar;Metodologia,"Método, Metodizar, Metodologia",,,MD33-M-02
Mtr,Metralhadora,Metralhador,"Metralhadora, Metralhador",,,MD33-M-02
M Ond,Microondas,,Microondas,,,MD33-M-02
Mls,Milésimo,,Milésimo,,,MD33-M-02
Mil,Militar,,Militar (M),M,,MD33-M-02
Min D,Mina à Deriva,,Mina à Deriva,,,MD33-M-02
Min F,Mina de Fundeio,,Mina de Fundeio,,,MD33-M-02
Min S,Mina Submarina,,Mina Submarina,,,MD33-M-02
Min T,Mina Terrestre,,Mina Terrestre,,,MD33-M-02
Min,Mina,Minagem;Mineiro;Minar,"Mina, Minagem, Mineiro, Minar (M)",M,,MD33-M-02
Mini,Mínimo,Minimizar,"Mínimo, Minimizar",,,MD33-M-02
MD,Ministério da Defesa,,Ministério da Defesa,,,MD33-M-02
MF,Ministério da Fazenda,,Ministério da Fazenda,,,MD33-M-02
MRE,Ministério das Relações Exteriores,,Ministério das Relações Exteriores,,,MD33-M-02
MPOG,"Ministério do Planejamento, Orçamento e Gestão",,"Ministério do Planejamento, Orçamento e Gestão",,,MD33-M-02
MP,Ministério Público,,Ministério Público,,,MD33-M-02
MPM,Ministério Público Militar,,Ministério Público Militar,,,MD33-M-02
Min,Ministério,Ministro;Ministrar,"Ministério, Ministro, Ministrar (M)",M,,MD33-M-02
Min Def,Ministro da Defesa,,Ministro da Defesa,,,MD33-M-02
Misc,Miscelânea,,Miscelânea,,,MD33-M-02
Mi,Misericórdia,Misericordioso,"Misericórdia, Misericordioso",,,MD33-M-02
Mis,Missão,Missionário,"Missão (M), Missionário",M,,MD33-M-02
Mis F,Missão de Fogo,,Missão de Fogo,,,MD33-M-02
MIE,Missão de Interceptação e Escolta,,Missão de Interceptação e Escolta,,,MD33-M-02
M Mi,Missão de Misericórdia,,Missão de Misericórdia,,,MD33-M-02
M Trm,Missão de Treinamento,,Missão de Treinamento,,,MD33-M-02
Msl,Míssil,,Míssil (M),M,,MD33-M-02
MA Ae Ptt,Míssil Antiaéreo Portátil,,Míssil Antiaéreo Portátil,,,MD33-M-02
MAC,Míssil Anticarro,,Míssil Anticarro,,,MD33-M-02
ATBM,Míssil Anti-míssil Balístico Tático (Anti-Tactical Balistic Missile),,Míssil Anti-míssil Balístico Tático (Anti-Tactical Balistic Missile),,,MD33-M-02
MAR,Míssil Anti-radiação,,Míssil Anti-radiação,,,MD33-M-02
ARM,Míssil Anti-radiação (Anti-Radiation Missile),,Míssil Anti-radiação (Anti-Radiation Missile),,,MD33-M-02
HARM,Míssil Anti-radiação de Alta Velocidade (High-speed Anti- Radiation Missile),,Míssil Anti-radiação de Alta Velocidade (High-speed Anti- Radiation Missile),,,MD33-M-02
ALARM,Míssil Anti-radiação Lançado de Aeronave (Air-Launched Anti- Radiation Missile),,Míssil Anti-radiação Lançado de Aeronave (Air-Launched Anti- Radiation Missile),,,MD33-M-02
MAA,Míssil Ar-Ar,,Míssil Ar-Ar,,,MD33-M-02
MAS,Míssil Ar-Superfície,,Míssil Ar-Superfície,,,MD33-M-02
ASRAAM,Míssil Avançado ar-ar de Alcance Curto (Advanced Short Range Air-to-air Missile),,Míssil Avançado ar-ar de Alcance Curto (Advanced Short Range Air-to-air Missile),,,MD33-M-02
AMRAAM,Míssil Avançado ar-ar de Alcance Médio (Advanced Medium Range Air-to-air Missile),,Míssil Avançado ar-ar de Alcance Médio (Advanced Medium Range Air-to-air Missile),,,MD33-M-02
ABM,Míssil Balístico Anti-míssil (Anti-ballistic Missile),,Míssil Balístico Anti-míssil (Anti-ballistic Missile),,,MD33-M-02
IRBM,Míssil Balístico de Alcance Intermediário (Intermediate Range Ballistic Missile),,Míssil Balístico de Alcance Intermediário (Intermediate Range Ballistic Missile),,,MD33-M-02
MMRBM,Míssil Balístico de Alcance Médio de Base Móvel (Móbile Medium Range Ballistic Missile),,Míssil Balístico de Alcance Médio de Base Móvel (Móbile Medium Range Ballistic Missile),,,MD33-M-02
SRBM,Míssil Balístico de Curto Alcance (Short Range Ballistic Missile),,Míssil Balístico de Curto Alcance (Short Range Ballistic Missile),,,MD33-M-02
MRBM,Míssil Balístico de Médio Alcance (Medium Range Ballistic Missile),,Míssil Balístico de Médio Alcance (Medium Range Ballistic Missile),,,MD33-M-02
ICBM,Míssil Balístico Intercontinental (Intercontinental Ballistic Missile),,Míssil Balístico Intercontinental (Intercontinental Ballistic Missile),,,MD33-M-02
MICBM,Míssil Balístico Intercontinental de Base Móvel (Móbile Intercontinental Ballistic Missile),,Míssil Balístico Intercontinental de Base Móvel (Móbile Intercontinental Ballistic Missile),,,MD33-M-02
SICBM,Míssil Balístico Intercontinental de Pequeno Porte (Small Intercontinental Ballistic Missile),,Míssil Balístico Intercontinental de Pequeno Porte (Small Intercontinental Ballistic Missile),,,MD33-M-02
SLBM,Míssil Balístico Lançado de Submarino (Submarine Lauched Ballistic Missile),,Míssil Balístico Lançado de Submarino (Submarine Lauched Ballistic Missile),,,MD33-M-02
TCBM,Míssil Balístico Transcontinental (Transcontinental Ballistic Missile),,Míssil Balístico Transcontinental (Transcontinental Ballistic Missile),,,MD33-M-02
SRAM,Míssil de Ataque de Curto Alcance (Short Range Attack Missile),,Míssil de Ataque de Curto Alcance (Short Range Attack Missile),,,MD33-M-02
ASCM,Míssil de Cruzeiro Antinavio (Anti-ship Cruise Missile),,Míssil de Cruzeiro Antinavio (Anti-ship Cruise Missile),,,MD33-M-02
MDL,Míssil Dirigido Leve,,Míssil Dirigido Leve,,,MD33-M-02
MDM,Míssil Dirigido Médio,,Míssil Dirigido Médio,,,MD33-M-02
MDP,Míssil Dirigido Pesado,,Míssil Dirigido Pesado,,,MD33-M-02
AGM,Míssil Guiado do Ar (Air Guided Missile),,Míssil Guiado do Ar (Air Guided Missile),,,MD33-M-02
MLG,Míssil Livre Grande,,Míssil Livre Grande,,,MD33-M-02
MLP,Míssil Livre Pequeno,,Míssil Livre Pequeno,,,MD33-M-02
M Sub Sub,Míssil Submarino-Submarino,,Míssil Submarino-Submarino,,,MD33-M-02
M Sub Spf,Míssil Submarino-Superfície,,Míssil Submarino-Superfície,,,MD33-M-02
M Spf Sub,Míssil Superfície-Submarino,,Míssil Superfície-Submarino,,,MD33-M-02
M Spf Spf,Míssil Superfície-Superfície,,Míssil Superfície-Superfície,,,MD33-M-02
Ms,Misto,Misturar;Misturador,"Misto, Misturar, Misturador",,,MD33-M-02
Mbld,Mobilidade,,Mobilidade,,,MD33-M-02
MCP,"Mobilidade, Contramobilidade e Proteção",,"Mobilidade, Contramobilidade e Proteção",,,MD33-M-02
Mob,Mobilizar,Mobilizador;Mobilização;Mobilizável,"Mobilizar, Mobilizador, Mobilização, Mobilizável",,,MD33-M-02
Mdl,Modelo,Modelagem;Modelar;Modelador;Modelável,"Modelo (M), Modelagem, Modelar, Modelador, Modelável",M,,MD33-M-02
Md,Modem,,Modem,,,MD33-M-02
Mod,Modificar,Modificação;Modificável,"Modificar, Modificação, Modificável",,,MD33-M-02
Mod Cbt,Módulo de Combate,,Módulo de Combate,,,MD33-M-02
Modul,Módulo,Modular;Modulador;Modulação,"Módulo, Modular, Modulador, Modulação",,,MD33-M-02
M,Monitor,,Monitor,,sim,MD33-M-02
Mon,Monitor,Monitorar;Monitorizar,"Monitor, Monitorar (M), Monitorizar",M,,MD33-M-02
1M,Monomotor,,Monomotor,,,MD33-M-02
Mth,Montanha,Montanhismo;Montanhista,"Montanha, Montanhismo, Montanhista",,,MD33-M-02
Mont,Montar,Montagem;Montaria;Montador,"Montar, Montagem, Montaria, Montador",,,MD33-M-02
Mnto,Monumento,,Monumento,,,MD33-M-02
Mrd,Moradia,,Moradia,,,MD33-M-02
Mrt,Morteiro,,Morteiro,,,MD33-M-02
Mrt L,Morteiro Leve,,Morteiro Leve,,,MD33-M-02
Mrt P,Morteiro Pesado,,Morteiro Pesado,,,MD33-M-02
Mrt Q,Morteiro Químico,,Morteiro Químico,,,MD33-M-02
Mor,Morto,,Morto,,,MD33-M-02
Mor A,Morto em Ação,,Morto em Ação,,,MD33-M-02
Mtv,Motivar,Motivo;Motivação;Motivador,"Motivar, Motivo, Motivação, Motivador",,,MD33-M-02
Mcl,Motocicleta,Motociclista,"Motocicleta, Motociclista",,,MD33-M-02
Mni,Motoniveladora,,Motoniveladora,,,MD33-M-02
Mo,Motor,,Motor,,,MD33-M-02
MP,Motor de Popa,,Motor de Popa,,,MD33-M-02
Mot,Motorista,,Motorista,,,MD33-M-02
Mtz,Motorizado,,Motorizado,,,MD33-M-02
Mscp,Motoscraper,,Motoscraper,,,MD33-M-02
Mv,Móvel,,Móvel,,,MD33-M-02
Mov,Movimentar,Movimentação;Movimento,"Movimentar, Movimentação, Movimento (M)",M,,MD33-M-02
MNT,Movimento Navio-para-Terra,,Movimento Navio-para-Terra,,,MD33-M-02
Mud,Mudança,Mudar,"Mudança, Mudar",,,MD33-M-02
M Cn,Multicanal,,Multicanal,,,MD33-M-02
M Cn Cb,Multicanal Cabo,,Multicanal Cabo,,,MD33-M-02
M Cn Rad,Multicanal Rádio,,Multicanal Rádio,,,MD33-M-02
M Mo,Multimotor,,Multimotor,,,MD33-M-02
Mux,Multiplex,,Multiplex,,,MD33-M-02
Mult M,Multiplicador de Marchas,,Multiplicador de Marchas,,,MD33-M-02
Mult,Múltiplo,Multiplicar;Multiplicador,"Múltiplo, Multiplicar, Multiplicador (M)",M,,MD33-M-02
Mun,Munição,Municiamento;Municiar,"Munição, Municiamento, Municiar (M)",M,,MD33-M-02
Mcp,Município,Municipal,"Município, Municipal",,,MD33-M-02
M,Mural,,Mural,,sim,MD33-M-02
M,Museu,,Museu,,sim,MD33-M-02
Mus,Música,Músico;Musical,"Música, Músico, Musical",,,MD33-M-02
Mt,Mútuo,,Mútuo,,,MD33-M-02
Nac,Nacional,Nação;Nacionalizar,"Nacional, Nação (N), Nacionalizar",N,,MD33-M-02
N,Não,,Não,,sim,MD33-M-02
N Cg,Não Carregar,,Não Carregar,,,MD33-M-02
N End ou XMT,Não Endereçado a,,Não Endereçado a,,,MD33-M-02
N Nuc,Não Nuclear,,Não Nuclear,,,MD33-M-02
NO,Não Observado,,Não Observado,,,MD33-M-02
N Pdr,Não Padronizado,,Não Padronizado,,,MD33-M-02
NR,Não Regulamentar,,Não Regulamentar,,,MD33-M-02
N Stf,Não Satisfatório,,Não Satisfatório,,,MD33-M-02
NV,Não Visto,,Não Visto,,,MD33-M-02
Nasc,Nascimento,Nascer,"Nascimento, Nascer",,,MD33-M-02
Nat,Natural,Natureza;Naturalizar,"Natural, Natureza, Naturalizar",,,MD33-M-02
Naut,Náutico,,Náutico,,,MD33-M-02
Nav,Naval,Navegação;Navio;Navegar;Navegar;Navegável,"Naval, Navegação, Navio, Navegar (N), Navegar, Navegável",N,,MD33-M-02
NBA,Navegação a Baixa Altura,,Navegação a Baixa Altura,,,MD33-M-02
NBV,Navegação em Baixa Visibilidade,,Navegação em Baixa Visibilidade,,,MD33-M-02
NOE,Navegação entre Obstáculos (Nap of the Earth),,Navegação entre Obstáculos (Nap of the Earth),,,MD33-M-02
NACC,Navio Auxiliar de Controle Central,,Navio Auxiliar de Controle Central,,,MD33-M-02
NCM,Navio Caça-Minas,,Navio Caça-Minas,,,MD33-M-02
N Abst,Navio de Abastecimento,,Navio de Abastecimento,,,MD33-M-02
N Ap,Navio de Apoio,,Navio de Apoio,,,MD33-M-02
N Ap F,Navio de Apoio de Fogo,,Navio de Apoio de Fogo,,,MD33-M-02
N Ap FF,Navio de Apoio de Fogo com Foguetes,,Navio de Apoio de Fogo com Foguetes,,,MD33-M-02
N Ap Flu,Navio de Apoio Fluvial,,Navio de Apoio Fluvial,,,MD33-M-02
N Ap Log,Navio de Apoio Logístico,,Navio de Apoio Logístico,,,MD33-M-02
N Ap Log Flu,Navio de Apoio Logístico Fluvial,,Navio de Apoio Logístico Fluvial,,,MD33-M-02
N Ap M,Navio de Apoio Múltiplo,,Navio de Apoio Múltiplo,,,MD33-M-02
N Ap Oc,Navio de Apoio Oceanográfico,,Navio de Apoio Oceanográfico,,,MD33-M-02
NA Anf,Navio de Assalto Anfíbio,,Navio de Assalto Anfíbio,,,MD33-M-02
NAsH,Navio de Assistência Hospitalar,,Navio de Assistência Hospitalar,,,MD33-M-02
NC Com,Navio de Comando e Comunicações,,Navio de Comando e Comunicações,,,MD33-M-02
NC,Navio de Controle,,Navio de Controle,,,MD33-M-02
NCC,Navio de Controle Central,,Navio de Controle Central,,,MD33-M-02
NCAM,Navio de Controle de Área Marítima,,Navio de Controle de Área Marítima,,,MD33-M-02
NCP,Navio de Controle Principal,,Navio de Controle Principal,,,MD33-M-02
NCS,Navio de Controle Secundário,,Navio de Controle Secundário,,,MD33-M-02
ND,Navio de Desembarque,,Navio de Desembarque,,,MD33-M-02
NDCC,Navio de Desembarque de Carros de Combate,,Navio de Desembarque de Carros de Combate,,,MD33-M-02
NDCCH,Navio de Desembarque de Carros de Combate-Hospital,,Navio de Desembarque de Carros de Combate-Hospital,,,MD33-M-02
ND Flu,Navio de Desembarque Fluvial,,Navio de Desembarque Fluvial,,,MD33-M-02
NDMLF,Navio de Desembarque Médio Lança-Foguetes,,Navio de Desembarque Médio Lança-Foguetes,,,MD33-M-02
NDD,Navio de Desembarque-Doca,,Navio de Desembarque-Doca,,,MD33-M-02
NDDH,Navio de Desembarque-Doca Hospital,,Navio de Desembarque-Doca Hospital,,,MD33-M-02
NDDPH,Navio de Desembarque-Doca Porta-Helicópteros,,Navio de Desembarque-Doca Porta-Helicópteros,,,MD33-M-02
N Pro,Navio de Provisões,,Navio de Provisões,,,MD33-M-02
NRM,Navio de Reabastecimento Múltiplo,,Navio de Reabastecimento Múltiplo,,,MD33-M-02
NRTB,Navio de Recebimento e Tratamento de Baixas,,Navio de Recebimento e Tratamento de Baixas,,,MD33-M-02
N Rep Av,Navio de Reparo de Aviação,,Navio de Reparo de Aviação,,,MD33-M-02
N Slv,Navio de Salvamento,,Navio de Salvamento,,,MD33-M-02
N Slv Esq,Navio de Salvamento de Esquadra,,Navio de Salvamento de Esquadra,,,MD33-M-02
N Slv P,Navio de Salvamento de Porto,,Navio de Salvamento de Porto,,,MD33-M-02
N Scr S,Navio de Socorro de Submarino,,Navio de Socorro de Submarino,,,MD33-M-02
NDRA,Navio Demarcador de Raia de Aproximação,,Navio Demarcador de Raia de Aproximação,,,MD33-M-02
NF,Navio Faroleiro,,Navio Faroleiro,,,MD33-M-02
N Ho,Navio Hidroceanográfico,,Navio Hidroceanográfico,,,MD33-M-02
N Hi,Navio Hidrográfico,,Navio Hidrográfico,,,MD33-M-02
N Merc,Navio Mercante,,Navio Mercante,,,MD33-M-02
N Min,Navio Mineiro,,Navio Mineiro,,,MD33-M-02
NML,Navio Mineiro Ligeiro,,Navio Mineiro Ligeiro,,,MD33-M-02
NMV,Navio Mineiro Varredor,,Navio Mineiro Varredor,,,MD33-M-02
NN Clas,Navio Não-Classificado,,Navio Não-Classificado,,,MD33-M-02
N Oc,Navio Oceanográfico,,Navio Oceanográfico,,,MD33-M-02
NQG,Navio Quebra Gelo,,Navio Quebra Gelo,,,MD33-M-02
NV,Navio Varredor,,Navio Varredor,,,MD33-M-02
NV Oc,Navio Varredor Oceânico,,Navio Varredor Oceânico,,,MD33-M-02
NAe,Navio-Aeródromo,,Navio-Aeródromo,,,MD33-M-02
NAe AS,Navio-Aeródromo Anti-submarino,,Navio-Aeródromo Anti-submarino,,,MD33-M-02
NAe AA,Navio-Aeródromo de Assalto Anfíbio,,Navio-Aeródromo de Assalto Anfíbio,,,MD33-M-02
NAe Atq,Navio-Aeródromo de Ataque,,Navio-Aeródromo de Ataque,,,MD33-M-02
NAe Esq,Navio-Aeródromo de Esquadra,,Navio-Aeródromo de Esquadra,,,MD33-M-02
NAe HA,Navio-Aeródromo de Helicópteros de Assalto,,Navio-Aeródromo de Helicópteros de Assalto,,,MD33-M-02
NAe E,Navio-Aeródromo Escolta,,Navio-Aeródromo Escolta,,,MD33-M-02
NAe L,Navio-Aeródromo Ligeiro,,Navio-Aeródromo Ligeiro,,,MD33-M-02
NA,Navio-Auxiliar,,Navio-Auxiliar,,,MD33-M-02
NB,Navio-Balizador,,Navio-Balizador,,,MD33-M-02
NB Flu,Navio-Balizador Fluvial,,Navio-Balizador Fluvial,,,MD33-M-02
NCGE,Navio-Controlador de Guerra Eletrônica,,Navio-Controlador de Guerra Eletrônica,,,MD33-M-02
NE,Navio-Escola,,Navio-Escola,,,MD33-M-02
NH,Navio-Hospital,,Navio-Hospital,,,MD33-M-02
NM,Navio-Museu,,Navio-Museu,,,MD33-M-02
NO,Navio-Oficina,,Navio-Oficina,,,MD33-M-02
N Pa,Navio-Patrulha,,Navio-Patrulha,,,MD33-M-02
N Pa Co,Navio-Patrulha Costeira,,Navio-Patrulha Costeira,,,MD33-M-02
N Pa Flu,Navio-Patrulha Fluvial,,Navio-Patrulha Fluvial,,,MD33-M-02
N Pa Oc,Navio-Patrulha Oceânico,,Navio-Patrulha Oceânico,,,MD33-M-02
N Pa Ra,Navio-Patrulha Rápido,,Navio-Patrulha Rápido,,,MD33-M-02
N Po,Navio-Polar,,Navio-Polar,,,MD33-M-02
NT,Navio-Tanque,,Navio-Tanque,,,MD33-M-02
N Td,Navio-Tender,,Navio-Tender,,,MD33-M-02
N Td Anv,Navio-Tender de Aeronaves,,Navio-Tender de Aeronaves,,,MD33-M-02
N Td CT,Navio-Tender de Contratorpedeiros,,Navio-Tender de Contratorpedeiros,,,MD33-M-02
N Td S,Navio-Tender de Submarinos,,Navio-Tender de Submarinos,,,MD33-M-02
N Td V,Navio-Tender de Varredores,,Navio-Tender de Varredores,,,MD33-M-02
N Tr,Navio-Transporte,,Navio-Transporte,,,MD33-M-02
N Tr Av,Navio-Transporte de Avião,,Navio-Transporte de Avião,,,MD33-M-02
N Tr Cg,Navio-Transporte de Carga,,Navio-Transporte de Carga,,,MD33-M-02
N Tr CA,Navio-Transporte de Carga de Assalto,,Navio-Transporte de Carga de Assalto,,,MD33-M-02
N Tr MC,Navio-Transporte de Material Comum,,Navio-Transporte de Material Comum,,,MD33-M-02
N Tr M,Navio-Transporte de Munição,,Navio-Transporte de Munição,,,MD33-M-02
N Tr O C,Navio-Transporte de Órgãos de Comando,,Navio-Transporte de Órgãos de Comando,,,MD33-M-02
N Tr Pes,Navio-Transporte de Pessoal,,Navio-Transporte de Pessoal,,,MD33-M-02
N Tr T,Navio-Transporte de Tropa,,Navio-Transporte de Tropa,,,MD33-M-02
N Tr TAV,Navio-Transporte de Tropa de Alta Velocidade,,Navio-Transporte de Tropa de Alta Velocidade,,,MD33-M-02
N Tr TA,Navio-Transporte de Tropa de Assalto,,Navio-Transporte de Tropa de Assalto,,,MD33-M-02
N Tr Flu,Navio-Transporte Fluvial,,Navio-Transporte Fluvial,,,MD33-M-02
Nve,Navio-Veleiro,,Navio-Veleiro,,,MD33-M-02
Nec,Necessitar,Necessária;Necessidade,"Necessitar, Necessária, Necessidade",,,MD33-M-02
Ncr,Necrotério,,Necrotério,,,MD33-M-02
Neg,Negativo,Negar;Negação,"Negativo, Negar, Negação",,,MD33-M-02
Ntz,Neutralização,Neutralizar;Neutralizador,"Neutralização, Neutralizar, Neutralizador",,,MD33-M-02
Nv,Névoa,,Névoa,,,MD33-M-02
Nv S,Névoa Seca,,Névoa Seca,,,MD33-M-02
Nv U,Névoa Úmida,,Névoa Úmida,,,MD33-M-02
NS,Nimbo-Estrato (Nimbus-stratus),,Nimbo-Estrato (Nimbus-stratus),,,MD33-M-02
Ni,Nível,,Nível,,,MD33-M-02
N Aux,Nível Auxiliar,,Nível Auxiliar,,,MD33-M-02
NAAR,Nível de Ameaça Aeroespacial Regional,,Nível de Ameaça Aeroespacial Regional,,,MD33-M-02
FL,Nível de Vôo (Flight Level),,Nível de Vôo (Flight Level),,,MD33-M-02
Ni M,Nível do Mar,,Nível do Mar,,,MD33-M-02
N Itr,Nível Intermediário,,Nível Intermediário,,,MD33-M-02
N Max,Nível Máximo,,Nível Máximo,,,MD33-M-02
MSL,Nível Médio do Mar (Mean Sea Level),,Nível Médio do Mar (Mean Sea Level),,,MD33-M-02
Niv,Niveladora,Nivelar;Nivelamento,"Niveladora, Nivelar, Nivelamento",,,MD33-M-02
Kt,Nó (Knot) – Milha Náutica por Hora,,Nó (Knot) – Milha Náutica por Hora,,,MD33-M-02
NA,No Alvo,,No Alvo,,,MD33-M-02
Nd,Nodal,,Nodal,,,MD33-M-02
Nomc,Nomenclatura,,Nomenclatura,,,MD33-M-02
N,Norma,,Norma,,sim,MD33-M-02
N Ev,Norma de Evacuação,,Norma de Evacuação,,,MD33-M-02
NGA,Norma Geral de Ação,,Norma Geral de Ação,,,MD33-M-02
NOSDA,Norma Operacional do Sistema de Defesa Aeroespacial,,Norma Operacional do Sistema de Defesa Aeroespacial,,,MD33-M-02
NPA,Norma Padrão de Ação,,Norma Padrão de Ação,,,MD33-M-02
N Perm,Norma Permanente,,Norma Permanente,,,MD33-M-02
Nor,Normal,Normalmente;Normalizar;Norma;Normatizar,"Normal, Normalmente, Normalizar, Norma (N), Normatizar",N,,MD33-M-02
NC,Normas de Conduta,,Normas de Conduta,,,MD33-M-02
N Mil,Normas Militares,,Normas Militares,,,MD33-M-02
NI,Nota de Instrução,,Nota de Instrução,,,MD33-M-02
NS,Nota de Serviço,,Nota de Serviço,,,MD33-M-02
NEO,Nota Eletrônica Oficial,,Nota Eletrônica Oficial,,,MD33-M-02
NOTAM,Nota para Aeronautas (Notice to Air Man),,Nota para Aeronautas (Notice to Air Man),,,MD33-M-02
Notif,Notificar,Notificação,"Notificar, Notificação",,,MD33-M-02
Not,Noturno,,Noturno,,,MD33-M-02
Nub,Nublado,Nublar,"Nublado, Nublar",,,MD33-M-02
Nuc,Nuclear,,Nuclear,,,MD33-M-02
Nu,Núcleo,,Núcleo (N),N,,MD33-M-02
Nu Def,Núcleo de Defesa,,Núcleo de Defesa,,,MD33-M-02
NB,Núcleo-Base,,Núcleo-Base,,,MD33-M-02
Num,Numerário,Numérico;Numerar,"Numerário, Numérico, Numerar",,,MD33-M-02
Nr,Número,,Número (N),N,,MD33-M-02
PN,Número da Peça (Part Number),,Número da Peça (Part Number),,,MD33-M-02
NEB,Número de Estoque Brasileiro,,Número de Estoque Brasileiro,,,MD33-M-02
NIP,Número de Identificação de Pessoal,,Número de Identificação de Pessoal,,,MD33-M-02
NIIN,Número de Identificação do Item Nacional,,Número de Identificação do Item Nacional,,,MD33-M-02
NS,Número de Série,,Número de Série,,,MD33-M-02
Nuv,Nuvem,,Nuvem,,,MD33-M-02
Obdc,Obedecer,Obediência,"Obedecer, Obediência",,,MD33-M-02
Obj Ul,Objetivo de Última Instância,,Objetivo de Última Instância,,,MD33-M-02
OI,Objetivo intermediário,,Objetivo intermediário,,,MD33-M-02
OBO,Objetivos Básicos Operacionais,,Objetivos Básicos Operacionais,,,MD33-M-02
OVNI,Objetos Voadores Não Identificados,,Objetos Voadores Não Identificados,,,MD33-M-02
Ob,Obras,,Obras,,,MD33-M-02
Obg,Obrigar,Obrigação;Obrigado,"Obrigar, Obrigação, Obrigado",,,MD33-M-02
Obs Ae,Observação Aérea,,Observação Aérea,,,MD33-M-02
O Ae,Observador Aéreo,,Observador Aéreo,,,MD33-M-02
OA,Observador Avançado,,Observador Avançado,,,MD33-M-02
Obs,Observar,Observação;Observador;Observatório;Observável,"Observar, Observação, Observador, Observatório (O), Observável",O,,MD33-M-02
Obsl,Obsoleto,Obsolescência,"Obsoleto, Obsolescência",,,MD33-M-02
Obt,Obstáculo,,Obstáculo,,,MD33-M-02
Obst,Obstruir,Obstrução,"Obstruir, Obstrução",,,MD33-M-02
Ocr,Obtenção Obtç Obus O (Somente em conjunto) Ocorrer,Ocorrência,"Obtenção Obtç Obus O (Somente em conjunto) Ocorrer, Ocorrência",,,MD33-M-02
Oct,Octanas,Octanagem,"Octanas, Octanagem",,,MD33-M-02
NVG,Óculos de Visão Noturna (Night Vison Goggles),,Óculos de Visão Noturna (Night Vison Goggles),,,MD33-M-02
Ocp,Ocupar,Ocupação;Ocupante,"Ocupar, Ocupação, Ocupante",,,MD33-M-02
Odonto,Odontologia,Odontológico,"Odontologia, Odontológico (O)",O,,MD33-M-02
Ofs,Ofensiva,,Ofensiva,,,MD33-M-02
OACC,Oficial Auxiliar de Controle Central,,Oficial Auxiliar de Controle Central,,,MD33-M-02
OCS,Oficial de Comunicação Social,,Oficial de Comunicação Social,,,MD33-M-02
O Com Elt,Oficial de Comunicações e Eletrônica,,Oficial de Comunicações e Eletrônica,,,MD33-M-02
OCC,Oficial de Controle Central,,Oficial de Controle Central,,,MD33-M-02
OCEB,Oficial de Controle de Evacuação de Baixas,,Oficial de Controle de Evacuação de Baixas,,,MD33-M-02
OCRA,Oficial de Controle de Raia de Aproximação,,Oficial de Controle de Raia de Aproximação,,,MD33-M-02
OCN,Oficial de Controle Naval,,Oficial de Controle Naval,,,MD33-M-02
OCP,Oficial de Controle Principal,,Oficial de Controle Principal,,,MD33-M-02
OCS,Oficial de Controle Secundário,,Oficial de Controle Secundário,,,MD33-M-02
OCAA,Oficial de Coordenação Antiaérea,,Oficial de Coordenação Antiaérea,,,MD33-M-02
OCAS,Oficial de Coordenação Anti-submarino,,Oficial de Coordenação Anti-submarino,,,MD33-M-02
OD,Oficial de Dia,,Oficial de Dia,,,MD33-M-02
OEAN,Oficial de Emprego de Armas Nucleares,,Oficial de Emprego de Armas Nucleares,,,MD33-M-02
OGE,Oficial de Guerra Eletrônica,,Oficial de Guerra Eletrônica,,,MD33-M-02
OIC Bia,Oficial de Inteligência de Contrabateria,,Oficial de Inteligência de Contrabateria,,,MD33-M-02
OISA,Oficial de Inteligência Sobre Alvos,,Oficial de Inteligência Sobre Alvos,,,MD33-M-02
OLP,Oficial de Lançamento e Pouso,,Oficial de Lançamento e Pouso,,,MD33-M-02
O Lig,Oficial de Ligação,,Oficial de Ligação,,,MD33-M-02
OLA,Oficial de Ligação Aérea,,Oficial de Ligação Aérea,,,MD33-M-02
OL Armt,Oficial de Ligação c/ Armamento,,Oficial de Ligação c/ Armamento,,,MD33-M-02
O Lig Art,Oficial de Ligação da Artilharia,,Oficial de Ligação da Artilharia,,,MD33-M-02
OLAA Ae,Oficial de Ligação de Artilharia Antiaérea,,Oficial de Ligação de Artilharia Antiaérea,,,MD33-M-02
O Lig Bld,Oficial de Ligação de Blindados,,Oficial de Ligação de Blindados,,,MD33-M-02
O Lig CC,Oficial de Ligação de Carros de Combate,,Oficial de Ligação de Carros de Combate,,,MD33-M-02
OLiFoNa,Oficial de Ligação de Fogo Naval,,Oficial de Ligação de Fogo Naval,,,MD33-M-02
OLN,Oficial de Ligação Naval,,Oficial de Ligação Naval,,,MD33-M-02
OLT,Oficial de Ligação Terrestre,,Oficial de Ligação Terrestre,,,MD33-M-02
O Log,Oficial de Logística,,Oficial de Logística,,,MD33-M-02
OMU,Oficial de Mobilidade da Unidade,,Oficial de Mobilidade da Unidade,,,MD33-M-02
OMB,Oficial de Mobilidade de Base,,Oficial de Mobilidade de Base,,,MD33-M-02
OMC,Oficial de Mobilidade do COMAR,,Oficial de Mobilidade do COMAR,,,MD33-M-02
ONA,Oficial de Nação Amiga,,Oficial de Nação Amiga,,,MD33-M-02
Of Op,Oficial de Operações,,Oficial de Operações,,,MD33-M-02
OPO,Oficial de Permanência Operacional,,Oficial de Permanência Operacional,,,MD33-M-02
O Pes,Oficial de Pessoal,,Oficial de Pessoal,,,MD33-M-02
OSV,Oficial de Segurança de Vôo,,Oficial de Segurança de Vôo,,,MD33-M-02
OSD,Oficial de Segurança e Defesa,,Oficial de Segurança e Defesa,,,MD33-M-02
ODE,Oficial Diretor de Exercício,,Oficial Diretor de Exercício,,,MD33-M-02
OCT,Oficial em Comando Tático,,Oficial em Comando Tático,,,MD33-M-02
OREB,Oficial Regulador de Evacuação de Baixas,,Oficial Regulador de Evacuação de Baixas,,,MD33-M-02
Of Sp,Oficial Superior,,Oficial Superior,,,MD33-M-02
Of,Oficial,Ofício;Oficializado;Oficialmente;Oficiar,"Oficial, Ofício, Oficializado, Oficialmente (O), Oficiar",O,,MD33-M-02
Ofn,Oficina,,Oficina,,,MD33-M-02
O,Ogiva,,Ogiva,,sim,MD33-M-02
Ol,Óleo,,Óleo,,,MD33-M-02
OC,Óleo Combustível,,Óleo Combustível,,,MD33-M-02
OD,Óleo Diesel,,Óleo Diesel,,,MD33-M-02
OL,Óleo Lubrificante,,Óleo Lubrificante,,,MD33-M-02
Ole,Oleoduto,,Oleoduto,,,MD33-M-02
Omi,Omitir,Omissão,"Omitir, Omissão",,,MD33-M-02
CW,Onda Contínua (Continuous Wave),,Onda Contínua (Continuous Wave),,,MD33-M-02
OR,Onda de Rádio,,Onda de Rádio,,,MD33-M-02
On,Ônibus,,Ônibus,,,MD33-M-02
Op Amv,Operação Aeromóvel,,Operação Aeromóvel,,,MD33-M-02
Op Aet,Operação Aeroterrestre,,Operação Aeroterrestre,,,MD33-M-02
Op Anf,Operação Anfíbia,,Operação Anfíbia,,,MD33-M-02
Op C Guer,Operação Contraguerrilha,,Operação Contraguerrilha,,,MD33-M-02
Op Ass Hum,Operação de Assistência Humanitária,,Operação de Assistência Humanitária,,,MD33-M-02
Op Def Prt,Operação de Defesa de Porto,,Operação de Defesa de Porto,,,MD33-M-02
Op GLO,Operação de Garantia da Lei e da Ordem,,Operação de Garantia da Lei e da Ordem,,,MD33-M-02
Op G,Operação de Guerra,,Operação de Guerra,,,MD33-M-02
Op Paz,Operação de Paz,,Operação de Paz,,,MD33-M-02
Op Def,Operação Defensiva,,Operação Defensiva,,,MD33-M-02
Op Esp,Operação Especial,,Operação Especial,,,MD33-M-02
Op Ofs,Operação Ofensiva,,Operação Ofensiva,,,MD33-M-02
Op Cnd Esp,Operação sob Condições Especiais,,Operação sob Condições Especiais,,,MD33-M-02
Op Ter,Operação Terrestre,,Operação Terrestre,,,MD33-M-02
Op,Operação,Operador;Operacional;Operacionalidade;Operar,"Operação, Operador, Operacional, Operacionalidade, Operar (O)",O,,MD33-M-02
Op Cmpl,Operações Complementares,,Operações Complementares,,,MD33-M-02
Op ENC,Operações de Evacuação de Não-Combatentes,,Operações de Evacuação de Não-Combatentes,,,MD33-M-02
OFP,Operações de Força de Paz,,Operações de Força de Paz,,,MD33-M-02
Op FE,Operações de Forças Especiais,,Operações de Forças Especiais,,,MD33-M-02
Op GIR,Operações de Guerra Irregular Rural,,Operações de Guerra Irregular Rural,,,MD33-M-02
Op GIU,Operações de Guerra Irregular Urbana,,Operações de Guerra Irregular Urbana,,,MD33-M-02
MIO,Operações de Interdição Marítima (Maritime Interdiction Operation),,Operações de Interdição Marítima (Maritime Interdiction Operation),,,MD33-M-02
Op Ng,Operações de Não-guerra,,Operações de Não-guerra,,,MD33-M-02
Op Psc,Operações Psicológicas,,Operações Psicológicas,,,MD33-M-02
Op Rib,Operações Ribeirinhas,,Operações Ribeirinhas,,,MD33-M-02
ODM,Operador de Disponibilidade de Meios,,Operador de Disponibilidade de Meios,,,MD33-M-02
OGE,Operador de Guerra Eletrônica,,Operador de Guerra Eletrônica,,,MD33-M-02
OR,Operador de Radar,,Operador de Radar,,,MD33-M-02
OS,Operador de Sonar,,Operador de Sonar,,,MD33-M-02
OS Av,Operador de Sonar de Aviação,,Operador de Sonar de Aviação,,,MD33-M-02
OV,Operador de Vigilância,,Operador de Vigilância,,,MD33-M-02
Opr,Operário,,Operário,,,MD33-M-02
Opi,Opinião,Opinar,"Opinião, Opinar",,,MD33-M-02
Oport,Oportunidade,,Oportunidade,,,MD33-M-02
Opt,Optrônico,,Optrônico,,,MD33-M-02
Orb,Órbita,Orbitar;Orbital,"Órbita, Orbitar, Orbital",,,MD33-M-02
Ord,Orçamento,Orçar Orç Ordem;Ordenar;Ordenamento,"Orçamento, Orçar Orç Ordem (O), Ordenar, Ordenamento",O,,MD33-M-02
O Adm,Ordem Administrativa,,Ordem Administrativa,,,MD33-M-02
O Alr,Ordem de Alerta,,Ordem de Alerta,,,MD33-M-02
O Bat,Ordem de Batalha,,Ordem de Batalha,,,MD33-M-02
OBA,Ordem de Batalha Aérea,,Ordem de Batalha Aérea,,,MD33-M-02
OBE,Ordem de Batalha Eletrônica,,Ordem de Batalha Eletrônica,,,MD33-M-02
OBEI,Ordem de Batalha Eletrônica do Inimigo,,Ordem de Batalha Eletrônica do Inimigo,,,MD33-M-02
ACO,Ordem de Coordenação do Espaço Aéreo (Airspace Coordination Order),,Ordem de Coordenação do Espaço Aéreo (Airspace Coordination Order),,,MD33-M-02
OI,Ordem de Instrução,,Ordem de Instrução,,,MD33-M-02
O Mrch,Ordem de Marcha,,Ordem de Marcha,,,MD33-M-02
O Mov,Ordem de Movimentação,,Ordem de Movimentação,,,MD33-M-02
OMS,Ordem de Movimento Simplificada,,Ordem de Movimento Simplificada,,,MD33-M-02
O Op,Ordem de Operações,,Ordem de Operações,,,MD33-M-02
OS,Ordem de Serviço,,Ordem de Serviço,,,MD33-M-02
OSA,Ordem de Situação Aérea,,Ordem de Situação Aérea,,,MD33-M-02
O Trnp,Ordem de Transporte,,Ordem de Transporte,,,MD33-M-02
O Vig,Ordem de Vigilância,,Ordem de Vigilância,,,MD33-M-02
OD,Ordem do Dia,,Ordem do Dia,,,MD33-M-02
O Frag,Ordem Fragmentária,,Ordem Fragmentária,,,MD33-M-02
OGO,Ordem Geral de Operações,,Ordem Geral de Operações,,,MD33-M-02
O Intr,Ordem Interna,,Ordem Interna,,,MD33-M-02
O Log,Ordem Logística,,Ordem Logística,,,MD33-M-02
O Par,Ordem Particular,,Ordem Particular,,,MD33-M-02
O Prep,Ordem Preparatória,,Ordem Preparatória,,,MD33-M-02
OT,Ordem Técnica,,Ordem Técnica,,,MD33-M-02
TCTO,Ordem Técnica com Hora Estipulada (Time Compliance Technical Order),,Ordem Técnica com Hora Estipulada (Time Compliance Technical Order),,,MD33-M-02
OTP,Ordem Técnica Padrão,,Ordem Técnica Padrão,,,MD33-M-02
Ordn,Ordenança,,Ordenança,,,MD33-M-02
OGSA,Ordenança Geral para o Serviço da Armada,,Ordenança Geral para o Serviço da Armada,,,MD33-M-02
OCC,Organismo de Certificação Credenciado,,Organismo de Certificação Credenciado,,,MD33-M-02
OSR,Organismo de Segurança Regional,,Organismo de Segurança Regional,,,MD33-M-02
ODA,Organização da Defesa Aeroespacial,,Organização da Defesa Aeroespacial,,,MD33-M-02
ONU,Organização das Nações Unidas,,Organização das Nações Unidas,,,MD33-M-02
OT,Organização do Terreno,,Organização do Terreno,,,MD33-M-02
OEA,Organização dos Estados Americanos,,Organização dos Estados Americanos,,,MD33-M-02
OM,Organização Militar,,Organização Militar,,,MD33-M-02
OM Ap,Organização Militar de Apoio,,Organização Militar de Apoio,,,MD33-M-02
OMC,Organização Militar de Contato,,Organização Militar de Contato,,,MD33-M-02
OMO,Organização Militar Operadora,,Organização Militar Operadora,,,MD33-M-02
OMPS,Organização Militar Prestadora de Serviços,,Organização Militar Prestadora de Serviços,,,MD33-M-02
OMM,Organização Mundial de Meteorologia,,Organização Mundial de Meteorologia,,,MD33-M-02
Org,Organizar,Organização;Orgânica;Órgão,"Organizar, Organização, Orgânica, Órgão (O)",O,,MD33-M-02
OAS,Órgão de Assessoramento Superior,,Órgão de Assessoramento Superior,,,MD33-M-02
OCOAM,Órgão de Controle de Operações Aéreas Militares,,Órgão de Controle de Operações Aéreas Militares,,,MD33-M-02
ODG,Órgão de Direção Geral,,Órgão de Direção Geral,,,MD33-M-02
ODS,Órgão de Direção Setorial,,Órgão de Direção Setorial,,,MD33-M-02
OFR,Órgão de Formação da Reserva,,Órgão de Formação da Reserva,,,MD33-M-02
OFRN,Órgão de Formação da Reserva Naval,,Órgão de Formação da Reserva Naval,,,MD33-M-02
OFMA,Órgão de Formação de Militar da Ativa,,Órgão de Formação de Militar da Ativa,,,MD33-M-02
OFMC,Órgão de Formação de Militar de Carreira,,Órgão de Formação de Militar de Carreira,,,MD33-M-02
OFOR,Órgão de Formação de Oficiais da Reserva,,Órgão de Formação de Oficiais da Reserva,,,MD33-M-02
OFSA,Órgão de Formação do Serviço Alternativo,,Órgão de Formação do Serviço Alternativo,,,MD33-M-02
OSM,Órgão do Serviço Militar,,Órgão do Serviço Militar,,,MD33-M-02
OGC,Órgão Governamental de Certificação,,Órgão Governamental de Certificação,,,MD33-M-02
Or,Orientar,Orientação;Orientador,"Orientar, Orientação, Orientador (O)",O,,MD33-M-02
Ost,Ostensivo,,Ostensivo,,,MD33-M-02
Ot,Ótico,,Ótico,,,MD33-M-02
Otmz,Otimizar,Otimização,"Otimizar, Otimização",,,MD33-M-02
O Cl,Outras Classes,,Outras Classes,,,MD33-M-02
Paci,Paciente,,Paciente,,,MD33-M-02
Pac,Pacífica,Pacificação;Pacificar;Pacificador,"Pacífica, Pacificação, Pacificar, Pacificador",,,MD33-M-02
Pct,Pacote,,Pacote,,,MD33-M-02
Pad,Padioleiro,Padilola,"Padioleiro, Padilola",,,MD33-M-02
PDE,Padrão de Desempenho de Especialidade,,Padrão de Desempenho de Especialidade,,,MD33-M-02
MIL-SPEC,Padrão Militar (Military Specification),,Padrão Militar (Military Specification),,,MD33-M-02
PME,Padrão Mínimo de Eficiência,,Padrão Mínimo de Eficiência,,,MD33-M-02
Pdr,Padrão,Padronizar;Padronização;Padronizável;Padronizador,"Padrão, Padronizar, Padronização (P), Padronizável, Padronizador",P,,MD33-M-02
Pg,Pagamento,Pagar;Pagador;Pagável,"Pagamento, Pagar, Pagador, Pagável",,,MD33-M-02
Pag,Página,Paginação,"Página, Paginação",,,MD33-M-02
Pa,Painel,,Painel,,,MD33-M-02
Prd,Parada,,Parada,,,MD33-M-02
Prf,Parágrafo,,Parágrafo,,,MD33-M-02
Prl,Paralelo,Paralelismo,"Paralelo, Paralelismo",,,MD33-M-02
Pamil,Paramilitar,,Paramilitar,,,MD33-M-02
Pqd,Pára-quedas,,Pára-quedas,,,MD33-M-02
Pqdt,Pára-quedista,,Pára-quedista,,,MD33-M-02
Prcl,Parcela,Parcelar;Parcelamento,"Parcela, Parcelar, Parcelamento",,,MD33-M-02
Pcer,Parecer,,Parecer,,,MD33-M-02
Pq,Parque,,Parque,,,MD33-M-02
SITREP,Parte de Situação (Situation Report),,Parte de Situação (Situation Report),,,MD33-M-02
Ptc,Participar,Participação;Participante;Participo,"Participar, Participação, Participante, Participo",,,MD33-M-02
Par,Particular,Particularmente,"Particular, Particularmente (P)",P,,MD33-M-02
Prtd,Partida,,Partida (P),P,,MD33-M-02
Psd,Passadeira,,Passadeira,,,MD33-M-02
Psg,Passageiro,Passagem,"Passageiro, Passagem",,,MD33-M-02
Pas,Passiva,,Passiva,,,MD33-M-02
P Obj,Pasta de Objetivo,,Pasta de Objetivo,,,MD33-M-02
P Man,Pátio de Manobra,,Pátio de Manobra,,,MD33-M-02
Patm,Patrimônio,Patrimonial,"Patrimônio, Patrimonial",,,MD33-M-02
PAAS,Patrulha Aérea Anti-submarino,,Patrulha Aérea Anti-submarino,,,MD33-M-02
PAC,Patrulha Aérea de Combate,,Patrulha Aérea de Combate,,,MD33-M-02
Pa ou Patr,Patrulha,Patrulhamento;Patrulhar,"Patrulha, Patrulhamento, Patrulhar (P)",P,,MD33-M-02
Pav,Pavilhão,,Pavilhão,,,MD33-M-02
Pvm,Pavimentar,Pavimentação;Pavimento,"Pavimentar, Pavimentação, Pavimento",,,MD33-M-02
PD,Peça Pç Peça Diretriz,,Peça (P) Pç Peça Diretriz,P,,MD33-M-02
Pdg,Pedagogia,Pedagogo,"Pedagogia, Pedagogo",,,MD33-M-02
PAM,Pedido de Aquisição de Material,,Pedido de Aquisição de Material,,,MD33-M-02
PCE,Pedido de Cooperação de Ensino,,Pedido de Cooperação de Ensino,,,MD33-M-02
PCI,Pedido de Cooperação de Instrução,,Pedido de Cooperação de Instrução,,,MD33-M-02
PES,Pedido de Execução de Serviço,,Pedido de Execução de Serviço,,,MD33-M-02
PI,Pedido de Inteligência,,Pedido de Inteligência,,,MD33-M-02
Ped,Pedido,Pedir,"Pedido, Pedir (P)",P,,MD33-M-02
Pel,Pelotão,,Pelotão (P),P,,MD33-M-02
Pel Ap Dbq,Pelotão de Apoio ao Desembarque,,Pelotão de Apoio ao Desembarque,,,MD33-M-02
PCG,Pelotão de Cães-de-Guerra,,Pelotão de Cães-de-Guerra,,,MD33-M-02
P Col PG,Pelotão de Coleta de Prisioneiros de Guerra,,Pelotão de Coleta de Prisioneiros de Guerra,,,MD33-M-02
Pel Cmdo Sv,Pelotão de Comando e Serviço,,Pelotão de Comando e Serviço,,,MD33-M-02
Pel Pion,Pelotão de Pioneiros,,Pelotão de Pioneiros,,,MD33-M-02
PPA,Pelotão de Polícia da Aeronáutica,,Pelotão de Polícia da Aeronáutica,,,MD33-M-02
Pel S,Pelotão de Saúde,,Pelotão de Saúde,,,MD33-M-02
Pel Sv G,Pelotão de Serviços Gerais,,Pelotão de Serviços Gerais,,,MD33-M-02
Pel Nav,Pelotão do Navio,,Pelotão do Navio,,,MD33-M-02
Pntr Ini,Penetração Inimiga,,Penetração Inimiga,,,MD33-M-02
PMA,Penetração Máxima Admitida,,Penetração Máxima Admitida,,,MD33-M-02
Pntr,Penetrar,Penetração,"Penetrar, Penetração",,,MD33-M-02
Pens,Pensionista,Pensionar,"Pensionista, Pensionar",,,MD33-M-02
Pntt,Pentatlo,,Pentatlo (P),P,,MD33-M-02
Pntt M,Pentatlo Militar,,Pentatlo Militar,,,MD33-M-02
Peq,Pequeno,,Pequeno (P),P,,MD33-M-02
Perc,Percurso,,Percurso,,,MD33-M-02
Prcss,Percussor,,Percussor,,,MD33-M-02
Perct,Percutir,Percutente,"Percutir, Percutente",,,MD33-M-02
Per,Perda,,Perda,,,MD33-M-02
PA Cmb,Perda Alheia ao Combate,,Perda Alheia ao Combate,,,MD33-M-02
Per B,Perda Bruta,,Perda Bruta,,,MD33-M-02
PEA,Perda em Ação,,Perda em Ação,,,MD33-M-02
PFA,Perda Fora de Ação,,Perda Fora de Ação,,,MD33-M-02
Per F Cmb,Perda Fora de Combate,,Perda Fora de Combate,,,MD33-M-02
Per T,Perda Total,,Perda Total,,,MD33-M-02
Pf,Perfil,,Perfil,,,MD33-M-02
Perf,Perfurante,Perfurar;Perfuratriz;Perfuração,"Perfurante, Perfurar, Perfuratriz, Perfuração",,,MD33-M-02
Prgo,Perigo,Perigoso,"Perigo, Perigoso (P)",P,,MD33-M-02
Perd,Periódico,Período,"Periódico, Período (P)",P,,MD33-M-02
Perm,Permanecer,Permanência;Permanente,"Permanecer, Permanência, Permanente",,,MD33-M-02
Prm,Permissão,Permissível;Permitir,"Permissão, Permissível, Permitir",,,MD33-M-02
Pern,Pernoite,Pernoitar,"Pernoite, Pernoitar",,,MD33-M-02
Prsg,Perseguição,Perseguir;Perseguidor,"Perseguição, Perseguir, Perseguidor",,,MD33-M-02
Pers,Persuasão,Persuadir;Persuasivo,"Persuasão, Persuadir, Persuasivo",,,MD33-M-02
Pert,Pertencer,Pertencente;Pertinente,"Pertencer, Pertencente, Pertinente",,,MD33-M-02
Pdo,Pesado,,Pesado (P),P,,MD33-M-02
P Op,Peso Operacional,,Peso Operacional,,,MD33-M-02
Pesq,Pesquisar,Pesquisa;Pesquisador,"Pesquisar, Pesquisa, Pesquisador",,,MD33-M-02
VIP,Pessoa Muito Importante (Very Important Person),,Pessoa Muito Importante (Very Important Person),,,MD33-M-02
Pes,Pessoal,Pessoa,"Pessoal, Pessoa (P)",P,,MD33-M-02
Pet,Petardo,,Petardo,,,MD33-M-02
Ptr,Petrecho,,Petrecho,,,MD33-M-02
Petr,Petróleo,,Petróleo,,,MD33-M-02
Pic,Picar,,Picar,,,MD33-M-02
Pil,Pilotar,Pilotagem;Piloto,"Pilotar, Pilotagem, Piloto (P)",P,,MD33-M-02
1P,Piloto (em comando) ou Primeiro Piloto,,Piloto (em comando) ou Primeiro Piloto,,,MD33-M-02
Pion,Pioneiros,,Pioneiros,,,MD33-M-02
Piqt,Piquete,,Piquete,,,MD33-M-02
Piro,Pirotécnico,,Pirotécnico,,,MD33-M-02
Pi,Pista,,Pista (P),P,,MD33-M-02
P Ater,Pista de Aterragem,,Pista de Aterragem,,,MD33-M-02
RWY,Pista de Pouso (Runway),,Pista de Pouso (Runway),,,MD33-M-02
TWY,Pista de Táxi (Taxiway),,Pista de Táxi (Taxiway),,,MD33-M-02
Pst,Pistola,,Pistola,,,MD33-M-02
Plan,Planador,,Planador,,,MD33-M-02
Plj G,Planejamento de Guerra,,Planejamento de Guerra,,,MD33-M-02
PDP,Planejamento Detalhado de Projeto,,Planejamento Detalhado de Projeto,,,MD33-M-02
PPP,Planejamento Preliminar de Projeto,,Planejamento Preliminar de Projeto,,,MD33-M-02
Plj,Planejar,Planejamento;Planejador,"Planejar, Planejamento (P), Planejador",P,,MD33-M-02
Pl,Plano,,Plano (P),P,,MD33-M-02
P Adm,Plano Administrativo,,Plano Administrativo,,,MD33-M-02
PB,Plano Básico,,Plano Básico,,,MD33-M-02
PBPD,Plano Básico de Pesquisa e Desenvolvimento,,Plano Básico de Pesquisa e Desenvolvimento,,,MD33-M-02
P Abst,Plano de Abastecimento,,Plano de Abastecimento,,,MD33-M-02
PA,Plano de Ação,,Plano de Ação,,,MD33-M-02
PAF,Plano de Apoio de Fogo,,Plano de Apoio de Fogo,,,MD33-M-02
PALI,Plano de Apoio Logístico Integrado,,Plano de Apoio Logístico Integrado,,,MD33-M-02
P Avl,Plano de Avaliação,,Plano de Avaliação,,,MD33-M-02
P Bar,Plano de Barreiras,,Plano de Barreiras,,,MD33-M-02
P Bsc,Plano de Busca,,Plano de Busca,,,MD33-M-02
P Cmp,Plano de Campanha,,Plano de Campanha,,,MD33-M-02
P Cg,Plano de Carregamento,,Plano de Carregamento,,,MD33-M-02
P Circ,Plano de Circulação,,Plano de Circulação,,,MD33-M-02
P Ct Emi,Plano de Controle de Emissões,,Plano de Controle de Emissões,,,MD33-M-02
ACP,Plano de Coordenação do Espaço Aéreo (Airspace Coordination Plan),,Plano de Coordenação do Espaço Aéreo (Airspace Coordination Plan),,,MD33-M-02
PDAIM,Plano de Desenvolvimento de Aeródromos de Interesse Militar,,Plano de Desenvolvimento de Aeródromos de Interesse Militar,,,MD33-M-02
PDB,Plano de Desenvolvimento de Base,,Plano de Desenvolvimento de Base,,,MD33-M-02
PDP,Plano de Destacamento de Praia,,Plano de Destacamento de Praia,,,MD33-M-02
P Dest,Plano de Destruição,,Plano de Destruição,,,MD33-M-02
PEAA,Plano de Emergência Aeronáutica em Aeródromo,,Plano de Emergência Aeronáutica em Aeródromo,,,MD33-M-02
PEE,Plano de Emergência de Embaixada,,Plano de Emergência de Embaixada,,,MD33-M-02
PF Ae,Plano de Fogo Aéreo,,Plano de Fogo Aéreo,,,MD33-M-02
PFA,Plano de Fogo de Artilharia,,Plano de Fogo de Artilharia,,,MD33-M-02
PF Nav,Plano de Fogo Naval,,Plano de Fogo Naval,,,MD33-M-02
PF Nuc,Plano de Fogo Nuclear,,Plano de Fogo Nuclear,,,MD33-M-02
Pint,Plano de Inteligência,,Plano de Inteligência,,,MD33-M-02
PMC,Plano de Missões Conjuntas,,Plano de Missões Conjuntas,,,MD33-M-02
PMP,Plano de Missões Próprias,,Plano de Missões Próprias,,,MD33-M-02
P Op,Plano de Operações,,Plano de Operações,,,MD33-M-02
PQ,Plano de Qualidade,,Plano de Qualidade,,,MD33-M-02
PRF,Plano de Reconhecimento Fotográfico,,Plano de Reconhecimento Fotográfico,,,MD33-M-02
P Rdz,Plano de Rodízio,,Plano de Rodízio,,,MD33-M-02
PSI,Plano de Segurança Integrada,,Plano de Segurança Integrada,,,MD33-M-02
PSLI,Plano de Suporte Logístico Integrado,,Plano de Suporte Logístico Integrado,,,MD33-M-02
MAOP,Plano Diário de Operações Aéreas (Master Air Operations Plan),,Plano Diário de Operações Aéreas (Master Air Operations Plan),,,MD33-M-02
PDV,Plano Diário de Vôo,,Plano Diário de Vôo,,,MD33-M-02
PD,Plano Diretor,,Plano Diretor,,,MD33-M-02
PDI,Plano Diretor de Informática,,Plano Diretor de Informática,,,MD33-M-02
PDTI,Plano Diretor de Tecnologia da Informação,,Plano Diretor de Tecnologia da Informação,,,MD33-M-02
PEA,Plano Estratégico Aeroespacial,,Plano Estratégico Aeroespacial,,,MD33-M-02
PGC,Plano Geral de Convocação,,Plano Geral de Convocação,,,MD33-M-02
PGE,Plano Geral de Ensino,,Plano Geral de Ensino,,,MD33-M-02
PGI,Plano Geral de Instrução,,Plano Geral de Instrução,,,MD33-M-02
PMSA,Plano Mestre de Segurança de Aeroporto,,Plano Mestre de Segurança de Aeroporto,,,MD33-M-02
PMSEA,Plano Mestre de Segurança de Empresa Aérea,,Plano Mestre de Segurança de Empresa Aérea,,,MD33-M-02
PNAUCT,Plano Nacional de Alocação e Uso de Códigos Transponder,,Plano Nacional de Alocação e Uso de Códigos Transponder,,,MD33-M-02
PRC,Plano Regional de Convocação,,Plano Regional de Convocação,,,MD33-M-02
PRAMCS,Plano Regional para a Aplicação de Medidas de Controle no Solo,,Plano Regional para a Aplicação de Medidas de Controle no Solo,,,MD33-M-02
Pls,Plasma,Plasmar,"Plasma, Plasmar",,,MD33-M-02
Plf,Plataforma,,Plataforma,,,MD33-M-02
Plt,Plotar,Plotagem,"Plotar, Plotagem",,,MD33-M-02
Plual,Plurianual,,Plurianual (P),P,,MD33-M-02
Pn,Pneu,Pneumático,"Pneu, Pneumático",,,MD33-M-02
P,Poder,,Poder,,sim,MD33-M-02
P Cmb,Poder de Combate ou Poder Combatente,,Poder de Combate ou Poder Combatente,,,MD33-M-02
P Mil,Poder Militar,,Poder Militar,,,MD33-M-02
PN,Poder Nacional,,Poder Nacional,,,MD33-M-02
PRC,Poder Relativo de Combate,,Poder Relativo de Combate,,,MD33-M-02
Po,Polar,,Polar,,,MD33-M-02
PA,Polícia da Aeronáutica,,Polícia da Aeronáutica,,,MD33-M-02
PE,Polícia do Exército,,Polícia do Exército,,,MD33-M-02
PM,Polícia Militar,,Polícia Militar,,,MD33-M-02
Pol,Polícia,Policiamento;Policial,"Polícia, Policiamento (P), Policial",P,,MD33-M-02
Pclin,Policlínica,,Policlínica,,,MD33-M-02
PDN,Política de Defesa Nacional,,Política de Defesa Nacional,,,MD33-M-02
Pltc,Político,,Político,,,MD33-M-02
Plv,Pólvora,,Pólvora,,,MD33-M-02
Pont,Pontaria,,Pontaria,,,MD33-M-02
Pnt P Bre,Ponte de Pequenas Brechas,,Ponte de Pequenas Brechas,,,MD33-M-02
P Pnt,Ponte de Pontões,,Ponte de Pontões,,,MD33-M-02
PLVB,Ponte Lançada por Veículo Blindado,,Ponte Lançada por Veículo Blindado,,,MD33-M-02
Pnt,Ponte,Pontoneiro;Pontão;Pontagem,"Ponte, Pontoneiro, Pontão, Pontagem (P)",P,,MD33-M-02
Pntl,Pontilhão,,Pontilhão,,,MD33-M-02
Pt,Ponto,,Ponto (P),P,,MD33-M-02
P Comp,Ponto de Completamento,,Ponto de Completamento,,,MD33-M-02
PCt,Ponto de Controle,,Ponto de Controle,,,MD33-M-02
PCP,Ponto de Controle de Penetração,,Ponto de Controle de Penetração,,,MD33-M-02
PCT,Ponto de Controle de Tráfego,,Ponto de Controle de Tráfego,,,MD33-M-02
PCF,Ponto de Controle Final,,Ponto de Controle Final,,,MD33-M-02
P Coor,Ponto de Coordenação,,Ponto de Coordenação,,,MD33-M-02
P Dctmc Tot,Ponto de Descontaminação Total,,Ponto de Descontaminação Total,,,MD33-M-02
P Dbq,Ponto de Desembarque,,Ponto de Desembarque,,,MD33-M-02
P Dbq Rib,Ponto de Desembarque Ribeirinho,,Ponto de Desembarque Ribeirinho,,,MD33-M-02
Pdengj,Ponto de Desengajamento,,Ponto de Desengajamento,,,MD33-M-02
P Dprs,Ponto de Dispersão,,Ponto de Dispersão,,,MD33-M-02
PD Ca,Ponto de Dispersão da Caça,,Ponto de Dispersão da Caça,,,MD33-M-02
P Distr Sup,Ponto de Distribuição de Suprimento,,Ponto de Distribuição de Suprimento,,,MD33-M-02
P Ver,Ponto de Embarque,,Ponto de Embarque,,,MD33-M-02
PE Amb,Ponto de Embarque de Ambulância,,Ponto de Embarque de Ambulância,,,MD33-M-02
RDV,Ponto de Encontro (Rendez-vous),,Ponto de Encontro (Rendez-vous),,,MD33-M-02
P Imp ou PI,Ponto de Impacto,,Ponto de Impacto,,,MD33-M-02
PII,Ponto de Impacto Instantâneo,,Ponto de Impacto Instantâneo,,,MD33-M-02
PIN,Ponto de Início da Navegação,,Ponto de Início da Navegação,,,MD33-M-02
PINBA,Ponto de Início da Navegação à Baixa Altura,,Ponto de Início da Navegação à Baixa Altura,,,MD33-M-02
P Lib,Ponto de Junção P Jç Ponto de Liberação,,Ponto de Junção P Jç Ponto de Liberação,,,MD33-M-02
P Lig,Ponto de Ligação,,Ponto de Ligação,,,MD33-M-02
PM Aprx,Ponto de Maior Aproximação,,Ponto de Maior Aproximação,,,MD33-M-02
PP,Ponto de Partida,,Ponto de Partida,,,MD33-M-02
P Psg,Ponto de Passagem,,Ponto de Passagem,,,MD33-M-02
P Pont,Ponto de Pontaria,,Ponto de Pontaria,,,MD33-M-02
P Ragpt,Ponto de Reagrupamento,,Ponto de Reagrupamento,,,MD33-M-02
P Regl,Ponto de Regulação,,Ponto de Regulação,,,MD33-M-02
PRE,Ponto de Renovação de Estoque,,Ponto de Renovação de Estoque,,,MD33-M-02
P Reu,Ponto de Reunião,,Ponto de Reunião,,,MD33-M-02
PR Vg,Ponto de Reunião de Vagas,,Ponto de Reunião de Vagas,,,MD33-M-02
PRO,Ponto de Reunião no Objetivo,,Ponto de Reunião no Objetivo,,,MD33-M-02
P Rvz,Ponto de Revezamento,,Ponto de Revezamento,,,MD33-M-02
PS,Ponto de Saída,,Ponto de Saída,,,MD33-M-02
P Spr,Ponto de Separação,,Ponto de Separação,,,MD33-M-02
P Sup,Ponto de Suprimento,,Ponto de Suprimento,,,MD33-M-02
PV ou P Vig,Ponto de Vigilância,,Ponto de Vigilância,,,MD33-M-02
P Vsda,Ponto de Visada,,Ponto de Visada,,,MD33-M-02
PF,Ponto Forte,,Ponto Forte,,,MD33-M-02
PI,Ponto Inicial,,Ponto Inicial,,,MD33-M-02
PIL,Ponto Intermediário Logístico,,Ponto Intermediário Logístico,,,MD33-M-02
P Lim,Ponto Limite,,Ponto Limite,,,MD33-M-02
P Me,Ponto Médio,,Ponto Médio,,,MD33-M-02
DMPI,Ponto Médio Desejado de Impacto (Desired Mean Point of Impact),,Ponto Médio Desejado de Impacto (Desired Mean Point of Impact),,,MD33-M-02
P Sen,Ponto Sensível,,Ponto Sensível,,,MD33-M-02
PSE,Ponto Sensível Essencial,,Ponto Sensível Essencial,,,MD33-M-02
PSS,Ponto Sensível Secundário,,Ponto Sensível Secundário,,,MD33-M-02
PSV,Ponto Sensível Vital,,Ponto Sensível Vital,,,MD33-M-02
P Vit,Ponto Vital,,Ponto Vital,,,MD33-M-02
PZ,Ponto Zero,,Ponto Zero,,,MD33-M-02
PZD,Ponto Zero Desejado,,Ponto Zero Desejado,,,MD33-M-02
Pop,População,Popular,"População, Popular",,,MD33-M-02
%,Por Cento,,Por Cento,,,MD33-M-02
Prtd,Portada,,Portada,,,MD33-M-02
Port,Portaria,,Portaria,,,MD33-M-02
Ptt,Portátil,,Portátil,,,MD33-M-02
Prt,Porto,Portuário,"Porto, Portuário (P)",P,,MD33-M-02
Pos,Posição,,Posição (P),P,,MD33-M-02
P Ass,Posição de Assalto,,Posição de Assalto,,,MD33-M-02
P Atq,Posição de Ataque,,Posição de Ataque,,,MD33-M-02
P Bia,Posição de Bateria,,Posição de Bateria,,,MD33-M-02
P Blq,Posição de Bloqueio,,Posição de Bloqueio,,,MD33-M-02
P Rst,Posição de Resistência,,Posição de Resistência,,,MD33-M-02
P Rtrd,Posição de Retardamento/Retardadora,,Posição de Retardamento/Retardadora,,,MD33-M-02
P Def,Posição Defensiva,,Posição Defensiva,,,MD33-M-02
PIM,Posição e Intenção de Movimento,,Posição e Intenção de Movimento,,,MD33-M-02
P Fort,Posição Fortificada,,Posição Fortificada,,,MD33-M-02
PIR,Posição Inicial de Retardamento,,Posição Inicial de Retardamento,,,MD33-M-02
P Org,Posição Organizada,,Posição Organizada,,,MD33-M-02
P Sum Org,Posição Sumariamente Organizada,,Posição Sumariamente Organizada,,,MD33-M-02
Posit,Positivo,,Positivo,,,MD33-M-02
Psb,Possibilitar,Possibilidade;Possível,"Possibilitar, Possibilidade, Possível",,,MD33-M-02
Post,Postal,,Postal (P),P,,MD33-M-02
Pstr,Posterior,Posteriormente,"Posterior, Posteriormente",,,MD33-M-02
P,Posto,,Posto,,sim,MD33-M-02
PAIR,Posto Auxiliar de Informações de Radar,,Posto Auxiliar de Informações de Radar,,,MD33-M-02
PAC,Posto Avançado P Avç Posto Avançado de Combate,,Posto Avançado P Avç Posto Avançado de Combate,,,MD33-M-02
PAG,Posto Avançado Geral,,Posto Avançado Geral,,,MD33-M-02
PCC Tran,Posto Central de Controle de Trânsito,,Posto Central de Controle de Trânsito,,,MD33-M-02
P Cir Mv,Posto Cirúrgico Móvel,,Posto Cirúrgico Móvel,,,MD33-M-02
PBCE,Posto de Bloqueio e Controle de Estradas,,Posto de Bloqueio e Controle de Estradas,,,MD33-M-02
PBC Flu,Posto de Bloqueio e Controle Fluvial,,Posto de Bloqueio e Controle Fluvial,,,MD33-M-02
P Col,Posto de Coleta,,Posto de Coleta,,,MD33-M-02
P Col Civ,Posto de Coleta de Civis,,Posto de Coleta de Civis,,,MD33-M-02
P Col Extv,Posto de Coleta de Extraviados,,Posto de Coleta de Extraviados,,,MD33-M-02
P Col Mor,Posto de Coleta de Mortos,,Posto de Coleta de Mortos,,,MD33-M-02
P Col PG,Posto de Coleta de Prisioneiros de Guerra,,Posto de Coleta de Prisioneiros de Guerra,,,MD33-M-02
P Col Slv,Posto de Coleta de Salvados,,Posto de Coleta de Salvados,,,MD33-M-02
P Col Ev,Posto de Coleta e Evacuação,,Posto de Coleta e Evacuação,,,MD33-M-02
PC,Posto de Comando,,Posto de Comando,,,MD33-M-02
PCO,Posto de Comando Operacional,,Posto de Comando Operacional,,,MD33-M-02
PCP,Posto de Comando Principal,,Posto de Comando Principal,,,MD33-M-02
PCR,Posto de Comando Recuado,,Posto de Comando Recuado,,,MD33-M-02
PCS,Posto de Comando Secundário,,Posto de Comando Secundário,,,MD33-M-02
PCT,Posto de Comando Tático,,Posto de Comando Tático,,,MD33-M-02
P Ct,Posto de Controle,,Posto de Controle,,,MD33-M-02
P Ct Eng,Posto de Controle de Engenharia,,Posto de Controle de Engenharia,,,MD33-M-02
PCM,Posto de Controle de Munição,,Posto de Controle de Munição,,,MD33-M-02
PC Tran,Posto de Controle de Trânsito,,Posto de Controle de Trânsito,,,MD33-M-02
PDCA,Posto de Detecção e Controle no Ar,,Posto de Detecção e Controle no Ar,,,MD33-M-02
P Distr,Posto de Distribuição,,Posto de Distribuição,,,MD33-M-02
PDU,Posto de Distribuição de Uniforme,,Posto de Distribuição de Uniforme,,,MD33-M-02
PEU,Posto de Encomenda de Uniforme,,Posto de Encomenda de Uniforme,,,MD33-M-02
PE,Posto de Escuta,,Posto de Escuta,,,MD33-M-02
P Ev,Posto de Evacuação,,Posto de Evacuação,,,MD33-M-02
P Extv,Posto de Extraviados,,Posto de Extraviados,,,MD33-M-02
PIRF,Posto de Integração Rádio-Fio,,Posto de Integração Rádio-Fio,,,MD33-M-02
PO,Posto de Observação,,Posto de Observação,,,MD33-M-02
P Rdr,Posto de Radar,,Posto de Radar,,,MD33-M-02
P Rad,Posto de Rádio,,Posto de Rádio,,,MD33-M-02
PRTB,Posto de Recebimento e Tratamento de Baixas,,Posto de Recebimento e Tratamento de Baixas,,,MD33-M-02
PR Mov,Posto de Regulação de Movimento,,Posto de Regulação de Movimento,,,MD33-M-02
P Remn,Posto de Remuniciamento,,Posto de Remuniciamento,,,MD33-M-02
PSE,Posto de Segurança Estático,,Posto de Segurança Estático,,,MD33-M-02
PSF,Posto de Segurança Fixo,,Posto de Segurança Fixo,,,MD33-M-02
PS,Posto de Socorro,Posto de Sonda,"Posto de Socorro, Posto de Sonda",,,MD33-M-02
P Sup Agu,Posto de Suprimento de Água,,Posto de Suprimento de Água,,,MD33-M-02
P Sup Cl (...),Posto de Suprimento de Classe (...),,Posto de Suprimento de Classe (...),,,MD33-M-02
P Sup Mv,Posto de Suprimento Móvel,,Posto de Suprimento Móvel,,,MD33-M-02
P Trg,Posto de Triagem,,Posto de Triagem,,,MD33-M-02
P Vig,Posto de Vigilância,,Posto de Vigilância,,,MD33-M-02
PD Aetat,Posto Diretor Aerotático,,Posto Diretor Aerotático,,,MD33-M-02
PD Aetat Ar,Posto Diretor Aerotático no Ar,,Posto Diretor Aerotático no Ar,,,MD33-M-02
PDR,Posto Diretor da Rede,,Posto Diretor da Rede,,,MD33-M-02
P Fx Seg,Posto Fixo de Segurança,,Posto Fixo de Segurança,,,MD33-M-02
P Tec Mat Bel,Posto Técnico de Material Bélico,,Posto Técnico de Material Bélico,,,MD33-M-02
Pot,Potência,Potencial,"Potência, Potencial",,,MD33-M-02
Pda,Pousada,,Pousada,,,MD33-M-02
Pso,Pouso,,Pouso,,,MD33-M-02
Pr,Praça,,Praça,,,MD33-M-02
Pra,Praia,,Praia (P),P,,MD33-M-02
P Dbq,Praia de Desembarque,,Praia de Desembarque,,,MD33-M-02
PTI,Prancheta de Tiros Inicial,,Prancheta de Tiros Inicial,,,MD33-M-02
PTO,Prancheta de Tiros Observados,,Prancheta de Tiros Observados,,,MD33-M-02
PTT,Prancheta de Tiros Topográfica,,Prancheta de Tiros Topográfica,,,MD33-M-02
Prat,Praticar,Prática;Praticável;Praticamente;Praticante;Prático,"Praticar, Prática, Praticável, Praticamente, Praticante, Prático",,,MD33-M-02
Prz,Prazo,,Prazo,,,MD33-M-02
Prc,Precário,Precariedade,"Precário, Precariedade",,,MD33-M-02
Prcd,Preceder,Precedência;Precedente,"Preceder, Precedência, Precedente",,,MD33-M-02
Pcpt,Precipitação,Precipitar,"Precipitação, Precipitar",,,MD33-M-02
Prcs,Precisar,Precisão;Preciso,"Precisar, Precisão, Preciso",,,MD33-M-02
Prec,Precursor,,Precursor,,,MD33-M-02
Prech,Preencher,Preenchimento,"Preencher, Preenchimento",,,MD33-M-02
Pref,Prefeito,Prefeitura,"Prefeito, Prefeitura",,,MD33-M-02
Prfc,Preferência,Preferencial,"Preferência, Preferencial",,,MD33-M-02
Prfx,Prefixo,Prefixar,"Prefixo, Prefixar",,,MD33-M-02
Prej,Prejuízo,,Prejuízo,,,MD33-M-02
Prel,Preliminar,,Preliminar,,,MD33-M-02
Prep,Preparatório,Preparação,"Preparatório, Preparação (P)",P,,MD33-M-02
Ppdt,Preponderante,,Preponderante,,,MD33-M-02
PTT,Prescrição Técnica a Tempo,,Prescrição Técnica a Tempo,,,MD33-M-02
PTI,Prescrição Técnica Interina,,Prescrição Técnica Interina,,,MD33-M-02
Prct,Prescrita,,Prescrita,,,MD33-M-02
Pres,Presença,Presente;Presencial,"Presença, Presente, Presencial",,,MD33-M-02
PR,Presidência da República,,Presidência da República,,,MD33-M-02
Presd,Presidente,Presidência;Presidir,"Presidente, Presidência, Presidir",,,MD33-M-02
Prss,Pressão,Pressionar,"Pressão, Pressionar",,,MD33-M-02
PTTC,Prestação de Tarefa por Tempo Certo,,Prestação de Tarefa por Tempo Certo,,,MD33-M-02
Prst,Prestar,Prestação;Prestativo,"Prestar, Prestação, Prestativo",,,MD33-M-02
Pto,Preto,,Preto,,,MD33-M-02
Pvn,Prevenção Pvç Prevenir,Preventivo,"Prevenção Pvç Prevenir, Preventivo",,,MD33-M-02
Prv,Prévio,Previsão;Previsível;Previsibilidade,"Prévio, Previsão, Previsível, Previsibilidade",,,MD33-M-02
Pcp,Principal,Princípio;Principiar;Principiante;Principalmente,"Principal, Princípio (P), Principiar, Principiante, Principalmente",P,,MD33-M-02
Pcp G,Princípios de Guerra,,Princípios de Guerra,,,MD33-M-02
Prio F,Prioridade de Fogos,,Prioridade de Fogos,,,MD33-M-02
Prio,Priorizar,Prioridade;Prioritário,"Priorizar, Prioridade, Prioritário",,,MD33-M-02
Prs,Prisão,Prisioneiro,"Prisão, Prisioneiro (P)",P,,MD33-M-02
PG,Prisioneiro de Guerra,,Prisioneiro de Guerra,,,MD33-M-02
Prvt,Privativo,,Privativo,,,MD33-M-02
P,Proa,,Proa,,sim,MD33-M-02
P Mg,Proa magnética,,Proa magnética,,,MD33-M-02
Pbld,Probabilidade,,Probabilidade,,,MD33-M-02
PCI,Probabilidade de Chegar e Identificar,,Probabilidade de Chegar e Identificar,,,MD33-M-02
CEP,Probabilidade de Erro Circular (Circular Error Probability),,Probabilidade de Erro Circular (Circular Error Probability),,,MD33-M-02
Prbl,Problema,,Problema,,,MD33-M-02
Procd,Proceder,Procedência;Procedente;Procedimento,"Proceder, Procedência, Procedente, Procedimento",,,MD33-M-02
POP,Procedimento Operacional Padrão,,Procedimento Operacional Padrão,,,MD33-M-02
PHM,Procedimentos de Homologação Militar,,Procedimentos de Homologação Militar,,,MD33-M-02
PAD,Processamento Automático de Dados,,Processamento Automático de Dados,,,MD33-M-02
PD,Processamento de Dados,,Processamento de Dados,,,MD33-M-02
Proc,Processar,Processo;Processamento;Processador;Processável,"Processar, Processo, Processamento (P), Processador, Processável",P,,MD33-M-02
PPC,Processo de Planejamento de Comando,,Processo de Planejamento de Comando,,,MD33-M-02
PPM,Processo de Planejamento Militar,,Processo de Planejamento Militar,,,MD33-M-02
PE Sup,Processo Especial de Suprimento,,Processo Especial de Suprimento,,,MD33-M-02
PAEM,Produto Aeroespacial de Emprego Militar,,Produto Aeroespacial de Emprego Militar,,,MD33-M-02
Prod,Produzir,Produção;Produto;Produtor,"Produzir, Produção, Produto, Produtor",,,MD33-M-02
Profl,Profissional,Profissionalismo,"Profissional, Profissionalismo",,,MD33-M-02
Prof,Profundidade,,Profundidade (P),P,,MD33-M-02
PBECA,Programa Básico de Exercícios de Campanha da Aeronáutica,,Programa Básico de Exercícios de Campanha da Aeronáutica,,,MD33-M-02
PAA,Programa de Apoio à Amazônia,,Programa de Apoio à Amazônia,,,MD33-M-02
PACTI,Programa de Apoio à Capacitação Tecnológica da Indústria,,Programa de Apoio à Capacitação Tecnológica da Indústria,,,MD33-M-02
PACDT,Programa de Apoio à Competitividade e Difusão de Tecnologia,,Programa de Apoio à Competitividade e Difusão de Tecnologia,,,MD33-M-02
PADCT,Programa de Apoio ao Desenvolvimento Científico e Tecnológico,,Programa de Apoio ao Desenvolvimento Científico e Tecnológico,,,MD33-M-02
P Asst Mil,Programa de Assistência Militar,,Programa de Assistência Militar,,,MD33-M-02
PECO,Programa de Exercícios dos Comandos Operacionais,,Programa de Exercícios dos Comandos Operacionais,,,MD33-M-02
PIMO,Programa de Instrução e Manutenção Operacional,,Programa de Instrução e Manutenção Operacional,,,MD33-M-02
PIPE,Programa de Instrução e Padrão de Eficiência,,Programa de Instrução e Padrão de Eficiência,,,MD33-M-02
PMP,Programa de Missões Próprias,,Programa de Missões Próprias,,,MD33-M-02
PMP,Programa de Movimentação Prevista,,Programa de Movimentação Prevista,,,MD33-M-02
PMPE,Programa de Movimentação Prevista e Exercício,,Programa de Movimentação Prevista e Exercício,,,MD33-M-02
PPAA,Programa de Prevenção de Acidentes Aeronáuticos,,Programa de Prevenção de Acidentes Aeronáuticos,,,MD33-M-02
PPI,Programa de Provas Intensivas,,Programa de Provas Intensivas,,,MD33-M-02
PTA,Programa de Trabalho Anual,,Programa de Trabalho Anual,,,MD33-M-02
PTM,Programa de Treinamento Militar,,Programa de Treinamento Militar,,,MD33-M-02
PP,Programa Padrão,,Programa Padrão,,,MD33-M-02
Prg,Programar,Programa;Programação;Programador;Programável,"Programar, Programa, Programação (P), Programador, Programável",P,,MD33-M-02
PMC,Programas de Missões Conjuntas,,Programas de Missões Conjuntas,,,MD33-M-02
Prog,Progressão,Progredir;Progresso;Progressivo,"Progressão, Progredir, Progresso, Progressivo",,,MD33-M-02
Prb,Proibir,Proibição;Proibitivo,"Proibir, Proibição, Proibitivo",,,MD33-M-02
Pjt,Projeção Prjç Projetar,Projeto;Projetor,"Projeção Prjç Projetar, Projeto, Projetor",,,MD33-M-02
Pjtl,Projetil,,Projetil,,,MD33-M-02
Prom,Promoção,Promover;Promocional,"Promoção, Promover, Promocional",,,MD33-M-02
Pron,Prontidão,Pronto,"Prontidão (P), Pronto",P,,MD33-M-02
PO,Prontidão Operacional,,Prontidão Operacional,,,MD33-M-02
POR,Pronto para Operar com Restrições,,Pronto para Operar com Restrições,,,MD33-M-02
PMI,Prontuário Médico Individual,,Prontuário Médico Individual,,,MD33-M-02
Prop,Propaganda,Propagação;Propagar;Propalar,"Propaganda, Propagação, Propagar, Propalar",,,MD33-M-02
Prp,Propiciar,Proporcionar;Proporcional;Proporção,"Propiciar, Proporcionar, Proporcional, Proporção",,,MD33-M-02
Prpta,Propor,Proposta,"Propor, Proposta (P)",P,,MD33-M-02
TNL,Proposta de Lista de Objetivos (Target Nomination List),,Proposta de Lista de Objetivos (Target Nomination List),,,MD33-M-02
PMT,Proposta de Modificação Técnica,,Proposta de Modificação Técnica,,,MD33-M-02
PPTI,Proposta de Prescrição Técnica Interina,,Proposta de Prescrição Técnica Interina,,,MD33-M-02
PPTA,Proposta de Programa de Trabalho Anual,,Proposta de Programa de Trabalho Anual,,,MD33-M-02
PPMT,Proposta Preliminar de Modificação Técnica,,Proposta Preliminar de Modificação Técnica,,,MD33-M-02
Ppr,Propriedade,Proprietário;Próprio,"Propriedade, Proprietário, Próprio (P)",P,,MD33-M-02
PNR,Próprio Nacional Residencial,,Próprio Nacional Residencial,,,MD33-M-02
Pps,Propulsão,,Propulsão,,,MD33-M-02
Prorg,Prorrogar,Prorrogação;Prorrogável,"Prorrogar, Prorrogação, Prorrogável",,,MD33-M-02
Pross,Prosseguir,Prosseguimento,"Prosseguir, Prosseguimento",,,MD33-M-02
Ptg,Proteção Ptç Proteger,,Proteção Ptç Proteger,,,MD33-M-02
Pttr,Protetor,,Protetor,,,MD33-M-02
Prot,Protocolo,Protocolar;Protocolizar;Protocolista,"Protocolo, Protocolar, Protocolizar, Protocolista",,,MD33-M-02
P,Protótipo,,Protótipo,,sim,MD33-M-02
Pv,Prova,,Prova,,,MD33-M-02
Provl,Provável,Provavelmente,"Provável, Provavelmente (P)",P,,MD33-M-02
Prvs,Proventos,,Proventos,,,MD33-M-02
Prov,Providência,Providenciar;Providencial,"Providência, Providenciar, Providencial",,,MD33-M-02
Prv G,Provisão de Guerra,,Provisão de Guerra,,,MD33-M-02
Prv,Provisão,Provisionar,"Provisão, Provisionar",,,MD33-M-02
Provs,Provisório,,Provisório,,,MD33-M-02
PP,Próximo Passado,,Próximo Passado,,,MD33-M-02
PV,Próximo Vindouro,,Próximo Vindouro,,,MD33-M-02
Prx,Próximo,Proximidade,"Próximo, Proximidade",,,MD33-M-02
Psc,Psicologia,Psicológica,"Psicologia, Psicológica",,,MD33-M-02
AIP,Publicação de Informações Aeronáuticas (Aeronautic Information Publication),,Publicação de Informações Aeronáuticas (Aeronautic Information Publication),,,MD33-M-02
Pub,Publicar,Publicação;Público,"Publicar, Publicação, Público",,,MD33-M-02
Pub A,Público-Alvo,,Público-Alvo,,,MD33-M-02
Qd,Quadrícula,Quadriculado;Quadricular,"Quadrícula (Q), Quadriculado, Quadricular",Q,,MD33-M-02
QDP,Quadriculado para Designação de Pontos,,Quadriculado para Designação de Pontos,,,MD33-M-02
4M,Quadrimotor,,Quadrimotor,,,MD33-M-02
Q,Quadro,,Quadro,,sim,MD33-M-02
QAA,Quadro Auxiliar da Armada,,Quadro Auxiliar da Armada,,,MD33-M-02
QAFN,Quadro Auxiliar de Fuzileiros Navais,,Quadro Auxiliar de Fuzileiros Navais,,,MD33-M-02
QAO,Quadro Auxiliar de Oficiais,,Quadro Auxiliar de Oficiais,,,MD33-M-02
QC,Quadro Complementar,,Quadro Complementar,,,MD33-M-02
QCO,Quadro Complementar de Oficiais,,Quadro Complementar de Oficiais,,,MD33-M-02
QC-CA,Quadro Complementar de Oficiais do Corpo da Armada,,Quadro Complementar de Oficiais do Corpo da Armada,,,MD33-M-02
QC-FN,Quadro Complementar de Oficiais Fuzileiros Navais,,Quadro Complementar de Oficiais Fuzileiros Navais,,,MD33-M-02
QC-IM,Quadro Complementar de Oficiais Intendentes da Marinha,,Quadro Complementar de Oficiais Intendentes da Marinha,,,MD33-M-02
QAA,Quadro de Acesso por Antiguidade,,Quadro de Acesso por Antiguidade,,,MD33-M-02
QAE,Quadro de Acesso por Escolha,,Quadro de Acesso por Escolha,,,MD33-M-02
QAM,Quadro de Acesso por Merecimento,,Quadro de Acesso por Merecimento,,,MD33-M-02
QAC,Quadro de Análise de Carga,,Quadro de Análise de Carga,,,MD33-M-02
QAS,Quadro de Apoio à Saúde,,Quadro de Apoio à Saúde,,,MD33-M-02
QCM,Quadro de Capelães da Marinha,,Quadro de Capelães da Marinha,,,MD33-M-02
QCD,Quadro de Cirurgiões-Dentistas,,Quadro de Cirurgiões-Dentistas,,,MD33-M-02
QDM,Quadro de Dotação de Material,,Quadro de Dotação de Material,,,MD33-M-02
QEC,Quadro de Embarque e Carregamento,,Quadro de Embarque e Carregamento,,,MD33-M-02
QEM,Quadro de Engenheiros Militares,,Quadro de Engenheiros Militares,,,MD33-M-02
QEMA,Quadro de Estado-Maior da Ativa,,Quadro de Estado-Maior da Ativa,,,MD33-M-02
QMB,Quadro de Material Bélico,,Quadro de Material Bélico,,,MD33-M-02
Q Med,Quadro de Médicos,,Quadro de Médicos,,,MD33-M-02
Q Mov,Quadro de Movimento,,Quadro de Movimento,,,MD33-M-02
QO-CA,Quadro de Oficiais do Corpo da Armada,,Quadro de Oficiais do Corpo da Armada,,,MD33-M-02
QOFN,Quadro de Oficiais Fuzileiros Navais,,Quadro de Oficiais Fuzileiros Navais,,,MD33-M-02
QOIM,Quadro de Oficiais Intendentes da Marinha,,Quadro de Oficiais Intendentes da Marinha,,,MD33-M-02
QOD,Quadro de Organização e Distribuição,,Quadro de Organização e Distribuição,,,MD33-M-02
QOE,Quadro de Organização e Equipamento,,Quadro de Organização e Equipamento,,,MD33-M-02
QP,Quadro de Pilotos,,Quadro de Pilotos,,,MD33-M-02
QRR,Quadro de Rede Rádio,,Quadro de Rede Rádio,,,MD33-M-02
QTQ,Quadro de Trabalho Quinzenal,,Quadro de Trabalho Quinzenal,,,MD33-M-02
QTS,Quadro de Trabalho Semanal,,Quadro de Trabalho Semanal,,,MD33-M-02
QT,Quadro de Tripulantes,,Quadro de Tripulantes,,,MD33-M-02
QGET,Quadro Geral de Embarque e Tonelagem,,Quadro Geral de Embarque e Tonelagem,,,MD33-M-02
QGPTU,Quadro Geral de Pessoal e Tonelagem de Unidade,,Quadro Geral de Pessoal e Tonelagem de Unidade,,,MD33-M-02
QGV,Quadro Geral de Viaturas,,Quadro Geral de Viaturas,,,MD33-M-02
QP,Quadro Pronto,,Quadro Pronto,,,MD33-M-02
QSPV,Quadro Sumário e Prioridade de Viaturas,,Quadro Sumário e Prioridade de Viaturas,,,MD33-M-02
QSG,Quadro Suplementar Geral,,Quadro Suplementar Geral,,,MD33-M-02
QSP,Quadro Suplementar Privativo,,Quadro Suplementar Privativo,,,MD33-M-02
QT,Quadro Técnico,,Quadro Técnico,,,MD33-M-02
Qld,Qualidade,,Qualidade,,,MD33-M-02
QMS,Qualificação Militar de Sargento,,Qualificação Militar de Sargento,,,MD33-M-02
QMG,Qualificação Militar Geral,,Qualificação Militar Geral,,,MD33-M-02
QMP,Qualificação Militar Particular,,Qualificação Militar Particular,,,MD33-M-02
Qual,Qualificação,Qualificar;Qualificado,"Qualificação, Qualificar, Qualificado (Q)",Q,,MD33-M-02
Qq,Qualquer,,Qualquer,,,MD33-M-02
QP,Quando Pronto,,Quando Pronto,,,MD33-M-02
QPA,Quantidade por Artigo,,Quantidade por Artigo,,,MD33-M-02
Qnt,Quantidade,Quantificar,"Quantidade, Quantificar",,,MD33-M-02
Qntv,Quantitativo,,Quantitativo,,,MD33-M-02
Qrt,Quarteirão,,Quarteirão,,,MD33-M-02
Q,Quartel,,Quartel,,sim,MD33-M-02
QG,Quartel-General,,Quartel-General,,,MD33-M-02
Q Av,Querosene de Aviação,,Querosene de Aviação,,,MD33-M-02
kg,Quilograma,,Quilograma,,,MD33-M-02
km,Quilômetro,,Quilômetro,,,MD33-M-02
KT,Quiloton (Kiloton),,Quiloton (Kiloton),,,MD33-M-02
Qmc,Químico,,Químico (Q),Q,,MD33-M-02
QBN,"Químico, Biológico e Nuclear",,"Químico, Biológico e Nuclear",,,MD33-M-02
QBR,"Químico, Biológico e Radiológico",,"Químico, Biológico e Radiológico",,,MD33-M-02
Quit,Quitar,Quitação,"Quitar, Quitação",,,MD33-M-02
Qt,Quota,,Quota,,,MD33-M-02
S,Ração Rç Ração Suplementar Rç,,Ração Rç Ração Suplementar Rç,,,MD33-M-02
R1,Ração tipo 1,,Ração tipo 1,,,MD33-M-02
R2,Ração tipo 2,,Ração tipo 2,,,MD33-M-02
R3,Ração tipo 3,,Ração tipo 3,,,MD33-M-02
R4,Ração tipo 4,,Ração tipo 4,,,MD33-M-02
Rac,Racionar,Racionalizar;Racionamento;Racional,"Racionar, Racionalizar, Racionamento, Racional",,,MD33-M-02
Rdr,Radar,,Radar (R),R,,MD33-M-02
SAR,Radar de Abertura Sintética (Synthetic Aperture Radar),,Radar de Abertura Sintética (Synthetic Aperture Radar),,,MD33-M-02
RAA,Radar de Alarme Aproximado,,Radar de Alarme Aproximado,,,MD33-M-02
RAL,Radar de Alarme Longínquo,,Radar de Alarme Longínquo,,,MD33-M-02
PAR,Radar de Aproximação de Precisão (Precision Aproach Radar),,Radar de Aproximação de Precisão (Precision Aproach Radar),,,MD33-M-02
RB,Radar de Busca,,Radar de Busca,,,MD33-M-02
RB Ae,Radar de Busca Aérea,,Radar de Busca Aérea,,,MD33-M-02
RB Spf,Radar de Busca de Superfície,,Radar de Busca de Superfície,,,MD33-M-02
Rdr C Bia,Radar de Contrabateria,,Radar de Contrabateria,,,MD33-M-02
RCI,Radar de Controle de Interceptação,,Radar de Controle de Interceptação,,,MD33-M-02
RCP,Radar de Controle de Projetores,,Radar de Controle de Projetores,,,MD33-M-02
RC Ter,Radar de Controle de Terra,,Radar de Controle de Terra,,,MD33-M-02
RC Tir,Radar de Controle de Tiro,,Radar de Controle de Tiro,,,MD33-M-02
RD Tir,Radar de Direção de Tiro,,Radar de Direção de Tiro,,,MD33-M-02
R Nav,Radar de Navegação,,Radar de Navegação,,,MD33-M-02
RRA,Radar de Rastreamento de Alvo,,Radar de Rastreamento de Alvo,,,MD33-M-02
RRM,Radar de Rastreamento de Míssil,,Radar de Rastreamento de Míssil,,,MD33-M-02
GCA,Radar de Solo de Controle de Aproximação (Ground Control Aproach),,Radar de Solo de Controle de Aproximação (Ground Control Aproach),,,MD33-M-02
R Vig,Radar de Vigilância,,Radar de Vigilância,,,MD33-M-02
ASR,Radar de Vigilância de Aeroporto (Airport Surveillance Radar),,Radar de Vigilância de Aeroporto (Airport Surveillance Radar),,,MD33-M-02
RVT,Radar de Vigilância Terrestre,,Radar de Vigilância Terrestre,,,MD33-M-02
R Far,Radar Farol,,Radar Farol,,,MD33-M-02
I,Radiação Rdç Radiação Inicial Rdç,,Radiação Rdç Radiação Inicial Rdç,,,MD33-M-02
RN,Radiação Nuclear,,Radiação Nuclear,,,MD33-M-02
Rdl,Radial,,Radial,,,MD33-M-02
Rad,Rádio,Radiograma,"Rádio (R), Radiograma (R)",R,,MD33-M-02
R Sil,Rádio em Silêncio,,Rádio em Silêncio,,,MD33-M-02
R Sil Abs,Radio em Silêncio Absoluto,,Radio em Silêncio Absoluto,,,MD33-M-02
RF,Rádio Farol,Radiofreqüência,"Rádio Farol, Radiofreqüência",,,MD33-M-02
R Liv,Rádio Livre,,Rádio Livre,,,MD33-M-02
R Rto,Rádio Restrito,,Rádio Restrito,,,MD33-M-02
Radtv,Radioativo,Radioatividade,"Radioativo, Radioatividade",,,MD33-M-02
NDB,Radiofarol não Direcional (Non Direction Beacon),,Radiofarol não Direcional (Non Direction Beacon),,,MD33-M-02
VOR,Radiofarol Onidirecional em VHF (VHF Omnidirectional Range),,Radiofarol Onidirecional em VHF (VHF Omnidirectional Range),,,MD33-M-02
ADF,Radiogoniômetro Automático (Automatic Direct Finder),,Radiogoniômetro Automático (Automatic Direct Finder),,,MD33-M-02
RAF,Radiogoniômetro de Alta Freqüência,,Radiogoniômetro de Alta Freqüência,,,MD33-M-02
Radg,Radiogoniômetro,Radiogoniometria,"Radiogoniômetro, Radiogoniometria",,,MD33-M-02
Rdf,Radiógrafo,,Radiógrafo,,,MD33-M-02
Rdlg,Radiológico,,Radiológico,,,MD33-M-02
Rdop,Radioperador,,Radioperador,,,MD33-M-02
Rdtlf,Radiotelefonia,,Radiotelefonia,,,MD33-M-02
RA,Raio de Ação,,Raio de Ação,,,MD33-M-02
RE,Raio de Esclarecimento,,Raio de Esclarecimento,,,MD33-M-02
RME,Raio Máximo de Esclarecimento,,Raio Máximo de Esclarecimento,,,MD33-M-02
RMEL,Raio Máximo de Esclarecimento em Leque,,Raio Máximo de Esclarecimento em Leque,,,MD33-M-02
RMERS,Raio Máximo de Esclarecimento Radial Simples,,Raio Máximo de Esclarecimento Radial Simples,,,MD33-M-02
Ran,Rancho,,Rancho,,,MD33-M-02
Rs,Rasante,,Rasante,,,MD33-M-02
Ratif,Ratificar,Ratificável,"Ratificar, Ratificável",,,MD33-M-02
R,Razão,,Razão,,sim,MD33-M-02
R Ctt,Razão de Contato,,Razão de Contato,,,MD33-M-02
TR,Razão de Curva (Turn Rate),,Razão de Curva (Turn Rate),,,MD33-M-02
RD,Razão de Descida,,Razão de Descida,,,MD33-M-02
RQ,Razão de Queda,,Razão de Queda,,,MD33-M-02
RRNPM,Razão de Remoção Não Programada do Motor,,Razão de Remoção Não Programada do Motor,,,MD33-M-02
RS,Razão de Subida,,Razão de Subida,,,MD33-M-02
Rabst,Reabastecer,Reabastecimento;Reabastecedor,"Reabastecer, Reabastecimento, Reabastecedor",,,MD33-M-02
Radp,Readaptar,Readaptação,"Readaptar, Readaptação",,,MD33-M-02
Rea,Reagir,Reação,"Reagir, Reação",,,MD33-M-02
Ragpt,Reagrupar,Reagrupamento,"Reagrupar, Reagrupamento",,,MD33-M-02
Ralmt,Realimentação,Realimentar;Realimentador,"Realimentação, Realimentar, Realimentador",,,MD33-M-02
Rlz,Realizar,Realização;Realizador,"Realizar, Realização, Realizador",,,MD33-M-02
Rapvt,Reaproveitar,Reaproveitamento,"Reaproveitar, Reaproveitamento",,,MD33-M-02
Raprv,Reaprovisionar,Reaprovisionamento,"Reaprovisionar, Reaprovisionamento",,,MD33-M-02
Ratv,Reativar,Reativação;Reativador,"Reativar, Reativação, Reativador",,,MD33-M-02
Ravl,Reavaliar,Reavaliação;Reavaliador,"Reavaliar, Reavaliação, Reavaliador",,,MD33-M-02
Rbl,Rebelar,Rebelde;Rebelião,"Rebelar, Rebelde, Rebelião",,,MD33-M-02
RAM,Rebocador de Alto Mar,,Rebocador de Alto Mar,,,MD33-M-02
Rb,Rebocador,Rebocar;Reboque,"Rebocador, Rebocar, Reboque",,,MD33-M-02
Rbj,Rebojo,,Rebojo,,,MD33-M-02
Rcb,Receber,Recibo;Recebimento;Recebedor,"Receber, Recibo, Recebimento, Recebedor",,,MD33-M-02
Recp,Recepção,Receptor,"Recepção, Receptor",,,MD33-M-02
Rcptv,Receptividade,Receptivo,"Receptividade, Receptivo",,,MD33-M-02
Reclm,Reclamar,Reclamação;Reclamatória,"Reclamar, Reclamação, Reclamatória",,,MD33-M-02
Rclas,Reclassificar,Reclassificação,"Reclassificar, Reclassificação",,,MD33-M-02
Rclh,Recolher,Recolhimento;Recolhedor,"Recolher, Recolhimento, Recolhedor",,,MD33-M-02
Recom,Recomendar,Recomendação;Recomendador;Recomendável,"Recomendar, Recomendação, Recomendador, Recomendável",,,MD33-M-02
Rcomp,Recompletamento,Recompletar,"Recompletamento, Recompletar",,,MD33-M-02
Rec,Reconhecer,Reconhecimento,"Reconhecer, Reconhecimento",,,MD33-M-02
Rec Anf,Reconhecimento Anfíbio,,Reconhecimento Anfíbio,,,MD33-M-02
Rec A,Reconhecimento Armado,,Reconhecimento Armado,,,MD33-M-02
Rec F,Reconhecimento em Força,,Reconhecimento em Força,,,MD33-M-02
RT,Reconhecimento Tático,,Reconhecimento Tático,,,MD33-M-02
RV,Reconhecimento Visual,,Reconhecimento Visual,,,MD33-M-02
REOP,"Reconhecimento, Escolha e Ocupação de Posição",,"Reconhecimento, Escolha e Ocupação de Posição",,,MD33-M-02
Rcnst,Reconstrução,Reconstruir;Reconstrutor,"Reconstrução, Reconstruir, Reconstrutor",,,MD33-M-02
Rcr,Recreação,Recrear;Recreador;Recreativo,"Recreação, Recrear, Recreador, Recreativo",,,MD33-M-02
Rcr,Recrutar,Recrutamento;Recruta,"Recrutar, Recrutamento, Recruta",,,MD33-M-02
Rcd,Recuado,,Recuado,,,MD33-M-02
Rcp,Recuperar,Recuperação,"Recuperar, Recuperação",,,MD33-M-02
Rcs,Recurso,,Recurso,,,MD33-M-02
R,Rede,,Rede,,sim,MD33-M-02
R Adm,Rede Administrativa,,Rede Administrativa,,,MD33-M-02
RACAM,Rede Administrativa de Comutação Automática de Mensagens,,Rede Administrativa de Comutação Automática de Mensagens,,,MD33-M-02
R Alm,Rede de Alarme,,Rede de Alarme,,,MD33-M-02
R Cmdo,Rede de Comando,,Rede de Comando,,,MD33-M-02
RCD,Rede de Comunicação de Dados,,Rede de Comunicação de Dados,,,MD33-M-02
R Com,Rede de Comunicações,,Rede de Comunicações,,,MD33-M-02
RCMM,Rede de Contramedidas de Minagem,,Rede de Contramedidas de Minagem,,,MD33-M-02
RCA,Rede de Controle Aéreo,,Rede de Controle Aéreo,,,MD33-M-02
RCHC,Rede de Controle de Helicópteros na Cobertura,,Rede de Controle de Helicópteros na Cobertura,,,MD33-M-02
RIC,Rede de Informações de Combate,,Rede de Informações de Combate,,,MD33-M-02
RICS,Rede de Informações de Combate Secundária,,Rede de Informações de Combate Secundária,,,MD33-M-02
RIS,Rede de Informações Sonar,,Rede de Informações Sonar,,,MD33-M-02
R Op,Rede de Operações,,Rede de Operações,,,MD33-M-02
R Ped Ae,Rede de Pedidos Aéreos,,Rede de Pedidos Aéreos,,,MD33-M-02
R Cmt,Rede do Comandante,,Rede do Comandante,,,MD33-M-02
RNP,Rede Nacional de Pesquisa,,Rede Nacional de Pesquisa,,,MD33-M-02
RNT,Rede Nacional de Telecomunicações,,Rede Nacional de Telecomunicações,,,MD33-M-02
RNIA,Rede Naval Interamericana,,Rede Naval Interamericana,,,MD33-M-02
RR ou R Rad,Rede Rádio,,Rede Rádio,,,MD33-M-02
RTC,Rede Tática de Cobertura,,Rede Tática de Cobertura,,,MD33-M-02
RTS,Rede Tática Secundária,,Rede Tática Secundária,,,MD33-M-02
Rdt,Reduto,,Reduto,,,MD33-M-02
Red,Reduzir,Redução;Redutor,"Reduzir, Redução, Redutor",,,MD33-M-02
Reed,Reeditar,Reedição,"Reeditar, Reedição",,,MD33-M-02
Ree,Reembolsar,Reembolsável;Reembolso,"Reembolsar, Reembolsável, Reembolso",,,MD33-M-02
Rengj,Reengajar,Reengajamento,"Reengajar, Reengajamento",,,MD33-M-02
Retta,Reestruturar,Reestruturação,"Reestruturar, Reestruturação",,,MD33-M-02
Reft,Refeitório,,Refeitório,,,MD33-M-02
R Msg Dto,Referência à Mensagem Direta,,Referência à Mensagem Direta,,,MD33-M-02
R Mis,Referência à Missão,,Referência à Missão,,,MD33-M-02
R Ord,Referência à Ordem,,Referência à Ordem,,,MD33-M-02
R Bol,Referência ao Boletim,,Referência ao Boletim,,,MD33-M-02
R Memo,Referência ao Memorando,,Referência ao Memorando,,,MD33-M-02
R Of,Referência ao Ofício,,Referência ao Ofício,,,MD33-M-02
R Rd,Referência ao Radiograma,,Referência ao Radiograma,,,MD33-M-02
Ref P,Referência de Posição,,Referência de Posição,,,MD33-M-02
RPG,Referência de Posição do Grupo,,Referência de Posição do Grupo,,,MD33-M-02
RMDO,Referência Mensagem Direta Oficial,,Referência Mensagem Direta Oficial,,,MD33-M-02
Rfr,Referência,Referente;Referir,"Referência, Referente, Referir (R)",R,,MD33-M-02
Ref,Reforçar,Reforço,"Reforçar, Reforço",,,MD33-M-02
Ref F,Reforço de Fogos,,Reforço de Fogos,,,MD33-M-02
Refm,Reformar,Reforma;Reformável,"Reformar, Reforma, Reformável",,,MD33-M-02
Rfg,Refrigeração,Refrigerar;Refrigerador;Refrigerante;Refrigério,"Refrigeração, Refrigerar, Refrigerador, Refrigerante, Refrigério",,,MD33-M-02
Refu,Refúgio,Refugiar,"Refúgio, Refugiar",,,MD33-M-02
RCEA,Região de Controle do Espaço Aéreo,,Região de Controle do Espaço Aéreo,,,MD33-M-02
RDA,Região de Defesa Aeroespacial,,Região de Defesa Aeroespacial,,,MD33-M-02
R Dstn,Região de Destino,,Região de Destino,,,MD33-M-02
R Hmz,Região de Homizio,,Região de Homizio,,,MD33-M-02
FIR,Região de Informações de Vôo (Flight Information Region),,Região de Informações de Vôo (Flight Information Region),,,MD33-M-02
RIPI,Região de Interesse para a Inteligência,,Região de Interesse para a Inteligência,,,MD33-M-02
RPP,Região de Procura de Posição,,Região de Procura de Posição,,,MD33-M-02
RM,Região Militar,,Região Militar,,,MD33-M-02
SRR,Região ou Área de Busca e Salvamento (Search and Rescue Region),,Região ou Área de Busca e Salvamento (Search and Rescue Region),,,MD33-M-02
Rg,Região,Regional;Regionalizar,"Região, Regional (R), Regionalizar",R,,MD33-M-02
Rgm,Regime,,Regime,,,MD33-M-02
Rgt,Regimento,,Regimento (R),R,,MD33-M-02
RCC,Regimento de Carros de Combate,,Regimento de Carros de Combate,,,MD33-M-02
RC,Regimento de Cavalaria,,Regimento de Cavalaria,,,MD33-M-02
RCB,Regimento de Cavalaria Blindado,,Regimento de Cavalaria Blindado,,,MD33-M-02
RCG,Regimento de Cavalaria de Guarda,,Regimento de Cavalaria de Guarda,,,MD33-M-02
RC Mec,Regimento de Cavalaria Mecanizado,,Regimento de Cavalaria Mecanizado,,,MD33-M-02
REI,Regimento Escola de Infantaria,,Regimento Escola de Infantaria,,,MD33-M-02
Reg,Registrar,Registro;Registrador,"Registrar, Registro, Registrador (R)",R,,MD33-M-02
RAB,Registro Aeronáutico Brasileiro,,Registro Aeronáutico Brasileiro,,,MD33-M-02
R Alist,Registro de Alistamento,,Registro de Alistamento,,,MD33-M-02
RE,Regras de Engajamento,,Regras de Engajamento,,,MD33-M-02
ROE,Regras de Engajamento (Rules of Engagement),,Regras de Engajamento (Rules of Engagement),,,MD33-M-02
IFR,Regras de Vôo por Instrumento (Instrument Flight Rules),,Regras de Vôo por Instrumento (Instrument Flight Rules),,,MD33-M-02
VFR,Regras de Vôo Visual (Visual Flight Rules),,Regras de Vôo Visual (Visual Flight Rules),,,MD33-M-02
Regrs,Regressar,Regresso,"Regressar, Regresso",,,MD33-M-02
R,Régua,,Régua,,sim,MD33-M-02
R Crpt Mult,Régua Criptográfica Múltipla,,Régua Criptográfica Múltipla,,,MD33-M-02
R Crpt S,Régua Criptográfica Simples,,Régua Criptográfica Simples,,,MD33-M-02
RS,Régua de Sítio,,Régua de Sítio,,,MD33-M-02
RT,Régua de Tiro,,Régua de Tiro,,,MD33-M-02
RBHA,Regulamento Brasileiro de Homologação Aeronáutica,,Regulamento Brasileiro de Homologação Aeronáutica,,,MD33-M-02
RLPSA,Regulamento da Lei de Prestação do Serviço Alternativo,,Regulamento da Lei de Prestação do Serviço Alternativo,,,MD33-M-02
RLSM,Regulamento da Lei do Serviço Militar,,Regulamento da Lei do Serviço Militar,,,MD33-M-02
RPPM,Regulamento de Promoções de Praças da Marinha,,Regulamento de Promoções de Praças da Marinha,,,MD33-M-02
Regul,Regulamento,Regulamentar,"Regulamento, Regulamentar",,,MD33-M-02
Regl,Regular,Regulador;Regulação;Regulagem,"Regular, Regulador, Regulação, Regulagem (R)",R,,MD33-M-02
Rincl,Reincluir,Reinclusão,"Reincluir, Reinclusão",,,MD33-M-02
Reit,Reiteração,Reiterar,"Reiteração, Reiterar",,,MD33-M-02
REA,Relação de Estoque Autorizado,,Relação de Estoque Autorizado,,,MD33-M-02
REP,Relação de Estoque Prescrito,,Relação de Estoque Prescrito,,,MD33-M-02
Rel,Relacionar,Relação;Relatório;Relativo;Relatar;Relator,"Relacionar, Relação, Relatório, Relativo, Relatar, Relator",,,MD33-M-02
RP,Relações Públicas,,Relações Públicas,,,MD33-M-02
RH,Relações/Recursos Humanos,,Relações/Recursos Humanos,,,MD33-M-02
Rlpg,Relâmpago,,Relâmpago,,,MD33-M-02
CSARIR,Relatório de Incidente CSAR (CSAR Incident Report),,Relatório de Incidente CSAR (CSAR Incident Report),,,MD33-M-02
RIAM,Relatório de Inspeção Anual de Manutenção,,Relatório de Inspeção Anual de Manutenção,,,MD33-M-02
RIT,Relatório de Inspeção de Tipo,,Relatório de Inspeção de Tipo,,,MD33-M-02
Rel E Intlg,Relatório Especial de Inteligência,,Relatório Especial de Inteligência,,,MD33-M-02
RPI,Relatório Periódico de Inteligência,,Relatório Periódico de Inteligência,,,MD33-M-02
RPP,Relatório Periódico de Pessoal,,Relatório Periódico de Pessoal,,,MD33-M-02
Rel Perd M,Relatório Periódico Mensal,,Relatório Periódico Mensal,,,MD33-M-02
R Rlpg,Relatório Relâmpago,,Relatório Relâmpago,,,MD33-M-02
RSI,Relatório Suplementar de Inteligência,,Relatório Suplementar de Inteligência,,,MD33-M-02
Rlg,Religioso,Religião,"Religioso, Religião",,,MD33-M-02
Rloc,Relocação,Relocar,"Relocação, Relocar",,,MD33-M-02
Remnj,Remanejar,Remanejamento;Remanejável,"Remanejar, Remanejamento, Remanejável",,,MD33-M-02
Rmsc,Remanescente,,Remanescente,,,MD33-M-02
Rem,Remeter,Remessa;Remetente,"Remeter, Remessa, Remetente",,,MD33-M-02
Rmont,Remontar,Remonta,"Remontar, Remonta",,,MD33-M-02
Rmto,Remoto,,Remoto,,,MD33-M-02
Remo,Remover,Remoção;Removível;Removedor,"Remover, Remoção, Removível, Removedor",,,MD33-M-02
Remun,Remunerar,Remuneração,"Remunerar, Remuneração",,,MD33-M-02
Remn,Remuniciamento,Remuniciar;Remuniciador,"Remuniciamento, Remuniciar, Remuniciador",,,MD33-M-02
Rend,Rendimento,,Rendimento,,,MD33-M-02
Rend B,Rendimento Bruto,,Rendimento Bruto,,,MD33-M-02
Rend H,Rendimento Horário,,Rendimento Horário,,,MD33-M-02
RL,Rendimento Líquido,,Rendimento Líquido,,,MD33-M-02
R Ut,Rendimento Útil,,Rendimento Útil,,,MD33-M-02
Rengj,Rengajamento,Reengajar;Reorganizador,"Rengajamento, Reengajar, Reorganizador",,,MD33-M-02
Reo,Reorganizar,Reorganização,"Reorganizar, Reorganização",,,MD33-M-02
Rep,Reparação,Reparo;Reparador;Reparável,"Reparação, Reparo, Reparador, Reparável",,,MD33-M-02
Rps,Repasse,Repassar,"Repasse, Repassar",,,MD33-M-02
RTM,Repetidor de Transmissão Múltipla,,Repetidor de Transmissão Múltipla,,,MD33-M-02
R Alc,Repetir Alcance,,Repetir Alcance,,,MD33-M-02
R Dir,Repetir Direção,,Repetir Direção,,,MD33-M-02
Rpt,Repetir,Repetição;Repetidor;Repetente,"Repetir, Repetição, Repetidor (R), Repetente",R,,MD33-M-02
Repo,Reposição,Reposicionar;Repor,"Reposição, Reposicionar, Repor",,,MD33-M-02
Rpo,Repouso,Repousar;Repousante,"Repouso, Repousar, Repousante",,,MD33-M-02
RCE,Representante Credenciado em Engenharia,,Representante Credenciado em Engenharia,,,MD33-M-02
RCF,Representante Credenciado em Fabricação,,Representante Credenciado em Fabricação,,,MD33-M-02
Repr,Representar,Representação;Representante,"Representar, Representação, Representante",,,MD33-M-02
Rprs,Repressão,Repressiva;Repressor,"Repressão, Repressiva, Repressor",,,MD33-M-02
Rpr,Reprodução,Reprodutor;Reproduzir,"Reprodução, Reprodutor, Reproduzir",,,MD33-M-02
Req,Requerer,Requerimento;Requerente,"Requerer, Requerimento, Requerente",,,MD33-M-02
ACMR,Requisição de Acionamento de Meio de Coordenação do Espaço Aéreo (Airspace Control Means Request),,Requisição de Acionamento de Meio de Coordenação do Espaço Aéreo (Airspace Control Means Request),,,MD33-M-02
Reqs,Requisitar,Requisição;Reqisitante,"Requisitar, Requisição, Reqisitante",,,MD33-M-02
RBIA,Requisitos Brasileiros para a Indústria Aeronáutica,,Requisitos Brasileiros para a Indústria Aeronáutica,,,MD33-M-02
RBHPAEM,Requisitos Brasileiros para Homologação de Produtos Aeroespaciais de Emprego Militar,,Requisitos Brasileiros para Homologação de Produtos Aeroespaciais de Emprego Militar,,,MD33-M-02
RANS,Requisitos de Alto Nível dos Sistemas,,Requisitos de Alto Nível dos Sistemas,,,MD33-M-02
REM,Requisitos de Estado-Maior,,Requisitos de Estado-Maior,,,MD33-M-02
ROB,Requisitos Operacionais Básicos,,Requisitos Operacionais Básicos,,,MD33-M-02
ROP,Requisitos Operacionais Preliminares,,Requisitos Operacionais Preliminares,,,MD33-M-02
RTLIB,"Requisitos Técnicos, Logísticos e Industriais Básicos",,"Requisitos Técnicos, Logísticos e Industriais Básicos",,,MD33-M-02
RTLIP,"Requisitos Técnicos, Logísticos e Industriais Preliminares",,"Requisitos Técnicos, Logísticos e Industriais Preliminares",,,MD33-M-02
RM,Reserva da Marinha,,Reserva da Marinha,,,MD33-M-02
RSA,Reserva do Serviço Alternativo,,Reserva do Serviço Alternativo,,,MD33-M-02
RN,Reserva Naval ou Reservista Naval,,Reserva Naval ou Reservista Naval,,,MD33-M-02
Res,Reservar,Reserva;Reservista,"Reservar, Reserva, Reservista",,,MD33-M-02
Rev,Reservista em Situação Especial,,Reservista em Situação Especial,,,MD33-M-02
Rsg,Resgatar,Resgate,"Resgatar, Resgate",,,MD33-M-02
Rsd,Residir,Residência;Residente;Residencial,"Residir, Residência, Residente, Residencial",,,MD33-M-02
Resd,Residual,Resíduo,"Residual, Resíduo",,,MD33-M-02
Rst,Resistência,Resistor;Resistir,"Resistência, Resistor (R), Resistir",R,,MD33-M-02
Rsol,Resolver,Resolução,"Resolver, Resolução",,,MD33-M-02
Rsp,Responder,Resposta,"Responder, Resposta",,,MD33-M-02
Rspnl,Responsabilidade,Responsável;Responsabilizar,"Responsabilidade, Responsável (R), Responsabilizar",R,,MD33-M-02
Resup Ae,Ressuprimento Aéreo,,Ressuprimento Aéreo,,,MD33-M-02
Rsup,Ressuprir,Ressuprimento;Ressupridor,"Ressuprir, Ressuprimento, Ressupridor",,,MD33-M-02
Restb,Restabelecer,Restabelecimento;Restabelecido;Restabelecedor,"Restabelecer, Restabelecimento, Restabelecido, Restabelecedor",,,MD33-M-02
Rstt,Restituir,Restituição,"Restituir, Restituição",,,MD33-M-02
Rest,Restringir,Restritivo;Restrição,"Restringir, Restritivo, Restrição (R)",R,,MD33-M-02
Reslt,Resultar,Resultante,"Resultar, Resultante",,,MD33-M-02
Rtgd,Retaguarda,,Retaguarda,,,MD33-M-02
Rtrd,Retardadora,Retardar;Retardamento,"Retardadora, Retardar, Retardamento",,,MD33-M-02
Rtn,Retenção,Retentor,"Retenção, Retentor",,,MD33-M-02
Retif,Retificar,Retificação;Retificador,"Retificar, Retificação, Retificador",,,MD33-M-02
Rda,Retirada,,Retirada,,,MD33-M-02
Rtrn,Retornar,Retorno;Retornável,"Retornar, Retorno, Retornável",,,MD33-M-02
Ret,Retrair,Retraimento;Retração,"Retrair, Retraimento, Retração",,,MD33-M-02
RTR,Retransmitir,Retransmissão;Retransmito (a);Retransmissor,"Retransmitir, Retransmissão, Retransmito (a), Retransmissor",,,MD33-M-02
Rtrb,Retribuir,Retribuição;Retribuidor,"Retribuir, Retribuição, Retribuidor",,,MD33-M-02
Rtg,Retrógrado,,Retrógrado,,,MD33-M-02
RAAR,Reunião da Aviação de Asas Rotativas,,Reunião da Aviação de Asas Rotativas,,,MD33-M-02
RAC,Reunião da Aviação de Caça,,Reunião da Aviação de Caça,,,MD33-M-02
RAP,Reunião da Aviação de Patrulha,,Reunião da Aviação de Patrulha,,,MD33-M-02
RAT,Reunião da Aviação de Transporte,,Reunião da Aviação de Transporte,,,MD33-M-02
JCB,Reunião de Coordenação para Priorização dos Objetivos (Joint Coordination Board),,Reunião de Coordenação para Priorização dos Objetivos (Joint Coordination Board),,,MD33-M-02
Reu,Reunir,Reunião;Reunidor,"Reunir, Reunião, Reunidor",,,MD33-M-02
Revld,Revalidar,Revalidação;Revalidador,"Revalidar, Revalidação, Revalidador",,,MD33-M-02
Rvs,Reverso,Reversiva,"Reverso, Reversiva",,,MD33-M-02
Rvt,Revestir,Revestimento,"Revestir, Revestimento",,,MD33-M-02
Rvz,Revezar,Revezamento;Revezador,"Revezar, Revezamento, Revezador",,,MD33-M-02
Rev,Revisar,Revisão;Revista;Revisor,"Revisar, Revisão, Revista, Revisor",,,MD33-M-02
Revg,Revogar,Revogação;Revogador,"Revogar, Revogação, Revogador",,,MD33-M-02
Revl,Revolucionária,Revolução,"Revolucionária, Revolução",,,MD33-M-02
Revr,Revólver,Revolver;Revolvedor,"Revólver, Revolver, Revolvedor",,,MD33-M-02
Rib,Ribeirinha,Ribeirão,"Ribeirinha, Ribeirão",,,MD33-M-02
Rd,Roda,Rodagem,"Roda, Rodagem",,,MD33-M-02
Rdz,Rodízio,,Rodízio,,,MD33-M-02
Rfv,Rodoferroviário,,Rodoferroviário,,,MD33-M-02
Rdv,Rodovia,Rodoviária,"Rodovia, Rodoviária",,,MD33-M-02
Roj,Rojão,,Rojão,,,MD33-M-02
R,Rolo,,Rolo,,sim,MD33-M-02
R Cmpc,Rolo Compactador,,Rolo Compactador,,,MD33-M-02
Rpto,Rompimento,,Rompimento,,,MD33-M-02
Ro,Rota,,Rota,,,MD33-M-02
Ro Apre Rda,Rota de Aproximação e Retirada,,Rota de Aproximação e Retirada,,,MD33-M-02
RRM,Rota de Risco Mínimo,,Rota de Risco Mínimo,,,MD33-M-02
RPM,Rotação por Minuto,,Rotação por Minuto,,,MD33-M-02
Rtdr,Roteador,,Roteador,,,MD33-M-02
Rot,Rotina,,Rotina,,,MD33-M-02
R,Rumo,,Rumo,,sim,MD33-M-02
R Bas,Rumo Básico,,Rumo Básico,,,MD33-M-02
RI,Rumo de Ida,,Rumo de Ida,,,MD33-M-02
RR,Rumo de Regresso,,Rumo de Regresso,,,MD33-M-02
R Mg,Rumo Magnético,,Rumo Magnético,,,MD33-M-02
RL,Rumo no Limite,,Rumo no Limite,,,MD33-M-02
RN,Rumo no Navio,,Rumo no Navio,,,MD33-M-02
RV,Rumo Verdadeiro,,Rumo Verdadeiro,,,MD33-M-02
Rupt,Ruptura,,Ruptura,,,MD33-M-02
Ru,Rural,,Rural,,,MD33-M-02
Sabt,Sabotagem,Sabotador;Sabotar,"Sabotagem, Sabotador, Sabotar",,,MD33-M-02
SOA,Sala de Operações Aéreas,,Sala de Operações Aéreas,,,MD33-M-02
SOT,Sala de Operações Terrestres,,Sala de Operações Terrestres,,,MD33-M-02
SMOA,Sala Móvel de Operações Aéreas,,Sala Móvel de Operações Aéreas,,,MD33-M-02
SMOT,Sala Móvel de Operações Terrestres,,Sala Móvel de Operações Terrestres,,,MD33-M-02
Sal,Salário,Salarial,"Salário, Salarial",,,MD33-M-02
FH,Salto de Freqüência (Frequency Hopping),,Salto de Freqüência (Frequency Hopping),,,MD33-M-02
Slt,Salto,Saltar;Saltador,"Salto, Saltar, Saltador",,,MD33-M-02
Slv,Salvado,Salvamento;Salvo;Salva;Salvar,"Salvado, Salvamento, Salvo, Salva (S), Salvar",S,,MD33-M-02
SMJ,Salvo Melhor Juízo,,Salvo Melhor Juízo,,,MD33-M-02
San,Saneamento,Sanear,"Saneamento, Sanear",,,MD33-M-02
Sg,Sangue,Sanguíneo;Sanguinário,"Sangue, Sanguíneo, Sanguinário",,,MD33-M-02
Sant,Sanitário,,Sanitário,,,MD33-M-02
Sap,Sapa,Sapador,"Sapa, Sapador",,,MD33-M-02
Sgte,Sargenteante,,Sargenteante,,,MD33-M-02
Sgt,Sargento,,Sargento,,,MD33-M-02
Sat,Satélite,,Satélite,,,MD33-M-02
SCD,Satélite de Coleta de Dados,,Satélite de Coleta de Dados,,,MD33-M-02
SGB,Satélite Geoestacionário Brasileiro,,Satélite Geoestacionário Brasileiro,,,MD33-M-02
Str,Saturar,Saturação,"Saturar, Saturação",,,MD33-M-02
Sau,Saúde,,Saúde (S),S,,MD33-M-02
SFC,Se for o caso,,Se for o caso,,,MD33-M-02
B,Seção Seç Seção Base Seç,,Seção (S) Seç Seção Base Seç,S,,MD33-M-02
Ab Bre,Seção de Abreviatura de Brechas Seç,,Seção de Abreviatura de Brechas Seç,,,MD33-M-02
SAC,Seção de Aviação Civil,,Seção de Aviação Civil,,,MD33-M-02
SCI,Seção de Contra-incêndio,,Seção de Contra-incêndio,,,MD33-M-02
SCOAM,Seção de Controle de Operações Aéreas Militares,,Seção de Controle de Operações Aéreas Militares,,,MD33-M-02
SIP,Seção de Inativos e Pensionistas,,Seção de Inativos e Pensionistas,,,MD33-M-02
SISA,Seção de Informações sobre Alvos,,Seção de Informações sobre Alvos,,,MD33-M-02
SIJ,Seção de Investigação e Justiça,,Seção de Investigação e Justiça,,,MD33-M-02
SIPA Aepc,Seção de Investigação e Prevenção de Acidentes Aeroespaciais,,Seção de Investigação e Prevenção de Acidentes Aeroespaciais,,,MD33-M-02
SIPAA,Seção de Investigação e Prevenção de Acidentes Aeronáuticos,,Seção de Investigação e Prevenção de Acidentes Aeronáuticos,,,MD33-M-02
SMA,Seção de Munição de Artilharia,,Seção de Munição de Artilharia,,,MD33-M-02
SOC,Seção de Operação de Combate,,Seção de Operação de Combate,,,MD33-M-02
OAT,Seção de Operações Ar-Terra Seç,,Seção de Operações Ar-Terra Seç,,,MD33-M-02
SPAA,Seção de Prevenção de Acidentes Aeronáuticos,,Seção de Prevenção de Acidentes Aeronáuticos,,,MD33-M-02
ST,Seção de Tiro,,Seção de Tiro,,,MD33-M-02
SSMR,Seção do Serviço Militar Regional,,Seção do Serviço Militar Regional,,,MD33-M-02
S Mob,Seção Mobilizadora,,Seção Mobilizadora,,,MD33-M-02
Sect,Secretaria,Secretário;Secretariar,"Secretaria, Secretário, Secretariar",,,MD33-M-02
Sec,Secreto,,Secreto,,,MD33-M-02
Scd,Secundária,Secundar;Secundarista,"Secundária (S), Secundar, Secundarista",S,,MD33-M-02
Seg AR,Segurança da Área de Retaguarda,,Segurança da Área de Retaguarda,,,MD33-M-02
STA,Segurança do Tráfego Aquaviário,,Segurança do Tráfego Aquaviário,,,MD33-M-02
SSS,"Segurança, Salvamento e Sobrevivência",,"Segurança, Salvamento e Sobrevivência",,,MD33-M-02
Seg,Segurança,Segurar;Seguro (a),"Segurança, Segurar, Seguro (a)",,,MD33-M-02
SC,Seleção Complementar,,Seleção Complementar,,,MD33-M-02
SG,Seleção Geral,,Seleção Geral,,,MD33-M-02
Sel,Selecionar,Seleção;Selecionador;Selecionável,"Selecionar, Seleção (S), Selecionador, Selecionável",S,,MD33-M-02
Sltv,Seletivo,,Seletivo,,,MD33-M-02
Sl,Selva,,Selva (S),S,,MD33-M-02
SA,Sem Alteração,,Sem Alteração,,,MD33-M-02
SE,Sem Espoleta,,Sem Espoleta,,,MD33-M-02
SOFN,Sem Ônus para a Fazenda Nacional,,Sem Ônus para a Fazenda Nacional,,,MD33-M-02
S Prej,Sem Prejuízo,,Sem Prejuízo,,,MD33-M-02
Smn,Semana,Semanal,"Semana, Semanal (S)",S,,MD33-M-02
Semt,Semestre,Semestral;Semestralidade,"Semestre, Semestral, Semestralidade",,,MD33-M-02
Semr,Seminário,Seminarista,"Seminário, Seminarista",,,MD33-M-02
S Rbq,Semi-Reboque,,Semi-Reboque,,,MD33-M-02
SR,Sem-Retardo (espoleta),,Sem-Retardo (espoleta),,,MD33-M-02
Snh,Senha,,Senha,,,MD33-M-02
Sr,Senhor,,Senhor,,,MD33-M-02
Sen,Sensível,Sensibilidade;Sensibilizar,"Sensível, Sensibilidade, Sensibilizar",,,MD33-M-02
Sns,Sensor,Sensoriar;Sensoriamento,"Sensor(S), Sensoriar, Sensoriamento (S)",S,,MD33-M-02
Spr,Separar,Separação;Separador;Separado (a);Separo (a),"Separar, Separação, Separador, Separado (a), Separo (a)",,,MD33-M-02
Sep,Sepultar,Sepultamento;Sepultura,"Sepultar, Sepultamento, Sepultura",,,MD33-M-02
Seq,Seqüência,Sequencial,"Seqüência, Sequencial",,,MD33-M-02
Sv,Serviço,Servil;Serviçal,"Serviço (S), Servil, Serviçal",S,,MD33-M-02
SASM,Serviço Alternativo ao Serviço Militar,,Serviço Alternativo ao Serviço Militar,,,MD33-M-02
SAM,Serviço Ativo da Marinha,,Serviço Ativo da Marinha,,,MD33-M-02
ATIS,Serviço Automático de Informação de Terminal (Automatic Terminal Information Service),,Serviço Automático de Informação de Terminal (Automatic Terminal Information Service),,,MD33-M-02
SAR Ex,Serviço de Assistência Religiosa do Exército,,Serviço de Assistência Religiosa do Exército,,,MD33-M-02
SAR,Serviço de Busca e Resgate (Search and Rescue),,Serviço de Busca e Resgate (Search and Rescue),,,MD33-M-02
SF,Serviço de Finanças,,Serviço de Finanças,,,MD33-M-02
AIS,Serviço de Informação Aeronáutica (Aeronautic Information Service),,Serviço de Informação Aeronáutica (Aeronautic Information Service),,,MD33-M-02
COMINT,Serviço de Inteligência das Comunicações (Communications Intelligence),,Serviço de Inteligência das Comunicações (Communications Intelligence),,,MD33-M-02
ELINT,Serviço de Inteligência Eletrônica (Eletronic Intelligence),,Serviço de Inteligência Eletrônica (Eletronic Intelligence),,,MD33-M-02
SIGINT,Serviço de Inteligência sobre Sinais Irradiados (Signal Intelligence),,Serviço de Inteligência sobre Sinais Irradiados (Signal Intelligence),,,MD33-M-02
SIP Aer,Serviço de Investigação de Acidentes Aéreos,,Serviço de Investigação de Acidentes Aéreos,,,MD33-M-02
SIPA Aer M,Serviço de Investigação e Prevenção de Acidentes Aeronáuticos da Marinha,,Serviço de Investigação e Prevenção de Acidentes Aeronáuticos da Marinha,,,MD33-M-02
S Jus,Serviço de Justiça,,Serviço de Justiça,,,MD33-M-02
SP,Serviço de Polícia,,Serviço de Polícia,,,MD33-M-02
SPV,Serviço de Proteção ao Vôo,,Serviço de Proteção ao Vôo,,,MD33-M-02
SRD,Serviço de Recrutamento Distrital,,Serviço de Recrutamento Distrital,,,MD33-M-02
COMSEC,Serviço de Segurança das Comunicações (Communications Security),,Serviço de Segurança das Comunicações (Communications Security),,,MD33-M-02
ATS,Serviço de Tráfego Aéreo (Air Traffic Service),,Serviço de Tráfego Aéreo (Air Traffic Service),,,MD33-M-02
AFS,Serviço Fixo Aeronáutico (Aeronautic Fixed Service),,Serviço Fixo Aeronáutico (Aeronautic Fixed Service),,,MD33-M-02
SICOL,"Serviço Interzonal de Combustível, Óleos e Lubrificantes",,"Serviço Interzonal de Combustível, Óleos e Lubrificantes",,,MD33-M-02
SM,Serviço Militar,,Serviço Militar,,,MD33-M-02
SMI,Serviço Militar Inicial,,Serviço Militar Inicial,,,MD33-M-02
SMO,Serviço Militar Obrigatório,,Serviço Militar Obrigatório,,,MD33-M-02
SM Aer,Serviço Móvel Aeronáutico,,Serviço Móvel Aeronáutico,,,MD33-M-02
SMM,Serviço Móvel Marítimo,,Serviço Móvel Marítimo,,,MD33-M-02
SOAA,Serviço Operacional Ar-Ar,,Serviço Operacional Ar-Ar,,,MD33-M-02
SOAS,Serviço Operacional Ar-Solo,,Serviço Operacional Ar-Solo,,,MD33-M-02
SOSS,Serviço Operacional Solo-Solo,,Serviço Operacional Solo-Solo,,,MD33-M-02
S Post,Serviço Postal,,Serviço Postal,,,MD33-M-02
SRPV,Serviço Regional de Proteção ao Vôo,,Serviço Regional de Proteção ao Vôo,,,MD33-M-02
Svd,Servidor,,Servidor,,,MD33-M-02
Ses,Sessão,,Sessão,,,MD33-M-02
St Def,Setor de Defesa,,Setor de Defesa,,,MD33-M-02
SDI,Setor de Defesa Interna,,Setor de Defesa Interna,,,MD33-M-02
St,Setor,Setorizar,"Setor, Setorizar",,,MD33-M-02
Sgl,Sigilo,Sigiloso (a),"Sigilo, Sigiloso (a)",,,MD33-M-02
Sig,Signatário,,Signatário,,,MD33-M-02
Sgf,Significar,Significação;Significativo;Significância,"Significar, Significação, Significativo, Significância",,,MD33-M-02
Sil,Silêncio,Silenciar;Silencioso;Silenciador,"Silêncio, Silenciar, Silencioso, Silenciador",,,MD33-M-02
Sbl,Simbolizar,Símbolo,"Simbolizar, Símbolo",,,MD33-M-02
SJ,Símbolo de Jurisdição,,Símbolo de Jurisdição,,,MD33-M-02
Spflc,Simplificar,Simplificação;Simplificador,"Simplificar, Simplificação, Simplificador",,,MD33-M-02
Simp,Simpósio,,Simpósio,,,MD33-M-02
Smlc,Simulacro,,Simulacro,,,MD33-M-02
Sml,Simular,Simulação;Simulador,"Simular, Simulação, Simulador",,,MD33-M-02
Sin,Sinalizar,Sinaleiro;Sinal;Sinalizador;Sinalização,"Sinalizar, Sinaleiro, Sinal, Sinalizador, Sinalização",,,MD33-M-02
Sncz,Sincronização,Sincronizar,"Sincronização, Sincronizar",,,MD33-M-02
Sind,Sindicância,Sindicar;Sindicato;Sindicante,"Sindicância, Sindicar, Sindicato, Sindicante",,,MD33-M-02
Si,Singradura,,Singradura,,,MD33-M-02
Si I,Singradura de Ida,,Singradura de Ida,,,MD33-M-02
Si L,Singradura no Limite,,Singradura no Limite,,,MD33-M-02
Si R,Singradura no Regresso,,Singradura no Regresso,,,MD33-M-02
SGAAR,Síntese do Grau de Ameaça Aeroespacial Regional,,Síntese do Grau de Ameaça Aeroespacial Regional,,,MD33-M-02
Sint,Sintonizar,Sintonia,"Sintonizar, Sintonia",,,MD33-M-02
AWACS,Sistema Aéreo de Alerta e Controle (Air Warning and Control System),,Sistema Aéreo de Alerta e Controle (Air Warning and Control System),,,MD33-M-02
SAGA,Sistema Automatizado de Gerência de Aprovisionamento,,Sistema Automatizado de Gerência de Aprovisionamento,,,MD33-M-02
SBOAS,Sistema Brasileiro de Operações Ar-Superfície,,Sistema Brasileiro de Operações Ar-Superfície,,,MD33-M-02
S Fio,Sistema com Fio,,Sistema com Fio,,,MD33-M-02
SAAC,Sistema de Abastecimento de Água e Combustíveis,,Sistema de Abastecimento de Água e Combustíveis,,,MD33-M-02
LASER,Sistema de Amplificação da Luz por Emissão Estimulada da Radiação (Light Amplification by Stimulated Emission of,,Sistema de Amplificação da Luz por Emissão Estimulada da Radiação (Light Amplification by Stimulated Emission of,,,MD33-M-02
S Ap,Radiation) Sistema de Apoio,,Radiation) Sistema de Apoio,,,MD33-M-02
S Ap Log,Sistema de Apoio Logístico,,Sistema de Apoio Logístico,,,MD33-M-02
Sist A,Sistema de Armas,,Sistema de Armas,,,MD33-M-02
SAJCM,Sistema de Assessoria Jurídica Consultiva da Marinha,,Sistema de Assessoria Jurídica Consultiva da Marinha,,,MD33-M-02
S Bar,Sistema de Barreiras,,Sistema de Barreiras,,,MD33-M-02
SCCAT,Sistema de Comando e Controle Aéreo do Teatro,,Sistema de Comando e Controle Aéreo do Teatro,,,MD33-M-02
CI,"Sistema de Comando, Controle, Comunicações e Inteligência 3 (Command, Control, Communications and Intelligence)",,"Sistema de Comando, Controle, Comunicações e Inteligência 3 (Command, Control, Communications and Intelligence)",,,MD33-M-02
SECOS,Sistema de Comunicações com Contra-Contramedidas Eletrônicas (Secure ECCM Communications System),,Sistema de Comunicações com Contra-Contramedidas Eletrônicas (Secure ECCM Communications System),,,MD33-M-02
SCA,Sistema de Comunicações de Área,,Sistema de Comunicações de Área,,,MD33-M-02
SCC,Sistema de Comunicações de Comando,,Sistema de Comunicações de Comando,,,MD33-M-02
Sist CD,Sistema de Comunicações Divisionário,,Sistema de Comunicações Divisionário,,,MD33-M-02
SISCOMIS,Sistema de Comunicações Militares por Satélite,,Sistema de Comunicações Militares por Satélite,,,MD33-M-02
SCAT,Sistema de Controle Aerotático,,Sistema de Controle Aerotático,,,MD33-M-02
SC Alm,Sistema de Controle e Alarme,,Sistema de Controle e Alarme,,,MD33-M-02
MRCS,Sistema de Controle e Radar Móvel (Mobile Radar and Control System),,Sistema de Controle e Radar Móvel (Mobile Radar and Control System),,,MD33-M-02
ATDS,Sistema de Dados Táticos Aerotransportado (Airborne Tactical Data System),,Sistema de Dados Táticos Aerotransportado (Airborne Tactical Data System),,,MD33-M-02
SISDEN,Sistema de Defesa Nacional,,Sistema de Defesa Nacional,,,MD33-M-02
SDF,Sistema de Distribuição de Fogos,,Sistema de Distribuição de Fogos,,,MD33-M-02
SGQ,Sistema de Garantia da Qualidade,,Sistema de Garantia da Qualidade,,,MD33-M-02
SGC,Sistema de Garantia de Configuração,,Sistema de Garantia de Configuração,,,MD33-M-02
SIAA Ae,Sistema de Informações da Artilharia Antiaérea,,Sistema de Informações da Artilharia Antiaérea,,,MD33-M-02
SIEM Aer,Sistema de Informações Estratégicas Militares da Aeronáutica,,Sistema de Informações Estratégicas Militares da Aeronáutica,,,MD33-M-02
SIG Pes,Sistema de Informações Gerenciais de Pessoal,,Sistema de Informações Gerenciais de Pessoal,,,MD33-M-02
SITFAA,Sistema de Informática e Telecomunicações entre as Forças Aéreas Americanas,,Sistema de Informática e Telecomunicações entre as Forças Aéreas Americanas,,,MD33-M-02
SIMEB,Sistema de Instrução Militar do Exército Brasileiro,,Sistema de Instrução Militar do Exército Brasileiro,,,MD33-M-02
Sl Com,Sistema de Intercomunicação das Comunicações,,Sistema de Intercomunicação das Comunicações,,,MD33-M-02
MLRS,Sistema de Lançamento Múltiplo de Foguetes (Multiple Launch Rocket System),,Sistema de Lançamento Múltiplo de Foguetes (Multiple Launch Rocket System),,,MD33-M-02
SL Aernav,Sistema de Ligação Aeronaval,,Sistema de Ligação Aeronaval,,,MD33-M-02
ALS,Sistema de Luzes de Aproximação (Approach Light System),,Sistema de Luzes de Aproximação (Approach Light System),,,MD33-M-02
SMP,Sistema de Manutenção Planejada,,Sistema de Manutenção Planejada,,,MD33-M-02
S Msg,Sistema de Mensageiros,,Sistema de Mensageiros,,,MD33-M-02
SISMAERO,Sistema de Mobilização Aeroespacial,,Sistema de Mobilização Aeroespacial,,,MD33-M-02
SISMOMAR,Sistema de Mobilização da Marinha,,Sistema de Mobilização da Marinha,,,MD33-M-02
SISMOBE,Sistema de Mobilização do Exército,,Sistema de Mobilização do Exército,,,MD33-M-02
SISMOMIL,Sistema de Mobilização Militar,,Sistema de Mobilização Militar,,,MD33-M-02
SM Cn,Sistema de Multicanal,,Sistema de Multicanal,,,MD33-M-02
TACAN,Sistema de Navegação Aerotática (Tactical Air Navigation),,Sistema de Navegação Aerotática (Tactical Air Navigation),,,MD33-M-02
LANTIRN,Sistema de Navegação e Visão Noturna Infravermelha a Baixa Altitude (Low Altitude Navigation and Targeting Infrared for,,Sistema de Navegação e Visão Noturna Infravermelha a Baixa Altitude (Low Altitude Navigation and Targeting Infrared for,,,MD33-M-02
GNSS,Night System) Sistema de Navegação Global por Satélites (Global Navigation Satellite System),,Night System) Sistema de Navegação Global por Satélites (Global Navigation Satellite System),,,MD33-M-02
INS,Sistema de Navegação Inercial (Inertial Navigation System),,Sistema de Navegação Inercial (Inertial Navigation System),,,MD33-M-02
SOAT,Sistema de Operações Ar-Terra,,Sistema de Operações Ar-Terra,,,MD33-M-02
SPP,Sistema de Planejamento de Pessoal,,Sistema de Planejamento de Pessoal,,,MD33-M-02
GPS,Sistema de Posicionamento Global (Global Positioning System),,Sistema de Posicionamento Global (Global Positioning System),,,MD33-M-02
ILS,Sistema de Pouso por Instrumentos (Instrument Landing System),,Sistema de Pouso por Instrumentos (Instrument Landing System),,,MD33-M-02
SPV,Sistema de Proteção ao Vôo,,Sistema de Proteção ao Vôo,,,MD33-M-02
SIPAM,Sistema de Proteção da Amazônia,,Sistema de Proteção da Amazônia,,,MD33-M-02
SQ,Sistema de Qualidade,,Sistema de Qualidade,,,MD33-M-02
S Rcp,Sistema de Recompletamento,,Sistema de Recompletamento,,,MD33-M-02
SSM,Sistema de Saúde da Marinha,,Sistema de Saúde da Marinha,,,MD33-M-02
SIVAM,Sistema de Vigilância da Amazônia,,Sistema de Vigilância da Amazônia,,,MD33-M-02
FLIR,Sistema de Visão Noturna Infravermelha (Forward Looking Infrared),,Sistema de Visão Noturna Infravermelha (Forward Looking Infrared),,,MD33-M-02
SEC,Sistema Estratégico de Comunicações,,Sistema Estratégico de Comunicações,,,MD33-M-02
SEGE,Sistema Estratégico de Guerra Eletrônica,,Sistema Estratégico de Guerra Eletrônica,,,MD33-M-02
LTD,Sistema Indicador de Alvos por Raio Laser (Laser Target Designator),,Sistema Indicador de Alvos por Raio Laser (Laser Target Designator),,,MD33-M-02
VASIS,Sistema Indicador de Rampa de Aproximação Visual (Visual Approach Slop nIndicator System),,Sistema Indicador de Rampa de Aproximação Visual (Visual Approach Slop nIndicator System),,,MD33-M-02
GMDSS,Sistema Marítimo Global de Socorro e Segurança (Global Maritime Distress and Safety System),,Sistema Marítimo Global de Socorro e Segurança (Global Maritime Distress and Safety System),,,MD33-M-02
SISMC2,Sistema Militar de Comando e Controle,,Sistema Militar de Comando e Controle,,,MD33-M-02
MARS,Sistema Móvel e Automático de Informação Radar (Mobile Automatic Reporting System),,Sistema Móvel e Automático de Informação Radar (Mobile Automatic Reporting System),,,MD33-M-02
SINAMOB,Sistema Nacional de Mobilização,,Sistema Nacional de Mobilização,,,MD33-M-02
LCOSS,Sistema Ótico de Visada Orientado por Computador (Lead Computing Optical Sight System),,Sistema Ótico de Visada Orientado por Computador (Lead Computing Optical Sight System),,,MD33-M-02
S Rad,Sistema Rádio,,Sistema Rádio,,,MD33-M-02
LWR,Sistema Receptor de Alerta Laser (Laser Warning Receiver),,Sistema Receptor de Alerta Laser (Laser Warning Receiver),,,MD33-M-02
RWR,Sistema Receptor de Alerta Radar (Radar Warning Receiver),,Sistema Receptor de Alerta Radar (Radar Warning Receiver),,,MD33-M-02
ATARS,Sistema Tático Avançado de Reconhecimento em Aeronave (Advanced Tactical Airborne Reconnaissance System),,Sistema Tático Avançado de Reconhecimento em Aeronave (Advanced Tactical Airborne Reconnaissance System),,,MD33-M-02
Sis Tat C,Sistema Tático de Comunicações,,Sistema Tático de Comunicações,,,MD33-M-02
SISTED,Sistema Tático de Enlace de Dados,,Sistema Tático de Enlace de Dados,,,MD33-M-02
STGE,Sistema Tático de Guerra Eletrônica,,Sistema Tático de Guerra Eletrônica,,,MD33-M-02
SDO,Sistemas Digitais Operativos,,Sistemas Digitais Operativos,,,MD33-M-02
Sis Op N,Sistemas Operativos Navais,,Sistemas Operativos Navais,,,MD33-M-02
Sist,Sistematizar,Sistema;Sistemática,"Sistematizar, Sistema, Sistemática (S)",S,,MD33-M-02
Si,Sítio,,Sítio (S),S,,MD33-M-02
SAG,Situação Aérea Geral,,Situação Aérea Geral,,,MD33-M-02
SAGDA,Situação Aérea Geral de Defesa Aeroespacial,,Situação Aérea Geral de Defesa Aeroespacial,,,MD33-M-02
SALDA,Situação Aérea Local de Defesa Aeroespacial,,Situação Aérea Local de Defesa Aeroespacial,,,MD33-M-02
SARDA,Situação Aérea Regional de Defesa Aeroespacial,,Situação Aérea Regional de Defesa Aeroespacial,,,MD33-M-02
SAAB,Situação de Ameaça Aeroespacial do Brasil,,Situação de Ameaça Aeroespacial do Brasil,,,MD33-M-02
Sit,Situar,Situação;Situado (a),"Situar, Situação, Situado (a)",,,MD33-M-02
Sbn,Soberania,,Soberania,,,MD33-M-02
SL,Sobre Lagartas,,Sobre Lagartas,,,MD33-M-02
SR,Sobre Rodas,,Sobre Rodas,,,MD33-M-02
Savs,Sobreaviso,,Sobreaviso,,,MD33-M-02
Sbrl,Sobressalente,,Sobressalente,,,MD33-M-02
Sbv,Sobrevivência,Sobrevivente;Sobreviver,"Sobrevivência, Sobrevivente, Sobreviver",,,MD33-M-02
Sobv,Sobrevoar,Sobrevôo;Sobrevoado,"Sobrevoar, Sobrevôo, Sobrevoado",,,MD33-M-02
Soc,Social,Sociedade;Socializar;Socialista,"Social, Sociedade (S), Socializar, Socialista",S,,MD33-M-02
SBDA,Sociedade Brasileira de Direito Aeroespacial,,Sociedade Brasileira de Direito Aeroespacial,,,MD33-M-02
Scr,Socorro,Socorrista;Socorrer,"Socorro, Socorrista, Socorrer",,,MD33-M-02
Sold,Solenidade,,Solenidade,,,MD33-M-02
IR,Solicitação de Informação (Information Request),,Solicitação de Informação (Information Request),,,MD33-M-02
Sol,Solicitar,Solicitação;Solicitante;Solicitado (a);Solicito,"Solicitar, Solicitação, Solicitante, Solicitado (a), Solicito",,,MD33-M-02
S,Solo,,Solo,,sim,MD33-M-02
GND,Solo (ground),,Solo (ground),,,MD33-M-02
Solu,Solução,Solucionar;Solucionador,"Solução, Solucionar, Solucionador",,,MD33-M-02
S,Som,,Som,,sim,MD33-M-02
Son,Sonar,Sonda,"Sonar, Sonda",,,MD33-M-02
SBA,Sondagem de Baixa Altitude,,Sondagem de Baixa Altitude,,,MD33-M-02
SBAR,Sondagem de Baixa Altitude Reduzida,,Sondagem de Baixa Altitude Reduzida,,,MD33-M-02
SGA,Sondagem de Grande Altitude,,Sondagem de Grande Altitude,,,MD33-M-02
Sonm,Soniométrico,,Soniométrico,,,MD33-M-02
Spo,Sopro,,Sopro,,,MD33-M-02
Sublt,Subalterno,,Subalterno,,,MD33-M-02
SA,Subárea,,Subárea,,,MD33-M-02
SA Ap Log,Subárea de Apoio Logístico,,Subárea de Apoio Logístico,,,MD33-M-02
S Cal,Subcalibre,,Subcalibre,,,MD33-M-02
SC Com,Subcentro de Comunicações,,Subcentro de Comunicações,,,MD33-M-02
S Ch,Subchefe,Subchefia,"Subchefe, Subchefia",,,MD33-M-02
S Cmt,Subcomandante,,Subcomandante,,,MD33-M-02
S Dpt,Subdepartamento,,Subdepartamento,,,MD33-M-02
S Dir,Subdiretor,Subdiretoria,"Subdiretor, Subdiretoria",,,MD33-M-02
S Gpt,Subestação S Estç Subgrupamento,,Subestação S Estç Subgrupamento,,,MD33-M-02
S Gpt M,Subgrupamento de Marcha,,Subgrupamento de Marcha,,,MD33-M-02
Sub,Submarino,,Submarino (S),S,,MD33-M-02
SM,Submarino com Mísseis,,Submarino com Mísseis,,,MD33-M-02
SNM,Submarino Nuclear com Mísseis,,Submarino Nuclear com Mísseis,,,MD33-M-02
SNA,Submarino Nuclear de ataque,,Submarino Nuclear de ataque,,,MD33-M-02
SNLMB,Submarino Nuclear Lançador de Mísseis Balísticos,,Submarino Nuclear Lançador de Mísseis Balísticos,,,MD33-M-02
S Mtr,Submetralhadora,,Submetralhadora,,,MD33-M-02
Subrd,Subordinar,Subordinação,"Subordinar, Subordinação",,,MD33-M-02
S St,Subseção S Seç Subsetor,,Subseção S Seç Subsetor,,,MD33-M-02
Subsd,Subsidiário,Subsídio;Subsidiar,"Subsidiário, Subsídio, Subsidiar",,,MD33-M-02
Subs,Subsistência,,Subsistência,,,MD33-M-02
Subst,Substituir,Substituição;Substituto,"Substituir, Substituição, Substituto",,,MD33-M-02
Subt,Subterrâneo,,Subterrâneo,,,MD33-M-02
SU,Subunidade,,Subunidade,,,MD33-M-02
Subv,Subversivo,Subversão,"Subversivo, Subversão",,,MD33-M-02
SZ,Subzona,,Subzona,,,MD33-M-02
Suc,Sucessiva,,Sucessiva,,,MD33-M-02
Sum,Sumária,,Sumária,,,MD33-M-02
SUDIPE,Sumário Diário de Pessoal,,Sumário Diário de Pessoal,,,MD33-M-02
Spf,Superfície,Superficial,"Superfície (S), Superficial",S,,MD33-M-02
S Ar,Superfície-Ar,,Superfície-Ar,,,MD33-M-02
STJ,Superior Tribunal de Justiça,,Superior Tribunal de Justiça,,,MD33-M-02
STM,Superior Tribunal Militar,,Superior Tribunal Militar,,,MD33-M-02
Sp,Superior,Superioridade;Superar,"Superior, Superioridade, Superar",,,MD33-M-02
Sp Ae Loc,Superioridade Aérea Local,,Superioridade Aérea Local,,,MD33-M-02
Spvs,Supervisionar,Supervisão;Supervisor,"Supervisionar, Supervisão, Supervisor",,,MD33-M-02
SRDA,Supervisor da Região de Defesa Aeroespacial,,Supervisor da Região de Defesa Aeroespacial,,,MD33-M-02
SDA,Supervisor de Defesa Aeroespacial,,Supervisor de Defesa Aeroespacial,,,MD33-M-02
SDAP,Supervisor de Defesa Aeroespacial Passiva,,Supervisor de Defesa Aeroespacial Passiva,,,MD33-M-02
SGE,Supervisor de Guerra Eletrônica,,Supervisor de Guerra Eletrônica,,,MD33-M-02
SI,Supervisor de Identificação,,Supervisor de Identificação,,,MD33-M-02
SOA,Supervisor Operacional de Área,,Supervisor Operacional de Área,,,MD33-M-02
Spl,Suplementar,Suplemento,"Suplementar, Suplemento (S)",S,,MD33-M-02
Spt,Suporte,Suportar;Suportável,"Suporte (S), Suportar, Suportável",S,,MD33-M-02
S Flut,Suporte Flutuante,,Suporte Flutuante,,,MD33-M-02
CLS,Suporte Logístico Contratado (Contractor Logistics Support),,Suporte Logístico Contratado (Contractor Logistics Support),,,MD33-M-02
SLI,Suporte Logístico Integrado,,Suporte Logístico Integrado,,,MD33-M-02
SLIT,Suporte Logístico Integrado Temporário,,Suporte Logístico Integrado Temporário,,,MD33-M-02
Spm,Supremacia,Supremo,"Supremacia, Supremo (S)",S,,MD33-M-02
STF,Supremo Tribunal Federal,,Supremo Tribunal Federal,,,MD33-M-02
SD,Supressão de Defesa,,Supressão de Defesa,,,MD33-M-02
SDAI,Supressão de Defesa Aérea Inimiga,,Supressão de Defesa Aérea Inimiga,,,MD33-M-02
Sup,Suprimento,,Suprimento,,,MD33-M-02
Sup OC,Suprimento de Outras Classes,,Suprimento de Outras Classes,,,MD33-M-02
Supr,Suprimir,Supressão;Supressor,"Suprimir, Supressão, Supressor",,,MD33-M-02
Sup,Suprir,Suprimento;Supridor,"Suprir, Suprimento, Supridor",,,MD33-M-02
Sur,Surtida,,Surtida,,,MD33-M-02
S Abtv,Surtida Abortiva,,Surtida Abortiva,,,MD33-M-02
S Bomb,Surtida de Bombardeio,,Surtida de Bombardeio,,,MD33-M-02
Susp,Suspender,Suspensão;Suspenso;Suspensório,"Suspender, Suspensão, Suspenso, Suspensório",,,MD33-M-02
Sust,Sustentação,Sustentar;Sustentáculo;Sustentador,"Sustentação, Sustentar, Sustentáculo, Sustentador",,,MD33-M-02
TAAD,Tabela de Atividade Aérea Diária,,Tabela de Atividade Aérea Diária,,,MD33-M-02
TCTDA,Tabela de Configurações Típicas de Defesa Aérea,,Tabela de Configurações Típicas de Defesa Aérea,,,MD33-M-02
TDMADA,Tabela de Disponibilidade de Meios Aéreos de Defesa Aérea,,Tabela de Disponibilidade de Meios Aéreos de Defesa Aérea,,,MD33-M-02
TDMA Ae,Tabela de Disponibilidade de Meios Antiaéreos,,Tabela de Disponibilidade de Meios Antiaéreos,,,MD33-M-02
TDM Ct,Tabela de Disponibilidade de Meios de Controle,,Tabela de Disponibilidade de Meios de Controle,,,MD33-M-02
TO Meteo,Tabela de Operacionalidade e Meteorologia,,Tabela de Operacionalidade e Meteorologia,,,MD33-M-02
TGT,Tabela Gráfica de Tiro,,Tabela Gráfica de Tiro,,,MD33-M-02
Tab,Tabelar,Tabela;Tabelamento;Tabular;Tabulação,"Tabelar, Tabela, Tabelamento (T), Tabular, Tabulação",T,,MD33-M-02
Tf,Taifeiro,,Taifeiro,,,MD33-M-02
Tvg,Talvegue,,Talvegue,,,MD33-M-02
Tb,Tambor,,Tambor,,,MD33-M-02
Tq,Tanque,,Tanque,,,MD33-M-02
TPA,Tanque de Ponta de Asa,,Tanque de Ponta de Asa,,,MD33-M-02
Tar,Tarefa,,Tarefa (T),T,,MD33-M-02
TTC,Tarefa por Tempo Certo,,Tarefa por Tempo Certo,,,MD33-M-02
Tarf,Tarifa,Tarifário;Tarifar;Tarifação,"Tarifa, Tarifário, Tarifar, Tarifação",,,MD33-M-02
Tat,Tática,,Tática (T),T,,MD33-M-02
TAS,Tática Anti-submarina,,Tática Anti-submarina,,,MD33-M-02
Tx,Taxa,Taxar;Taxação;Taxável,"Taxa, Taxar, Taxação, Taxável",,,MD33-M-02
TO,Teatro de Operações,,Teatro de Operações,,,MD33-M-02
TOM,Teatro de Operações Marítimo,,Teatro de Operações Marítimo,,,MD33-M-02
TOT,Teatro de Operações Terrestre,,Teatro de Operações Terrestre,,,MD33-M-02
Tec,Técnico,,Técnico,,,MD33-M-02
TIA,Técnico de Informação Aeronáutica,,Técnico de Informação Aeronáutica,,,MD33-M-02
TIR,Técnico de Informação de Reconhecimento,,Técnico de Informação de Reconhecimento,,,MD33-M-02
Tecnl,Tecnologia,Tecnológico,"Tecnologia, Tecnológico",,,MD33-M-02
Tcmdo,Telecomandador,Telecomando;Telecomandar,"Telecomandador, Telecomando, Telecomandar",,,MD33-M-02
Telecom,Telecomunicações,,Telecomunicações (T),T,,MD33-M-02
Tel,Telefone,Telefônica;Telefonia;Telefonista;Telefonar,"Telefone, Telefônica, Telefonia, Telefonista, Telefonar",,,MD33-M-02
TSN,Telegrafia de Sinalização Náutica,,Telegrafia de Sinalização Náutica,,,MD33-M-02
Tmt,Telemetria,Telêmetro,"Telemetria, Telêmetro",,,MD33-M-02
Tpr,Teleprocessamento,,Teleprocessamento,,,MD33-M-02
Temp,Temperatura,,Temperatura,,,MD33-M-02
Tp,Tempo,,Tempo (T),T,,MD33-M-02
TES,Tempo de Efetivo Serviço,,Tempo de Efetivo Serviço,,,MD33-M-02
TPR,Tempo de Pedido e Recebimento,,Tempo de Pedido e Recebimento,,,MD33-M-02
TQ,Tempo de Queda,,Tempo de Queda,,,MD33-M-02
TR,Tempo de Regresso,,Tempo de Regresso,,,MD33-M-02
TRG,Tempo de Revisão Geral,,Tempo de Revisão Geral,,,MD33-M-02
TSM,Tempo de Serviço Militar,,Tempo de Serviço Militar,,,MD33-M-02
TVC,Tempo de Volta ao Combate,,Tempo de Volta ao Combate,,,MD33-M-02
TBO,Tempo entre Inspeções (Time Between Overhaul),,Tempo entre Inspeções (Time Between Overhaul),,,MD33-M-02
TLE,Tempo Limite de Estocagem,,Tempo Limite de Estocagem,,,MD33-M-02
TLV,Tempo Limite de Vida,,Tempo Limite de Vida,,,MD33-M-02
MTBF,Tempo Médio entre Falhas (Mean Time Between Failure),,Tempo Médio entre Falhas (Mean Time Between Failure),,,MD33-M-02
TU,Tempo Útil,,Tempo Útil,,,MD33-M-02
TV,Tempo Variável,,Tempo Variável,,,MD33-M-02
Tmpr,Temporária,Temporariamente,"Temporária, Temporariamente (T)",T,,MD33-M-02
Td,Tênder,,Tênder,,,MD33-M-02
Td CT,Tênder de Contratorpedeiro,,Tênder de Contratorpedeiro,,,MD33-M-02
Tml,Termal,,Termal,,,MD33-M-02
Tmc,Térmico,,Térmico,,,MD33-M-02
TAe,Terminal Aéreo,,Terminal Aéreo,,,MD33-M-02
T Cg,Terminal de Carga,,Terminal de Carga,,,MD33-M-02
TECA,Terminal de Carga Aérea,,Terminal de Carga Aérea,,,MD33-M-02
T Distr,Terminal de Distribuição,,Terminal de Distribuição,,,MD33-M-02
TPS,Terminal de Passageiros,,Terminal de Passageiros,,,MD33-M-02
T Trnp,Terminal de Transporte,,Terminal de Transporte,,,MD33-M-02
LUT,Terminal do Usuário Local (Local User Terminal),,Terminal do Usuário Local (Local User Terminal),,,MD33-M-02
T Fv,Terminal Ferroviário,,Terminal Ferroviário,,,MD33-M-02
T Itr,Terminal Intermediário,,Terminal Intermediário,,,MD33-M-02
T Prt,Terminal Portuário,,Terminal Portuário,,,MD33-M-02
T Rfv,Terminal Rodoferroviário,,Terminal Rodoferroviário,,,MD33-M-02
T Rdv,Terminal Rodoviário,,Terminal Rodoviário,,,MD33-M-02
TTTS,Terminal Tático de Transporte Logístico,,Terminal Tático de Transporte Logístico,,,MD33-M-02
Trm,Terminar,Término;Terminal,"Terminar, Término, Terminal (T)",T,,MD33-M-02
T Fri,Término de Férias,,Término de Férias,,,MD33-M-02
T Sv,Término de Serviço,,Término de Serviço,,,MD33-M-02
TGR,Termo de Guarda e Responsabilidade,,Termo de Guarda e Responsabilidade,,,MD33-M-02
TIS,Termo de Inspeção de Saúde,,Termo de Inspeção de Saúde,,,MD33-M-02
TPU,Termo de Permissão de Uso,,Termo de Permissão de Uso,,,MD33-M-02
TV,Termo de Vistoria,,Termo de Vistoria,,,MD33-M-02
Ter,Terra,Terreno;Terrestre;Território;Territorial,"Terra, Terreno, Terrestre, Território, Territorial (T)",T,,MD33-M-02
Trpl,Terraplanagem,,Terraplanagem,,,MD33-M-02
Trr,Terrorismo,Terrorista,"Terrorismo, Terrorista (T)",T,,MD33-M-02
SAT,Teste de Aceitação em Campo (Site Acceptance Test),,Teste de Aceitação em Campo (Site Acceptance Test),,,MD33-M-02
FAT,Teste de Aceitação em Fábrica (Factory Acceptance Test),,Teste de Aceitação em Fábrica (Factory Acceptance Test),,,MD33-M-02
CAVOK,Teto e Visibilidade “OK” (Ceiling and Visibility OK),,Teto e Visibilidade “OK” (Ceiling and Visibility OK),,,MD33-M-02
Tir,Tiro,,Tiro (T),T,,MD33-M-02
TAP,Tiro de Armas Portáteis,,Tiro de Armas Portáteis,,,MD33-M-02
TG,Tiro de Guerra,,Tiro de Guerra,,,MD33-M-02
TM,Tiro Mergulhante,Trajetória Mergulhante,"Tiro Mergulhante, Trajetória Mergulhante",,,MD33-M-02
TPM,Tiro por Minuto,,Tiro por Minuto,,,MD33-M-02
TSZ,Tiro Sobre Zona,,Tiro Sobre Zona,,,MD33-M-02
TV,Tiro Vertical,Trajetória Vertical,"Tiro Vertical, Trajetória Vertical",,,MD33-M-02
Tlr,Tolerar,Tolerância;Tolerante;Tolerável,"Tolerar, Tolerância, Tolerante, Tolerável",,,MD33-M-02
Tmb,Tombar,Tombamento,"Tombar, Tombamento",,,MD33-M-02
Tnl,Tonel,,Tonel,,,MD33-M-02
TC,Tonelada Curta,,Tonelada Curta,,,MD33-M-02
TA,Tonelada de Arqueação ou Registro,,Tonelada de Arqueação ou Registro,,,MD33-M-02
TM,Tonelada Medida,,Tonelada Medida,,,MD33-M-02
Topo,Topografia,Topógrafo;Topográfico,"Topografia, Topógrafo, Topográfico",,,MD33-M-02
Tpd,Torpedo,Torpedeiro;Torpédico,"Torpedo, Torpedeiro, Torpédico",,,MD33-M-02
TWR,Torre de Controle (Tower),,Torre de Controle (Tower),,,MD33-M-02
Tot,Totalizar,Total;Totalização,"Totalizar, Total (T), Totalização",T,,MD33-M-02
Tox,Tóxico,Toxidez,"Tóxico, Toxidez",,,MD33-M-02
Trab,Trabalhar,Trabalho;Trabalhador,"Trabalhar, Trabalho, Trabalhador",,,MD33-M-02
TIF,Trabalho Interforças,,Trabalho Interforças,,,MD33-M-02
TIM,Trabalho Interministerial,,Trabalho Interministerial,,,MD33-M-02
Trf,Tração,Tracionar;Traçante Trç Trafegar;Tráfego (a);Trafegável,"Tração, Tracionar, Traçante Trç Trafegar, Tráfego (a), Trafegável",,,MD33-M-02
Traj,Trajetória,Trajeto,"Trajetória, Trajeto (T)",T,,MD33-M-02
Tramt,Tramitar,Tramitação;Trâmite,"Tramitar, Tramitação, Trâmite",,,MD33-M-02
Trbd,Transbordo,Transbordar;Transbordante;Transbordamento,"Transbordo, Transbordar, Transbordante, Transbordamento",,,MD33-M-02
Trcp,Transceptor,,Transceptor,,,MD33-M-02
Transc,Transcorrer,Transcurso,"Transcorrer, Transcurso",,,MD33-M-02
Trnsc,Transcrever,Transcrição,"Transcrever, Transcrição",,,MD33-M-02
TDA,Transferidor de Derivas e Alcances,,Transferidor de Derivas e Alcances,,,MD33-M-02
T Loc,Transferidor de Locação,,Transferidor de Locação,,,MD33-M-02
Trnsf,Transferir,Transferência;Transferidor;Transferível,"Transferir, Transferência, Transferidor, Transferível",,,MD33-M-02
Tfrm,Transformar,Transformação;Transformador;Transformável,"Transformar, Transformação, Transformador, Transformável",,,MD33-M-02
Trang,Transgredir,Transgressão;Transgressor,"Transgredir, Transgressão, Transgressor",,,MD33-M-02
Trst,Transistor,,Transistor,,,MD33-M-02
Tran,Transitar,Trânsito;Transitável,"Transitar, Trânsito, Transitável",,,MD33-M-02
T Mult,Transmissão Múltipla,,Transmissão Múltipla,,,MD33-M-02
ELT,Transmissor Localizador de Emergência (Emergency Locator Transmitter),,Transmissor Localizador de Emergência (Emergency Locator Transmitter),,,MD33-M-02
Trans,Transmito,Transmitir;Transmissão;Transmissor,"Transmito, Transmitir, Transmissão, Transmissor (T)",T,,MD33-M-02
SART,Transponder de Busca e Salvamento (Search and Rescue Transponder),,Transponder de Busca e Salvamento (Search and Rescue Transponder),,,MD33-M-02
Trnp,Transportar,Transporte;Transportável,"Transportar, Transporte (T), Transportável",T,,MD33-M-02
TA,Transporte Aéreo,,Transporte Aéreo,,,MD33-M-02
TAL,Transporte Aéreo Logístico,,Transporte Aéreo Logístico,,,MD33-M-02
T Aetat,Transporte Aerotático,,Transporte Aerotático,,,MD33-M-02
T Crg,Transporte Cargueiro,,Transporte Cargueiro,,,MD33-M-02
Trnp C,Transporte de Carga,,Transporte de Carga,,,MD33-M-02
TT,Transporte de Tropa,,Transporte de Tropa,,,MD33-M-02
TE,Transporte Especializado,,Transporte Especializado,,,MD33-M-02
TNE,Transporte não Especializado,,Transporte não Especializado,,,MD33-M-02
Trsp,Transposição,Transpor;Transponível,"Transposição, Transpor, Transponível",,,MD33-M-02
Trvl,Transversal,,Transversal,,,MD33-M-02
Tras,Trasladar,Traslado,"Trasladar, Traslado",,,MD33-M-02
Trt,Tratar,Tratamento;Tratador,"Tratar, Tratamento, Tratador",,,MD33-M-02
Trat,Trator,Tratorista,"Trator, Tratorista (T)",T,,MD33-M-02
Tva,Travessia,,Travessia,,,MD33-M-02
TFM,Treinamento Físico Militar,,Treinamento Físico Militar,,,MD33-M-02
Trn,Treinar,Treinamento;Treinado;Treinado,"Treinar, Treinamento, Treinado, Treinado",,,MD33-M-02
T,Trem,,Trem,,sim,MD33-M-02
Trg,Triagem,,Triagem,,,MD33-M-02
Trib,Tribunal,Tribuna,"Tribunal (T), Tribuna",T,,MD33-M-02
TCU,Tribunal de Contas da União,,Tribunal de Contas da União,,,MD33-M-02
TE,Tribunal Especial,,Tribunal Especial,,,MD33-M-02
TM,Tribunal Marítimo,,Tribunal Marítimo,,,MD33-M-02
Trb,Tributário,Tributar;Tributável;Tributação,"Tributário, Tributar, Tributável, Tributação",,,MD33-M-02
Tri,Trilha,Trilhar,"Trilha, Trilhar",,,MD33-M-02
Trim,Trimestre,Trimestral;Trimestralmente;Trimestralidade,"Trimestre, Trimestral, Trimestralmente, Trimestralidade",,,MD33-M-02
Trch,Trincheira,,Trincheira,,,MD33-M-02
Trip,Tripular,Tripulação;Tripulante;Tripulável,"Tripular, Tripulação, Tripulante (T), Tripulável",T,,MD33-M-02
Tro,Troca,Trocar;Troco,"Troca, Trocar, Troco",,,MD33-M-02
Tr,Tropa,,Tropa (T),T,,MD33-M-02
Tdf,Tropodifusão,,Tropodifusão,,,MD33-M-02
Trunc,Truncamento,Truncado;Truncar,"Truncamento, Truncado, Truncar",,,MD33-M-02
Tb,Tubo,,Tubo,,,MD33-M-02
CRT,Tubo de Raios Catódicos (Cathode-Ray Tube),,Tubo de Raios Catódicos (Cathode-Ray Tube),,,MD33-M-02
Tum,Túmulo,Tumular,"Túmulo, Tumular",,,MD33-M-02
Tbn,Turbina,,Turbina,,,MD33-M-02
Tu,Turma,,Turma (T),T,,MD33-M-02
TCIT,Turma de Coordenação e Informações Técnicas,,Turma de Coordenação e Informações Técnicas,,,MD33-M-02
Tut,Tutorial,Tutor,"Tutorial, Tutor",,,MD33-M-02
Ultm,Última,Ultimar;Ultimato,"Última (U), Ultimar, Ultimato",U,,MD33-M-02
Ul,Última Instância,,Última Instância,,,MD33-M-02
ULD,Última Linha a Defender,,Última Linha a Defender,,,MD33-M-02
ULR,Última Linha de Rebatimento,,Última Linha de Rebatimento,,,MD33-M-02
Ult,Ultra,,Ultra,,,MD33-M-02
Ultr,Ultrapassagem,Ultrapassar;Ultrapassante,"Ultrapassagem, Ultrapassar, Ultrapassante",,,MD33-M-02
USE,Ultra-Secreto,,Ultra-Secreto,,,MD33-M-02
UV,Ultravioleta,,Ultravioleta,,,MD33-M-02
Umd,Umidade,Úmido;Umidificar;Umidificante,"Umidade, Úmido, Umidificar, Umidificante",,,MD33-M-02
U,Unidade,,Unidade,,sim,MD33-M-02
UA,Unidade Administrativa,,Unidade Administrativa,,,MD33-M-02
U Ae,Unidade Aérea,,Unidade Aérea,,,MD33-M-02
U Anf,Unidade Anfíbia,,Unidade Anfíbia,,,MD33-M-02
UC,Unidade Celular,,Unidade Celular,,,MD33-M-02
UCC2,Unidade Celular de Comando e Controle,,Unidade Celular de Comando e Controle,,,MD33-M-02
UCE,Unidade Celular de Engenharia,,Unidade Celular de Engenharia,,,MD33-M-02
UCI,Unidade Celular de Intendência,,Unidade Celular de Intendência,,,MD33-M-02
UCMB,Unidade Celular de Material Bélico,,Unidade Celular de Material Bélico,,,MD33-M-02
UCPIF,Unidade Celular de Processamento e Interpretação Foto,,Unidade Celular de Processamento e Interpretação Foto,,,MD33-M-02
UPV,Unidade Celular de Proteção ao Vôo,,Unidade Celular de Proteção ao Vôo,,,MD33-M-02
UCS,Unidade Celular de Saúde,,Unidade Celular de Saúde,,,MD33-M-02
UCSD,Unidade Celular de Segurança e Defesa,,Unidade Celular de Segurança e Defesa,,,MD33-M-02
UCSM,Unidade Celular de Suprimento e Manutenção,,Unidade Celular de Suprimento e Manutenção,,,MD33-M-02
U Ap Dbq,Unidade de Apoio ao Desembarque,,Unidade de Apoio ao Desembarque,,,MD33-M-02
UAL,Unidade de Apoio Logístico,,Unidade de Apoio Logístico,,,MD33-M-02
UAA Ae,Unidade de Artilharia Antiaérea,,Unidade de Artilharia Antiaérea,,,MD33-M-02
UAD,Unidade de Autodefesa,,Unidade de Autodefesa,,,MD33-M-02
CBU,Unidade de Bombas em Cacho (Cluster Bombs Unit),,Unidade de Bombas em Cacho (Cluster Bombs Unit),,,MD33-M-02
UBA,Unidade de Busca e Ataque,,Unidade de Busca e Ataque,,,MD33-M-02
UCP,Unidade de Comando de Praia,,Unidade de Comando de Praia,,,MD33-M-02
UC Anf,Unidade de Comandos Anfíbios,,Unidade de Comandos Anfíbios,,,MD33-M-02
UCM,Unidade de Construção de Manutenção,,Unidade de Construção de Manutenção,,,MD33-M-02
U Emb,Unidade de Embarque ou de Embarcações,,Unidade de Embarque ou de Embarcações,,,MD33-M-02
UE,Unidade de Exercício,,Unidade de Exercício,,,MD33-M-02
UF,Unidade de Fogo,,Unidade de Fogo,,,MD33-M-02
GPU,Unidade de Força de Emprego no Solo (Ground Power Unit),,Unidade de Força de Emprego no Solo (Ground Power Unit),,,MD33-M-02
U Inf,Unidade de Infantaria,,Unidade de Infantaria,,,MD33-M-02
UIP,Unidade de Informação Primária,,Unidade de Informação Primária,,,MD33-M-02
UIS,Unidade de Informação Secundária,,Unidade de Informação Secundária,,,MD33-M-02
UMV ou HVU,Unidade de Maior Valor (High Value Unit),,Unidade de Maior Valor (High Value Unit),,,MD33-M-02
UM,Unidade de Marcha,,Unidade de Marcha,,,MD33-M-02
U Pol Esp,Unidade de Polícia Especial,,Unidade de Polícia Especial,,,MD33-M-02
UPD,Unidade de Processamento de Dados,,Unidade de Processamento de Dados,,,MD33-M-02
UPV,Unidade de Proteção ao Vôo,,Unidade de Proteção ao Vôo,,,MD33-M-02
UT,Unidade de Telecomunicações,,Unidade de Telecomunicações,,,MD33-M-02
U Tir,Unidade de Tiro,,Unidade de Tiro,,,MD33-M-02
UV,Unidade de Vigilância,,Unidade de Vigilância,,,MD33-M-02
UVT,Unidade de Vigilância Transportável,,Unidade de Vigilância Transportável,,,MD33-M-02
UG,Unidade Gestora,,Unidade Gestora,,,MD33-M-02
U Org,Unidade Organizacional,,Unidade Organizacional,,,MD33-M-02
U Pg,Unidade Pagadora,,Unidade Pagadora,,,MD33-M-02
U Pamil,Unidade Paramilitar,,Unidade Paramilitar,,,MD33-M-02
UT,Unidade Tarefa,,Unidade Tarefa,,,MD33-M-02
U Loc,Unidades Locais,,Unidades Locais,,,MD33-M-02
Unf,Uniformizar,Uniforme;Uniformidade,"Uniformizar, Uniforme, Uniformidade",,,MD33-M-02
Urb,Urbana,Urbanizar;Urbanização,"Urbana, Urbanizar, Urbanização",,,MD33-M-02
Urg,Urgência,Urgente,"Urgência, Urgente (U)",U,,MD33-M-02
Us,Usinagem,Usinar;Usineiro,"Usinagem, Usinar, Usineiro",,,MD33-M-02
Ut,Utilizar,Útil;Utilizável;Utilidade;Utilização,"Utilizar, Útil, Utilizável, Utilidade, Utilização",,,MD33-M-02
VBP,Vaga de Botes Próprios,,Vaga de Botes Próprios,,,MD33-M-02
VR,Vaga de Retorno,,Vaga de Retorno,,,MD33-M-02
Vag,Vagão,,Vagão,,,MD33-M-02
Vald,Validade,Válido;Validar;Validez,"Validade, Válido, Validar, Validez",,,MD33-M-02
Vlv,Válvula,,Válvula,,,MD33-M-02
Vgd,Vanguarda,,Vanguarda,,,MD33-M-02
Vtg,Vantagem,,Vantagem,,,MD33-M-02
Vrv,Variável,,Variável,,,MD33-M-02
Var,Varredor,Varredura;Varrer,"Varredor, Varredura, Varrer",,,MD33-M-02
Veg,Vegetação,,Vegetação,,,MD33-M-02
Vegt,Vegetativa,,Vegetativa,,,MD33-M-02
Veic,Veicular,Veículo;Veiculação,"Veicular, Veículo (V), Veiculação",V,,MD33-M-02
VANT,Veículo Aéreo Não Tripulado,,Veículo Aéreo Não Tripulado,,,MD33-M-02
V Slv S,Veículo de Salvamento Submarino,,Veículo de Salvamento Submarino,,,MD33-M-02
VLS,Veículo Lançador de Satélites,,Veículo Lançador de Satélites,,,MD33-M-02
RPV,Veículo Pilotado Remotamente (Remtely Piloted Vehicle),,Veículo Pilotado Remotamente (Remtely Piloted Vehicle),,,MD33-M-02
VRO,Veículo Remotamente Operado,,Veículo Remotamente Operado,,,MD33-M-02
VSOR,Veículo Submarino de Operação Remota,,Veículo Submarino de Operação Remota,,,MD33-M-02
Vel,Velocidade,,Velocidade (V),V,,MD33-M-02
VPC,Velocidade a Plena Carga,,Velocidade a Plena Carga,,,MD33-M-02
VA,Velocidade Aerodinâmica,,Velocidade Aerodinâmica,,,MD33-M-02
VB,Velocidade Básica,,Velocidade Básica,,,MD33-M-02
VC,Velocidade Calibrada,,Velocidade Calibrada,,,MD33-M-02
Vel C,Velocidade de Cruzeiro,,Velocidade de Cruzeiro,,,MD33-M-02
VD,Velocidade de Descida/Mergulho,,Velocidade de Descida/Mergulho,,,MD33-M-02
Vel M,Velocidade de Marcha,,Velocidade de Marcha,,,MD33-M-02
VMR,Velocidade de Movimento Relativo,,Velocidade de Movimento Relativo,,,MD33-M-02
V Obj,Velocidade de Objetivo,,Velocidade de Objetivo,,,MD33-M-02
V Pa,Velocidade de Patrulha,,Velocidade de Patrulha,,,MD33-M-02
V Econ,Velocidade Econômica,,Velocidade Econômica,,,MD33-M-02
V Econ Imrs,Velocidade Econômica em Imersão,,Velocidade Econômica em Imersão,,,MD33-M-02
VI,Velocidade Indicada,,Velocidade Indicada,,,MD33-M-02
VM,Velocidade Máxima,,Velocidade Máxima,,,MD33-M-02
VMI,Velocidade Máxima em Imersão,,Velocidade Máxima em Imersão,,,MD33-M-02
VME,Velocidade Máxima Esnorquel,,Velocidade Máxima Esnorquel,,,MD33-M-02
VMM,Velocidade Máxima Mantida,,Velocidade Máxima Mantida,,,MD33-M-02
VOF,Velocidade no Objetivo Fictício,,Velocidade no Objetivo Fictício,,,MD33-M-02
VS,Velocidade no Solo,,Velocidade no Solo,,,MD33-M-02
VNE,Velocidade Nunca a Exceder,,Velocidade Nunca a Exceder,,,MD33-M-02
VP,Velocidade Padrão,,Velocidade Padrão,,,MD33-M-02
Venc,Vencimento,Vencer;Vencedor,"Vencimento, Vencer, Vencedor",,,MD33-M-02
FMS,Vendas Militares no Exterior (Foreign Military Sales),,Vendas Militares no Exterior (Foreign Military Sales),,,MD33-M-02
Ven,Vento,,Vento (V),V,,MD33-M-02
VD,Vento Direção,,Vento Direção,,,MD33-M-02
VV,Vento Velocidade,,Vento Velocidade,,,MD33-M-02
V,Verdadeira,,Verdadeira,,sim,MD33-M-02
Vd,Verde,,Verde,,,MD33-M-02
Ver E,Verificação de Estudo,,Verificação de Estudo,,,MD33-M-02
V Esp,Verificação Especial,,Verificação Especial,,,MD33-M-02
Ver,Verificar,Verificação;Verificador;Verificável,"Verificar, Verificação (V), Verificador, Verificável",V,,MD33-M-02
Vm,Vermelha,,Vermelha,,,MD33-M-02
Vtc,Vertical,,Vertical (V),V,,MD33-M-02
Vtg,Vestígio,,Vestígio,,,MD33-M-02
Vet,Veterinária,,Veterinária,,,MD33-M-02
Vetr,Vetorar,Vetoração,"Vetorar, Vetoração",,,MD33-M-02
VA,Via de Acesso,,Via de Acesso,,,MD33-M-02
Via M,Via Marítima,,Via Marítima,,,MD33-M-02
Viabl,Viabilizar,Viabilidade,"Viabilizar, Viabilidade",,,MD33-M-02
Vgm,Viagem,,Viagem (V),V,,MD33-M-02
V Aq I,Vias Aquáticas Interiores,,Vias Aquáticas Interiores,,,MD33-M-02
Vtr,Viatura,,Viatura (V),V,,MD33-M-02
VB,Viatura Blindada,,Viatura Blindada,,,MD33-M-02
VBC,Viatura Blindada de Combate,,Viatura Blindada de Combate,,,MD33-M-02
VBC A Ae,Viatura Blindada de Combate Antiaéreo,,Viatura Blindada de Combate Antiaéreo,,,MD33-M-02
VBC A C,Viatura Blindada de Combate Anticarro,,Viatura Blindada de Combate Anticarro,,,MD33-M-02
VBC Can A P,Viatura Blindada de Combate Canhão Autopropulsada,,Viatura Blindada de Combate Canhão Autopropulsada,,,MD33-M-02
VBCCC,Viatura Blindada de Combate Carro de Combate,,Viatura Blindada de Combate Carro de Combate,,,MD33-M-02
VBC Eng,Viatura Blindada de Combate de Engenharia,,Viatura Blindada de Combate de Engenharia,,,MD33-M-02
VBC Fuz,Viatura Blindada de Combate de Fuzileiros,,Viatura Blindada de Combate de Fuzileiros,,,MD33-M-02
VBCL Fgt,Viatura Blindada de Combate Lança-foguete,,Viatura Blindada de Combate Lança-foguete,,,MD33-M-02
VBCL Msl,Viatura Blindada de Combate Lança-mísseis,,Viatura Blindada de Combate Lança-mísseis,,,MD33-M-02
VBC Mrt,Viatura Blindada de Combate Morteiro,,Viatura Blindada de Combate Morteiro,,,MD33-M-02
VBCOAP,Viatura Blindada de Combate Obus Autopropulsada,,Viatura Blindada de Combate Obus Autopropulsada,,,MD33-M-02
VB Lag,Viatura Blindada de Lagartas,,Viatura Blindada de Lagartas,,,MD33-M-02
VB M Lag,Viatura Blindada de Meia-lagarta,,Viatura Blindada de Meia-lagarta,,,MD33-M-02
VBR,Viatura Blindada de Reconhecimento,,Viatura Blindada de Reconhecimento,,,MD33-M-02
VB Rd,Viatura Blindada de Rodas,,Viatura Blindada de Rodas,,,MD33-M-02
VBT,Viatura Blindada de Transporte,,Viatura Blindada de Transporte,,,MD33-M-02
VBTP,Viatura Blindada de Transporte de Pessoal,,Viatura Blindada de Transporte de Pessoal,,,MD33-M-02
VBE,Viatura Blindada Especial,,Viatura Blindada Especial,,,MD33-M-02
VBECDT,Viatura Blindada Especial de Central de Direção de Tiro,,Viatura Blindada Especial de Central de Direção de Tiro,,,MD33-M-02
VBE Com,Viatura Blindada Especial de Comunicações,,Viatura Blindada Especial de Comunicações,,,MD33-M-02
VBEPC,Viatura Blindada Especial de Posto de Comando,,Viatura Blindada Especial de Posto de Comando,,,MD33-M-02
VBEDQBN,"Viatura Blindada Especial Defesa Química, Biológica e Nuclear",,"Viatura Blindada Especial Defesa Química, Biológica e Nuclear",,,MD33-M-02
VBEL Pnt,Viatura Blindada Especial Lança-ponte,,Viatura Blindada Especial Lança-ponte,,,MD33-M-02
VBE Rdr,Viatura Blindada Especial Radar,,Viatura Blindada Especial Radar,,,MD33-M-02
VBE Soc,Viatura Blindada Especial Socorro,,Viatura Blindada Especial Socorro,,,MD33-M-02
VBTE,Viatura Blindada Transporte Especializado,,Viatura Blindada Transporte Especializado,,,MD33-M-02
VBTE Amb,Viatura Blindada Transporte Especializado Ambulância,,Viatura Blindada Transporte Especializado Ambulância,,,MD33-M-02
VBTE Remn,Viatura Blindada Transporte Especializado Remuniciadora,,Viatura Blindada Transporte Especializado Remuniciadora,,,MD33-M-02
VBTNE,Viatura Blindada Transporte Não Especializado,,Viatura Blindada Transporte Não Especializado,,,MD33-M-02
VCEMD,Vice-Chefe do Estado-Maior de Defesa,,Vice-Chefe do Estado-Maior de Defesa,,,MD33-M-02
V Ch,Vice-chefe,Vice-chefia,"Vice-chefe, Vice-chefia",,,MD33-M-02
VU,Vida Útil,,Vida Útil,,,MD33-M-02
Vig,Vigiar,Vigilância;Vigia;Vigilante,"Vigiar, Vigilância, Vigia (V), Vigilante",V,,MD33-M-02
VEA,Vigilância do Espaço Aéreo,,Vigilância do Espaço Aéreo,,,MD33-M-02
Vgr,Vigorar,Vigência;Vigor,"Vigorar, Vigência, Vigor",,,MD33-M-02
Vln,Violência,Violento;Violentar,"Violência, Violento, Violentar",,,MD33-M-02
Vio,Violeta,,Violeta,,,MD33-M-02
Vg,Vírgula,,Vírgula,,,MD33-M-02
Vtd,Virtude,,Virtude,,,MD33-M-02
Vsda,Visada,,Visada,,,MD33-M-02
VE,Visibilidade Eficaz,,Visibilidade Eficaz,,,MD33-M-02
VAT,Visita de Assistência Técnica,,Visita de Assistência Técnica,,,MD33-M-02
Vi,Visita,Visitar;Visitação,"Visita, Visitar, Visitação",,,MD33-M-02
HUD,Visor Eletroóptico (Head-up Display),,Visor Eletroóptico (Head-up Display),,,MD33-M-02
VSA,Vistoria de Segurança de Aviação,,Vistoria de Segurança de Aviação,,,MD33-M-02
VSV,Vistoria de Segurança de Vôo,,Vistoria de Segurança de Vôo,,,MD33-M-02
Vist,Vistoriar,Vistoria;Vistoriador,"Vistoriar, Vistoria (V), Vistoriador",V,,MD33-M-02
Vis,Visualizar,Visibilidade;Visual;Visível,"Visualizar, Visibilidade, Visual, Visível",,,MD33-M-02
Vit,Vital,Vitalidade,"Vital, Vitalidade",,,MD33-M-02
Viv,Víveres,,Víveres,,,MD33-M-02
Viz,Vizinho,Vizinhança,"Vizinho, Vizinhança",,,MD33-M-02
Vte,Volante,,Volante,,,MD33-M-02
Volt,Voltagem,,Voltagem,,,MD33-M-02
Vol,Volume,,Volume,,,MD33-M-02
VAB,Volume de Aproximação de Base,,Volume de Aproximação de Base,,,MD33-M-02
VOP,Volume de Operações Prioritárias,,Volume de Operações Prioritárias,,,MD33-M-02
VRDA Ae,Volume de Responsabilidade de Defesa Antiaérea,,Volume de Responsabilidade de Defesa Antiaérea,,,MD33-M-02
Voltr,Voluntário,,Voluntário,,,MD33-M-02
V,Vôo,,Vôo,,sim,MD33-M-02
VCOM,Vôo de Circulação Operacional Militar,,Vôo de Circulação Operacional Militar,,,MD33-M-02
VE,Vulnerabilidade Estratégica,,Vulnerabilidade Estratégica,,,MD33-M-02
Vul,Vulnerabilidade,Vulnerável;Vulnerar,"Vulnerabilidade, Vulnerável, Vulnerar",,,MD33-M-02
Xz,Xadrez,,Xadrez,,,MD33-M-02
Z,Zona,,Zona,,sim,MD33-M-02
ZA,Zona de Ação Z Aç Zona de Administração,,Zona de Ação Z Aç Zona de Administração,,,MD33-M-02
Z Alr,Zona de Alerta,,Zona de Alerta,,,MD33-M-02
ZAI,Zona de Alerta Imediato,,Zona de Alerta Imediato,,,MD33-M-02
ZA Bb,Zona de Alijamento de Bombas,,Zona de Alijamento de Bombas,,,MD33-M-02
ZAF,Zona de Aplicação de Fogos,,Zona de Aplicação de Fogos,,,MD33-M-02
Z Ater,Zona de Aterragem,,Zona de Aterragem,,,MD33-M-02
ZC,Zona de Combate,,Zona de Combate,,,MD33-M-02
ZCR,Zona de Continuidade de Rastreamento,,Zona de Continuidade de Rastreamento,,,MD33-M-02
CTR,Zona de Controle (Control Zone),,Zona de Controle (Control Zone),,,MD33-M-02
ATZ,Zona de Controle de Aeródromo (Airdrome Terminal Zone),,Zona de Controle de Aeródromo (Airdrome Terminal Zone),,,MD33-M-02
Z Cnvg,Zona de Convergência,,Zona de Convergência,,,MD33-M-02
ITCZ,Zona de Convergência Intertropical (Intertropical Convergence Zone),,Zona de Convergência Intertropical (Intertropical Convergence Zone),,,MD33-M-02
ZD,Zona de Defesa,,Zona de Defesa,,,MD33-M-02
ZDI,Zona de Defesa Interna,,Zona de Defesa Interna,,,MD33-M-02
Z Dbq,Zona de Desembarque,,Zona de Desembarque,,,MD33-M-02
Z Estac,Zona de Estacionamento,,Zona de Estacionamento,,,MD33-M-02
ZE,Zona de Exclusão,,Zona de Exclusão,,,MD33-M-02
ZF,Zona de Fogos,,Zona de Fogos,,,MD33-M-02
ZIDA,Zona de Identificação de Defesa Aeroespacial,,Zona de Identificação de Defesa Aeroespacial,,,MD33-M-02
Zl,Zona de Interior,,Zona de Interior,,,MD33-M-02
ZL,Zona de Lançamento,,Zona de Lançamento,,,MD33-M-02
Z Mob,Zona de Mobilização,,Zona de Mobilização,,,MD33-M-02
Z Obt,Zona de Obstáculos,,Zona de Obstáculos,,,MD33-M-02
ZPT,Zona de Perigo Torpédico,,Zona de Perigo Torpédico,,,MD33-M-02
ZPVB,Zona de Perigo Vento Baixo,,Zona de Perigo Vento Baixo,,,MD33-M-02
ZP,Zona de Pouso,,Zona de Pouso,,,MD33-M-02
ZPH,Zona de Pouso de Helicópteros,,Zona de Pouso de Helicópteros,,,MD33-M-02
Z Ragpt,Zona de Reagrupamento,,Zona de Reagrupamento,,,MD33-M-02
ZR,Zona de Responsabilidade,,Zona de Responsabilidade,,,MD33-M-02
ZRO,Zona de Responsabilidade Operacional,,Zona de Responsabilidade Operacional,,,MD33-M-02
ZRT,Zona de Responsabilidade Tática,,Zona de Responsabilidade Tática,,,MD33-M-02
Z Rtgd,Zona de Retaguarda,,Zona de Retaguarda,,,MD33-M-02
Z Reu,Zona de Reunião,,Zona de Reunião,,,MD33-M-02
ZSI,Zona de Segurança Integrada,,Zona de Segurança Integrada,,,MD33-M-02
ZVP,Zona de Vôo Proibido,,Zona de Vôo Proibido,,,MD33-M-02
Z Lib,Zona Liberada,,Zona Liberada,,,MD33-M-02
ZNP,Zona Não Protegida,,Zona Não Protegida,,,MD33-M-02
ZNPP,Zona Não Protegida Primária,,Zona Não Protegida Primária,,,MD33-M-02
Z Ptg,Zona Protegida,,Zona Protegida,,,MD33-M-02
